file	extension	original_path	relative_path	bytes	sha256	magic_hex	wad_hash	resolved_game_path	purpose	relevance	referenced_by
Aventurine-3.1.5.zip	.zip	C:\Users\etqdo\Downloads\Clash Braum project\Aventurine-3.1.5.zip	Aventurine-3.1.5.zip	465077	acc51c88446767d2481314781451ee5b3a6a759125fab6be6d30a90a22ad320d	504b03040a0000000000f269f85c0000			Addon distribution	source/tool/reference	
Braum.en_US.wad.client	.client	C:\Users\etqdo\Downloads\Clash Braum project\Braum.en_US.wad.client	Braum.en_US.wad.client	5237821	7adaa269c1a5632b53ef9013c2813dac4f71719c744787e93de1033db22f1700	525703049b5d46e1cf6c5aa2b1c5d017			WAD archive	source/tool/reference	
CHR_Clash.rar	.rar	C:\Users\etqdo\Downloads\Clash Braum project\CHR_Clash.rar	CHR_Clash.rar	47873174	1c9deb13f3150a4576fd7e9aa68cddc577da2a13050612dd6a4c851ea11d730b	526172211a0701001d3b63fa0d010509			Clash source archive	source/tool/reference	
clash new.avif	.avif	C:\Users\etqdo\Downloads\Clash Braum project\clash new.avif	clash new.avif	45272	9141663ef6983162081086afe12c908f0233cca3ec1cbd4ce0d782b3e338e3be	0000001c667479706176696600000000			Visual reference	source/tool/reference	
clash old.jpg	.jpg	C:\Users\etqdo\Downloads\Clash Braum project\clash old.jpg	clash old.jpg	1107281	0341061da25c853014884c7a4bca2612f2513a0fcb5d202b0966a96cb7c30cb3	89504e470d0a1a0a0000000d49484452			Visual reference	source/tool/reference	
Rework_Clash_Shield.blend	.blend	C:\Users\etqdo\Downloads\Clash Braum project\Rework_Clash_Shield.blend	Rework_Clash_Shield.blend	5335807	c4d336358b3c884a2616d6234bb0cf85fa9684441d50e7c34e5814c73b962a07	28b52ffd60f4896dd500dafeb83550c0			Blender source scene	source/tool/reference	
009c4eea213a366a.tex	.tex	C:\Users\etqdo\Downloads\Clash Braum project\Braum.wad\009c4eea213a366a.tex	Braum.wad/009c4eea213a366a.tex	87420	6e82405ef059f83bece4d482fae15d254928913443cfcf470357b6e9be8e7205	5445580000010001010c00013b3b0000	009c4eea213a366a	assets/characters/braum/skins/skin10/particles/braum_base_r_frozen_ground.tex	League texture	other skin/shared; see reference graph	2dc39c165f3aa923.bin
00ca1c1a16d5c50d.tex	.tex	C:\Users\etqdo\Downloads\Clash Braum project\Braum.wad\00ca1c1a16d5c50d.tex	Braum.wad/00ca1c1a16d5c50d.tex	87420	0976c09543b07b12fedbaad697c1bb82885289b48c16ba6428d5fa0ad9e54b1d	5445580000010001010c000135350000	00ca1c1a16d5c50d	assets/characters/braum/skins/skin51/particles/braum_skin51_ball32_02.tex	League texture	other skin/shared; see reference graph	7a1193b055eb059a.bin
00f993b02d0737e3.tex	.tex	C:\Users\etqdo\Downloads\Clash Braum project\Braum.wad\00f993b02d0737e3.tex	Braum.wad/00f993b02d0737e3.tex	87452	436d72abb105b5773d12df10a09482183ebab7ee16431ec0ebe04d102b9e4aae	5445580000028000010c00011e1e0000	00f993b02d0737e3	assets/characters/braum/skins/skin11/particles/braum_skin11_r_hit_orbit_tar.tex	League texture	other skin/shared; see reference graph	2974de4048ee048b.bin
010ee92ce76f9e91.tex	.tex	C:\Users\etqdo\Downloads\Clash Braum project\Braum.wad\010ee92ce76f9e91.tex	Braum.wad/010ee92ce76f9e91.tex	21884	a04c45b1972161acd4d3003266daa2e0f8cca18515f98a8933246c4ecd971cbb	5445580080008000010c00014c4c0000	010ee92ce76f9e91	assets/characters/braum/skins/base/particles/braum_base_p_stun_ground_mult.tex	League texture	base or shared candidate	2dc39c165f3aa923.bin
01127e15b30b709e.tex	.tex	C:\Users\etqdo\Downloads\Clash Braum project\Braum.wad\01127e15b30b709e.tex	Braum.wad/01127e15b30b709e.tex	10948	a0a8487833f778208939294cb15fe2d452574cc047d47abf39623b9872f48ac6	5445580080008000010a000182108110	01127e15b30b709e	assets/characters/braum/skins/skin51/particles/braum_base_target_hit_beams_4x1.tex	League texture	other skin/shared; see reference graph	7a1193b055eb059a.bin
0119070f7106d25a.tex	.tex	C:\Users\etqdo\Downloads\Clash Braum project\Braum.wad\0119070f7106d25a.tex	Braum.wad/0119070f7106d25a.tex	349564	3fd994be1a9ca5ead0fcbfa2d0aa46671db40744c7a7b49c5c31a5c0f988e8ae	5445580000020002010c0001fbfb0000	0119070f7106d25a	assets/characters/braum/skins/skin34/braum_skin34_crab_tx_cm.tex	League texture	other skin/shared; see reference graph	ff9b3266cfca2ba6.bin
01650bbb22feba4c.tex	.tex	C:\Users\etqdo\Downloads\Clash Braum project\Braum.wad\01650bbb22feba4c.tex	Braum.wad/01650bbb22feba4c.tex	5500	a4716fec0c1cf216da15407c8561ed5517b5a80824f1cf8a939f458c53164ed6	5445580040004000010c0001b3b30000	01650bbb22feba4c	assets/characters/braum/skins/skin33/particles/braum_skin33_q_ramp_shard_rgba.tex	League texture	other skin/shared; see reference graph	25c2b1d3f80a7166.bin;399a7a520477b139.bin;3a207b8680fc4f78.bin;4af4d37cc3da7630.bin;775c4474dbe4b86c.bin;cf092c39484cec07.bin;f2aa871abddf9427.bin;f5df8e88540921e0.bin;ff9b3266cfca2ba6.bin
016a8e341c996231.tex	.tex	C:\Users\etqdo\Downloads\Clash Braum project\Braum.wad\016a8e341c996231.tex	Braum.wad/016a8e341c996231.tex	699100	b98ba2d13d6f333a40917da56252b95e9005c5827102edc5c3759d14211e039b	5445580000040002010c0001c9c90000	016a8e341c996231	assets/characters/braum/skins/skin03/particles/braum_skin03_e_shield_override.tex	League texture	other skin/shared; see reference graph	03e78a116663752e.bin
0184c74673518f39.skl	.skl	C:\Users\etqdo\Downloads\Clash Braum project\Braum.wad\0184c74673518f39.skl	Braum.wad/0184c74673518f39.skl	304	96e0b911c6fbcacb9901cd7c0d3f61611121746dd80296e38bbb187ca40ed437	30010000c34ffd220000000000000200	0184c74673518f39	assets/characters/braum/skins/skin24/particles/braum_skin24_r_cake_shard_03.skl	Skeleton, bind transforms and influence palette	other skin/shared; see reference graph	3f6a40609700ee85.bin;88b5dd6dc0e099bd.bin;8cf62c85e1e2e7f9.bin;992d3c62ff62964c.bin;a582cf4ad353f261.bin;b30d6dd1b38ee53c.bin;c5c66176cca69ad3.bin;caacae9cc35f0267.bin;d3dbd3f84a5b8600.bin
01a79b9e0cbb70cf.tex	.tex	C:\Users\etqdo\Downloads\Clash Braum project\Braum.wad\01a79b9e0cbb70cf.tex	Braum.wad/01a79b9e0cbb70cf.tex	43716	ff9e62b7196ea41b75271a8b313b04d428eb7a27b7c5ec383fb56262641c6264	5445580000010001010a000124212529	01a79b9e0cbb70cf	assets/characters/braum/skins/skin11/particles/braum_skin11_q_fire_swirl.tex	League texture	other skin/shared; see reference graph	23b85b75eb659166.bin;2974de4048ee048b.bin;36b00af025f54940.bin;42ee6bdbfc9d170b.bin;4fe453abcf9c5181.bin;a44281cd843a8348.bin;bb8b47c7d87589f7.bin;d8a52eb470baa538.bin;e1dfd1a549890037.bin;ed7ecf9170cfaaf8.bin
01cfa5f10b46f0a8.anm	.anm	C:\Users\etqdo\Downloads\Clash Braum project\Braum.wad\01cfa5f10b46f0a8.anm	Braum.wad/01cfa5f10b46f0a8.anm	67266	e44e6782628f5802c59200c37a438c418d3401f42b6cd4c0aae90e10f8af272b	7233643263616e6d01000000b6060100	01cfa5f10b46f0a8	assets/characters/braum/skins/skin11/animations/braum_skin11_spell3_punch-135.anm	Animation tracks	other skin/shared; see reference graph	e43dcf714c8a2a42.bin
01e11a2a0bcfcfe9.tex	.tex	C:\Users\etqdo\Downloads\Clash Braum project\Braum.wad\01e11a2a0bcfcfe9.tex	Braum.wad/01e11a2a0bcfcfe9.tex	43716	1dea5e39b9dbf9d43fa1d6de7025832decad2fc04559dd3c0b6ce90171a0cef5	5445580000010001010a000182100000	01e11a2a0bcfcfe9	assets/characters/braum/skins/skin51/particles/braum_skin51_e_shield_inchant_flash02.tex	League texture	other skin/shared; see reference graph	7a1193b055eb059a.bin
01e64517b55e2695.tex	.tex	C:\Users\etqdo\Downloads\Clash Braum project\Braum.wad\01e64517b55e2695.tex	Braum.wad/01e64517b55e2695.tex	21916	17686567eb0bc92faff294aff2c41c2729ad80e30ecc4a42a215a20c1e64a8b8	5445580000014000010c00011e1e0000	01e64517b55e2695	assets/characters/braum/skins/skin51/particles/braum_skin51_r_hit_orbit_tar.tex	League texture	other skin/shared; see reference graph	7a1193b055eb059a.bin
01feefb67666ef62.tex	.tex	C:\Users\etqdo\Downloads\Clash Braum project\Braum.wad\01feefb67666ef62.tex	Braum.wad/01feefb67666ef62.tex	21884	d84d32d7dae9670c7020aaa52c101594a9cb5a0412662dbd6feeefa047592acc	5445580080008000010c00011e1e0000	01feefb67666ef62	assets/characters/braum/skins/skin10/particles/braum_base_p_cooldowntimer.tex	League texture	other skin/shared; see reference graph	b8bd8d39ea1d1810.bin
0208e882507e2348.tex	.tex	C:\Users\etqdo\Downloads\Clash Braum project\Braum.wad\0208e882507e2348.tex	Braum.wad/0208e882507e2348.tex	5500	d502c1c112180e1886c304bfb0bb4330bbe4159a688799e756f82e830696f548	5445580040004000010c0001ffff0000	0208e882507e2348	assets/characters/braum/skins/skin51/particles/braum_skin51_r_smokeerode.tex	League texture	other skin/shared; see reference graph	07f65b37fb75e834.bin;08e5b232f3994eee.bin;3079df1f381a87bc.bin;6c66319ffa4bb738.bin;6d6176ab099f3064.bin;70c57eae58af6c94.bin;7a1193b055eb059a.bin;7ca837cacce9639a.bin;b511ce2cc52d55a4.bin;d01bf01d5611bc53.bin;d56c87aaf7fac0ee.bin
0209ebd5ec6e0c9d.tex	.tex	C:\Users\etqdo\Downloads\Clash Braum project\Braum.wad\0209ebd5ec6e0c9d.tex	Braum.wad/0209ebd5ec6e0c9d.tex	87420	65e31e186fd2bd720781e3f4aed60b5fa17860f0f82088408d31d6c0e8aa9af4	5445580000010001010c00011c1c0000	0209ebd5ec6e0c9d	assets/characters/braum/skins/skin51/particles/braum_skin51_ba_distort_tar.tex	League texture	other skin/shared; see reference graph	7a1193b055eb059a.bin
02250d0a74e08a42.anm	.anm	C:\Users\etqdo\Downloads\Clash Braum project\Braum.wad\02250d0a74e08a42.anm	Braum.wad/02250d0a74e08a42.anm	22850	e4e5f7f43e784b764558cbd93f69e8e70d0e29ab0722dd5c71309b7070dd012c	72336432616e6d640500000036590000	02250d0a74e08a42	assets/characters/braum/skins/base/animations/braum_spell1.anm	Animation tracks	base or shared candidate	0b01eaec2c944f55.bin;57bea13d59e2af1a.bin;5e21202a9a0cef1a.bin;6c0cf3da2d377385.bin;72028fe917890575.bin;aa0aa8a7dd53a131.bin;d0fe19959c26552d.bin;de78a7f6bf5c9803.bin;e43dcf714c8a2a42.bin
0250f9835c595ea5.tex	.tex	C:\Users\etqdo\Downloads\Clash Braum project\Braum.wad\0250f9835c595ea5.tex	Braum.wad/0250f9835c595ea5.tex	2796228	3694a6b3a9215975d58579b7841995131a2ed7aa576e1ff98a7f478462bbf21c	5445580000080008010a0001686a8659	0250f9835c595ea5		League texture	other skin/shared; see reference graph	
025185223df531f0.tex	.tex	C:\Users\etqdo\Downloads\Clash Braum project\Braum.wad\025185223df531f0.tex	Braum.wad/025185223df531f0.tex	43716	a91ff068884c2f59bbb28ec857454bd6d1585618848886acbc92645218b0cafe	5445580000010001010a000120002108	025185223df531f0	assets/characters/braum/skins/skin33/particles/braum_skin33_recall_lighton_mask.tex	League texture	other skin/shared; see reference graph	ac2d2bd054d44f09.bin
0253bea1559988bd.tex	.tex	C:\Users\etqdo\Downloads\Clash Braum project\Braum.wad\0253bea1559988bd.tex	Braum.wad/0253bea1559988bd.tex	87420	46cde169d75085049953e83ca6cb06c31beba9d30315acf0024fb7625045427a	5445580000010001010c00014d4d0000	0253bea1559988bd	assets/characters/braum/skins/skin33/particles/jarvan_skin33_texture_recall_sand_8.tex	League texture	other skin/shared; see reference graph	25c2b1d3f80a7166.bin;399a7a520477b139.bin;3a207b8680fc4f78.bin;4af4d37cc3da7630.bin;775c4474dbe4b86c.bin;cf092c39484cec07.bin;f2aa871abddf9427.bin;f5df8e88540921e0.bin;ff9b3266cfca2ba6.bin
027780679f40d081.tex	.tex	C:\Users\etqdo\Downloads\Clash Braum project\Braum.wad\027780679f40d081.tex	Braum.wad/027780679f40d081.tex	87420	3cc9f92e2a8e3f6966eba319923450a597937f7e18448c7d0c50350ff3fe6ac0	5445580000010001010c000169690000	027780679f40d081	assets/characters/braum/skins/skin11/particles/braum_skin11_r_groundcrack.tex	League texture	other skin/shared; see reference graph	2974de4048ee048b.bin
02ab7e4623adf97e.bin	.bin	C:\Users\etqdo\Downloads\Clash Braum project\Braum.wad\02ab7e4623adf97e.bin	Braum.wad/02ab7e4623adf97e.bin	265362	f8ccd705773cef59e965bb60fb76842502996e6a78cc041eb564336970456ad8	50524f50030000000000000032000000	02ab7e4623adf97e	data/characters/braum/braum_multi_skins_skin24_skins_skin25_skins_skin26_skins_skin27_skins_skin28_skins_skin29_skins_skin30_skins_skin31_skins_skin32.bin	Property configuration and asset links	other skin/shared; see reference graph	3f6a40609700ee85.bin;88b5dd6dc0e099bd.bin;8cf62c85e1e2e7f9.bin;992d3c62ff62964c.bin;a582cf4ad353f261.bin;b30d6dd1b38ee53c.bin;c5c66176cca69ad3.bin;caacae9cc35f0267.bin;d3dbd3f84a5b8600.bin
02d06d3767c0afe3.tex	.tex	C:\Users\etqdo\Downloads\Clash Braum project\Braum.wad\02d06d3767c0afe3.tex	Braum.wad/02d06d3767c0afe3.tex	43740	63b0f68b25ef5c5c2bd25eca82fd043cb994b2820cff9836966cab2efd6d2146	5445580000018000010c000136360000	02d06d3767c0afe3	assets/characters/braum/skins/skin01/particles/braum_skin01_r_hit_tar.tex	League texture	other skin/shared; see reference graph	fca448d5ff3861b5.bin
0354b42a27342419.tex	.tex	C:\Users\etqdo\Downloads\Clash Braum project\Braum.wad\0354b42a27342419.tex	Braum.wad/0354b42a27342419.tex	21884	5e89d16d1ad75d20bc16dd7b18a76c459e4e6809b0a4500b95323e9a2d366388	5445580080008000010c0001ffff0000	0354b42a27342419	assets/characters/braum/skins/skin40/particles/braum_skin40_r_fish.tex	League texture	other skin/shared; see reference graph	775c4474dbe4b86c.bin
03be41b6470e88ac.tex	.tex	C:\Users\etqdo\Downloads\Clash Braum project\Braum.wad\03be41b6470e88ac.tex	Braum.wad/03be41b6470e88ac.tex	349556	f8b343e91e27f8934c64537c480625e0cd3f01b8a4875734bcae09f1feabd624	5445580000040002010a00016aa30684	03be41b6470e88ac	assets/characters/braum/skins/skin28/braum_skin28_tx_cm.tex	League texture	other skin/shared; see reference graph	88b5dd6dc0e099bd.bin
03e6ec6076033381.tex	.tex	C:\Users\etqdo\Downloads\Clash Braum project\Braum.wad\03e6ec6076033381.tex	Braum.wad/03e6ec6076033381.tex	174788	ec4340e7f575c5ca085960741ad01429226d6f9a9c08441113dc7638e0471963	5445580000020002010a0001885a8b72	03e6ec6076033381	assets/characters/braum/skins/skin38/braum_skin38_coconut_tx_cm.tex	League texture	other skin/shared; see reference graph	f2aa871abddf9427.bin
03e78a116663752e.bin	.bin	C:\Users\etqdo\Downloads\Clash Braum project\Braum.wad\03e78a116663752e.bin	Braum.wad/03e78a116663752e.bin	33965	4f6ab30d9dac99ef29d9aaf397d86d7ff7eb7771a41baabaff553dbbeb71f18f	50524f50030000000e0000003f034441	03e78a116663752e	data/characters/braum/skins/skin3.bin	Property configuration and asset links	other skin/shared; see reference graph	
03ed2233eadf4190.anm	.anm	C:\Users\etqdo\Downloads\Clash Braum project\Braum.wad\03ed2233eadf4190.anm	Braum.wad/03ed2233eadf4190.anm	63872	3005afc6b2254c77bf6cd429080802bd1a75dfe31eab5db39490c6c2c9c6e627	72336432616e6d640500000074f90000	03ed2233eadf4190	assets/characters/braum/skins/skin11/animations/braum_joke2_loop.anm	Animation tracks	other skin/shared; see reference graph	e43dcf714c8a2a42.bin
03eeeca61560070c.tex	.tex	C:\Users\etqdo\Downloads\Clash Braum project\Braum.wad\03eeeca61560070c.tex	Braum.wad/03eeeca61560070c.tex	10948	3e09eb6218b3b15409aa238c3f7ed77f2cb4674dd65e9a3c3fa857fa2b38efd6	5445580080008000010a000162106108	03eeeca61560070c	assets/characters/braum/skins/skin24/particles/braum_skin24_p_poro_mustache.tex	League texture	other skin/shared; see reference graph	02ab7e4623adf97e.bin
041eedd1f9acaf46.tex	.tex	C:\Users\etqdo\Downloads\Clash Braum project\Braum.wad\041eedd1f9acaf46.tex	Braum.wad/041eedd1f9acaf46.tex	87420	bd77b81146a669b9a1ee31a4f9a13ea91dadd1782b987dd04c068008f7f3d1db	5445580000010001010c000129290000	041eedd1f9acaf46	assets/characters/braum/skins/skin42/particles/braum_skin42_ba_trail01.tex	League texture	other skin/shared; see reference graph	ab5fbb4cdcdfb2ef.bin
044eb0a35992aec6.tex	.tex	C:\Users\etqdo\Downloads\Clash Braum project\Braum.wad\044eb0a35992aec6.tex	Braum.wad/044eb0a35992aec6.tex	87420	e95b9e9b7004be238e4de1976f14d5dcd06a42f72c58543f11b355b2049fde06	5445580000010001010c000124240000	044eb0a35992aec6	assets/characters/braum/skins/skin24/particles/braum_skin24_q_ground_dust.tex	League texture	other skin/shared; see reference graph	3f6a40609700ee85.bin;88b5dd6dc0e099bd.bin;8cf62c85e1e2e7f9.bin;992d3c62ff62964c.bin;a582cf4ad353f261.bin;b30d6dd1b38ee53c.bin;c5c66176cca69ad3.bin;caacae9cc35f0267.bin;d3dbd3f84a5b8600.bin
045c34105a9e68be.scb	.scb	C:\Users\etqdo\Downloads\Clash Braum project\Braum.wad\045c34105a9e68be.scb	Braum.wad/045c34105a9e68be.scb	8952	cf7a08462398f9001b1f48ad2b86d8c12f8f9c33c8106a4f91a39ede12de8968	723364324d6573680300020000000000	045c34105a9e68be	assets/characters/braum/skins/skin01/particles/braum_skin01_p_cooldowntimer.scb	Static mesh, commonly VFX geometry	other skin/shared; see reference graph	fca448d5ff3861b5.bin
045e0e49d7c780ac.tex	.tex	C:\Users\etqdo\Downloads\Clash Braum project\Braum.wad\045e0e49d7c780ac.tex	Braum.wad/045e0e49d7c780ac.tex	87420	86b8620820dba5eb219c2e31211ec206bd09d542ade6b39160bec8878f77b303	5445580000010001010c000157570000	045e0e49d7c780ac	assets/characters/braum/skins/skin42/particles/braum_skin42_r_oil02.tex	League texture	other skin/shared; see reference graph	ab5fbb4cdcdfb2ef.bin
04a1595ce9ba020a.scb	.scb	C:\Users\etqdo\Downloads\Clash Braum project\Braum.wad\04a1595ce9ba020a.scb	Braum.wad/04a1595ce9ba020a.scb	41204	9ec6cbd7af3e8ea01d43a458f19409136323049f83c12d56bf4e5e8f10ac8de4	723364324d6573680300020000000000	04a1595ce9ba020a	assets/characters/braum/skins/skin11/particles/braum_skin11_q_mis_goldbag.scb	Static mesh, commonly VFX geometry	other skin/shared; see reference graph	23b85b75eb659166.bin;36b00af025f54940.bin;42ee6bdbfc9d170b.bin;4fe453abcf9c5181.bin;a44281cd843a8348.bin;bb8b47c7d87589f7.bin;d8a52eb470baa538.bin;e1dfd1a549890037.bin;ed7ecf9170cfaaf8.bin
04c1824bee6a3593.tex	.tex	C:\Users\etqdo\Downloads\Clash Braum project\Braum.wad\04c1824bee6a3593.tex	Braum.wad/04c1824bee6a3593.tex	87452	ae63ad9da0de7afb9ea3aae4b39938ea92b1e454bb5ace4e5de7f8a38456d02a	5445580000028000010c000126260000	04c1824bee6a3593	assets/characters/braum/skins/skin51/particles/braum_skin51_ba_tar_flash_mesh_2x2.tex	League texture	other skin/shared; see reference graph	07f65b37fb75e834.bin;08e5b232f3994eee.bin;3079df1f381a87bc.bin;6c66319ffa4bb738.bin;6d6176ab099f3064.bin;70c57eae58af6c94.bin;7a1193b055eb059a.bin;7ca837cacce9639a.bin;b511ce2cc52d55a4.bin;d01bf01d5611bc53.bin;d56c87aaf7fac0ee.bin
04cbcd7ecab71c7d.tex	.tex	C:\Users\etqdo\Downloads\Clash Braum project\Braum.wad\04cbcd7ecab71c7d.tex	Braum.wad/04cbcd7ecab71c7d.tex	36	2045ec159a292a51b46725ab2135ff9e76521870e97a54e22c62c36137f8a6aa	5445580004000400010a000100000100	04cbcd7ecab71c7d	assets/characters/braum/skins/base/particles/common_black.tex	League texture	base or shared candidate	30222c04f6a99387.bin;555f0757faca4787.bin;901730f6bbf3f11d.bin;988e56a5bc6852e2.bin;d0b441e03335be65.bin;fca448d5ff3861b5.bin
04d71a0a99a320ad.tex	.tex	C:\Users\etqdo\Downloads\Clash Braum project\Braum.wad\04d71a0a99a320ad.tex	Braum.wad/04d71a0a99a320ad.tex	349556	6de7b470061ccc987873521dbfc29f3d6be9359543cd4fc311da75e30b4136f3	5445580000040002010a000148828661	04d71a0a99a320ad	assets/characters/braum/skins/skin25/braum_skin25_tx_cm.tex	League texture	other skin/shared; see reference graph	3f6a40609700ee85.bin
04e2f8faf141136d.skn	.skn	C:\Users\etqdo\Downloads\Clash Braum project\Braum.wad\04e2f8faf141136d.skn	Braum.wad/04e2f8faf141136d.skn	328878	b1f7b9918511f2dddb21baa42ed3c9feadadcdf1c71bb696aef4ac45de6f10c9	33221100040001000400000042726175	04e2f8faf141136d	assets/characters/braum/skins/skin24/braum_skin24.skn	Skinned mesh with submeshes and vertex weights	other skin/shared; see reference graph	3f6a40609700ee85.bin;88b5dd6dc0e099bd.bin;8cf62c85e1e2e7f9.bin;992d3c62ff62964c.bin;a582cf4ad353f261.bin;b30d6dd1b38ee53c.bin;c5c66176cca69ad3.bin;caacae9cc35f0267.bin;d3dbd3f84a5b8600.bin
051bca2260b416aa.tex	.tex	C:\Users\etqdo\Downloads\Clash Braum project\Braum.wad\051bca2260b416aa.tex	Braum.wad/051bca2260b416aa.tex	21884	d6812f738522559de80441f424e9a118372a89d07711fac6eac13441e9ff93b5	5445580080008000010c000134340000	051bca2260b416aa	assets/characters/braum/skins/skin02/particles/braum_skin02_ba_confetti.tex	League texture	other skin/shared; see reference graph	d0b441e03335be65.bin
05357ee519b9e97c.tex	.tex	C:\Users\etqdo\Downloads\Clash Braum project\Braum.wad\05357ee519b9e97c.tex	Braum.wad/05357ee519b9e97c.tex	87420	f0c44f14633332894993194c3d1bb89b6cbb7a4506b4e395c0cfda5151ecd4f3	5445580000010001010c00013c3c0000	05357ee519b9e97c	assets/characters/braum/skins/skin42/particles/braum_skin42_w_shield_decal01.tex	League texture	other skin/shared; see reference graph	ab5fbb4cdcdfb2ef.bin
053ad0600c627895.tex	.tex	C:\Users\etqdo\Downloads\Clash Braum project\Braum.wad\053ad0600c627895.tex	Braum.wad/053ad0600c627895.tex	43716	bf0dfebbaa10cd27be038ddf5dc2b45cdcfc6626cfad5ef25680bce92b849955	5445580000010001010a000161206200	053ad0600c627895	assets/characters/braum/skins/skin51/particles/braum_skin51_flash_09.tex	League texture	other skin/shared; see reference graph	7a1193b055eb059a.bin
0545ea3906a86a94.tex	.tex	C:\Users\etqdo\Downloads\Clash Braum project\Braum.wad\0545ea3906a86a94.tex	Braum.wad/0545ea3906a86a94.tex	21884	ec77075c48d79b5f5942023b9a5205fde37bbd9de6dd15fe3bb2179058bb2a5c	5445580080008000010c00011a1a0000	0545ea3906a86a94	assets/characters/braum/skins/skin51/particles/braum_skin51_q_groundsmoke02.tex	League texture	other skin/shared; see reference graph	07f65b37fb75e834.bin;08e5b232f3994eee.bin;3079df1f381a87bc.bin;6c66319ffa4bb738.bin;6d6176ab099f3064.bin;70c57eae58af6c94.bin;7ca837cacce9639a.bin;b511ce2cc52d55a4.bin;d01bf01d5611bc53.bin;d56c87aaf7fac0ee.bin
056cd1d7ed46ce6d.tex	.tex	C:\Users\etqdo\Downloads\Clash Braum project\Braum.wad\056cd1d7ed46ce6d.tex	Braum.wad/056cd1d7ed46ce6d.tex	87420	0a3cf4da02ad4dccfd7dd5f0be35df615de23698376f58f0cf49e3a18123a508	5445580000010001010c00013c3c0000	056cd1d7ed46ce6d	assets/characters/braum/skins/skin02/particles/braum_skin02_p_base.tex	League texture	other skin/shared; see reference graph	d0b441e03335be65.bin
0594c653639fd97f.tex	.tex	C:\Users\etqdo\Downloads\Clash Braum project\Braum.wad\0594c653639fd97f.tex	Braum.wad/0594c653639fd97f.tex	87420	5d4a64629de7c00015cb64631e99980c50ceb084775ee304a2426f5bb5b12e2c	5445580000010001010c000143430000	0594c653639fd97f	assets/characters/braum/skins/skin51/particles/braum_skin51_w_ground_shield_decal3.tex	League texture	other skin/shared; see reference graph	7a1193b055eb059a.bin
05b3423043d675e8.anm	.anm	C:\Users\etqdo\Downloads\Clash Braum project\Braum.wad\05b3423043d675e8.anm	Braum.wad/05b3423043d675e8.anm	17804	cce8ec7c106cb9eac7b414a3f15512547d25d8c6c29a5801677e164fd7e152bd	72336432616e6d640500000080450000	05b3423043d675e8	assets/characters/braum/skins/skin11/animations/braum_skin11_channel_in.anm	Animation tracks	other skin/shared; see reference graph	e43dcf714c8a2a42.bin
05b3c686e089eae2.tex	.tex	C:\Users\etqdo\Downloads\Clash Braum project\Braum.wad\05b3c686e089eae2.tex	Braum.wad/05b3c686e089eae2.tex	87452	8df2ebbbb5a48b8f3a453bd35e351bbd3e3120b18be93c949272dbcc1b82fec9	5445580000028000010c000128280000	05b3c686e089eae2	assets/characters/braum/skins/skin51/particles/braum_skin51_q_trail01.tex	League texture	other skin/shared; see reference graph	07f65b37fb75e834.bin;08e5b232f3994eee.bin;3079df1f381a87bc.bin;6c66319ffa4bb738.bin;6d6176ab099f3064.bin;70c57eae58af6c94.bin;7a1193b055eb059a.bin;7ca837cacce9639a.bin;b511ce2cc52d55a4.bin;d01bf01d5611bc53.bin;d56c87aaf7fac0ee.bin
05b41f5502f0a814.tex	.tex	C:\Users\etqdo\Downloads\Clash Braum project\Braum.wad\05b41f5502f0a814.tex	Braum.wad/05b41f5502f0a814.tex	87420	bcbe50740f74517938beb3951d3dd4736f35a63559532f31a6ddec3eb10562e7	5445580000010001010c0001adad0000	05b41f5502f0a814	assets/characters/braum/skins/skin11/particles/braum_skin11_p_stuntex.tex	League texture	other skin/shared; see reference graph	2974de4048ee048b.bin
05f383f5089b9da8.anm	.anm	C:\Users\etqdo\Downloads\Clash Braum project\Braum.wad\05f383f5089b9da8.anm	Braum.wad/05f383f5089b9da8.anm	18002	13b80ba71b0da46f3cff6c1ccf741daa72a8eb15a59b3f365af28866361a9bfc	7233643263616e6d0100000046460000	05f383f5089b9da8	assets/characters/braum/skins/base/animations/braum_spell3_idle-90.anm	Animation tracks	base or shared candidate	0b01eaec2c944f55.bin;57bea13d59e2af1a.bin;5e21202a9a0cef1a.bin;6c0cf3da2d377385.bin;72028fe917890575.bin;aa0aa8a7dd53a131.bin;d0fe19959c26552d.bin;de78a7f6bf5c9803.bin
060f01a4438ee44a.tex	.tex	C:\Users\etqdo\Downloads\Clash Braum project\Braum.wad\060f01a4438ee44a.tex	Braum.wad/060f01a4438ee44a.tex	21884	b2d3bc1bf49402dc4489b7c3c68c00bb8f5e9833d55d17ea13820080dfa3c4bd	5445580080008000010c000137370000	060f01a4438ee44a	assets/characters/braum/skins/skin51/particles/braum_skin51_75.tex	League texture	other skin/shared; see reference graph	7a1193b055eb059a.bin
0665ebbbbbb1706f.tex	.tex	C:\Users\etqdo\Downloads\Clash Braum project\Braum.wad\0665ebbbbbb1706f.tex	Braum.wad/0665ebbbbbb1706f.tex	43716	06c0e2bbe9f25d606b52c47a3a38160019ddae8ade932b22b70bb35fc0df8563	5445580000010001010a0001a2102108	0665ebbbbbb1706f	assets/characters/braum/skins/skin33/particles/braum_skin33_w_ring_tar.tex	League texture	other skin/shared; see reference graph	ac2d2bd054d44f09.bin
066c063242984924.anm	.anm	C:\Users\etqdo\Downloads\Clash Braum project\Braum.wad\066c063242984924.anm	Braum.wad/066c063242984924.anm	1508	24f66b748bc019f85ed49fbf94f1b601205dd6d18693429c94c78d363b1592e4	7233643263616e6d01000000d8050000	066c063242984924	assets/characters/braum/skins/skin33/particles/r_fish_01.anm	Animation tracks	other skin/shared; see reference graph	25c2b1d3f80a7166.bin;399a7a520477b139.bin;3a207b8680fc4f78.bin;4af4d37cc3da7630.bin;775c4474dbe4b86c.bin;cf092c39484cec07.bin;f2aa871abddf9427.bin;f5df8e88540921e0.bin;ff9b3266cfca2ba6.bin
068495518650c6ed.tex	.tex	C:\Users\etqdo\Downloads\Clash Braum project\Braum.wad\068495518650c6ed.tex	Braum.wad/068495518650c6ed.tex	10948	dd3ded29762d8d01e59ab2b20c9746d3280b87983cf839c7b17fd455838da6cd	5445580080008000010a000101310018	068495518650c6ed	assets/characters/braum/skins/skin01/particles/braum_skin01_p_poro_mustache.tex	League texture	other skin/shared; see reference graph	d0b441e03335be65.bin;fca448d5ff3861b5.bin
06a15f249b9c8e50.tex	.tex	C:\Users\etqdo\Downloads\Clash Braum project\Braum.wad\06a15f249b9c8e50.tex	Braum.wad/06a15f249b9c8e50.tex	87420	aa581cc955565289a957ebb7ec46c36532d6a1ea701d560c8541f2957397a7a7	5445580000010001010c000133330000	06a15f249b9c8e50	assets/characters/braum/skins/skin51/particles/braum_skin51_p_shield_glow.tex	League texture	other skin/shared; see reference graph	7a1193b055eb059a.bin
06a34a7d41c00e16.tex	.tex	C:\Users\etqdo\Downloads\Clash Braum project\Braum.wad\06a34a7d41c00e16.tex	Braum.wad/06a34a7d41c00e16.tex	87420	43c8fb82006bf388b62aafe6cfd62702483fbf28d07cf05af971857ca63d4dc3	5445580000010001010c00011d1d0000	06a34a7d41c00e16	assets/characters/braum/skins/skin11/particles/braum_skin11_p_icon_01.tex	League texture	other skin/shared; see reference graph	2974de4048ee048b.bin
06ea3f7b1a729199.anm	.anm	C:\Users\etqdo\Downloads\Clash Braum project\Braum.wad\06ea3f7b1a729199.anm	Braum.wad/06ea3f7b1a729199.anm	39630	16c5ef981921481e7a9db3e283d2bf62b2ed3f91395b5e562be120153c6caf12	7233643263616e6d01000000c29a0000	06ea3f7b1a729199	assets/characters/braum/skins/skin11/animations/braum_spell3_run0.anm	Animation tracks	other skin/shared; see reference graph	e43dcf714c8a2a42.bin
07317d953c6e6caf.tex	.tex	C:\Users\etqdo\Downloads\Clash Braum project\Braum.wad\07317d953c6e6caf.tex	Braum.wad/07317d953c6e6caf.tex	87420	655362c4de0ea738970d255a58f2a502b3397ba23773c262edebb2664700b040	5445580000010001010c000171710000	07317d953c6e6caf	assets/characters/braum/skins/skin11/particles/braum_skin11_p_icon_base_hit3.tex	League texture	other skin/shared; see reference graph	2974de4048ee048b.bin
076588ed8d9a35e0.tex	.tex	C:\Users\etqdo\Downloads\Clash Braum project\Braum.wad\076588ed8d9a35e0.tex	Braum.wad/076588ed8d9a35e0.tex	349564	79e9db0c5ce528e4101628074396ecad934219fab685c3fd31c8aec75bc0ddab	5445580000020002010c0001fcfc0000	076588ed8d9a35e0	assets/characters/braum/skins/skin37/braum_skin37_crab_tx_cm.tex	League texture	other skin/shared; see reference graph	4af4d37cc3da7630.bin
0768386e09c87640.tex	.tex	C:\Users\etqdo\Downloads\Clash Braum project\Braum.wad\0768386e09c87640.tex	Braum.wad/0768386e09c87640.tex	174788	5470cea252520b5c0aac1e0147159a4b00a92c23142b9509d7e17b88dd2530b0	5445580000020002010a00010c731054	0768386e09c87640	assets/characters/braum/skins/skin41/braum_skin41_poro_tx_cm.tex	League texture	other skin/shared; see reference graph	f5df8e88540921e0.bin
07931dd139c087b4.anm	.anm	C:\Users\etqdo\Downloads\Clash Braum project\Braum.wad\07931dd139c087b4.anm	Braum.wad/07931dd139c087b4.anm	44870	82fc51a7e437bb0f87a4d2dc331176ed053093c7f83b21bf2f93f45467001aa3	7233643263616e6d010000003aaf0000	07931dd139c087b4	assets/characters/braum/skins/skin11/animations/braum_run_haste_01.anm	Animation tracks	other skin/shared; see reference graph	e43dcf714c8a2a42.bin
07978ae1ea911912.skn	.skn	C:\Users\etqdo\Downloads\Clash Braum project\Braum.wad\07978ae1ea911912.skn	Braum.wad/07978ae1ea911912.skn	907172	1921ba81d9bf81a1a6dd1c882ff4258e51dfbb152c92fbb27d1bb78bb476f7a9	332211000400010009000000426f6479	07978ae1ea911912	assets/characters/braum/skins/skin42/braum_skin42.skn	Skinned mesh with submeshes and vertex weights	other skin/shared; see reference graph	087454f36df0c471.bin;21c14331eb9e3fdd.bin;5665076b09fc85c9.bin;60bd129d627e731e.bin;99f61b5c2dd61e45.bin;a485c4b46181b64d.bin;b4470b8fb5a238f6.bin;e4dae9eea59fb2f8.bin;fbd72592f4eee68e.bin
07f65b37fb75e834.bin	.bin	C:\Users\etqdo\Downloads\Clash Braum project\Braum.wad\07f65b37fb75e834.bin	Braum.wad/07f65b37fb75e834.bin	231088	9938b1a5b3b2be3053337251bdbd6c6e3dda7ab5ad4bfd5d7397fa6d74f40736	50524f5003000000040000003f034441	07f65b37fb75e834	data/characters/braum/skins/skin54.bin	Property configuration and asset links	other skin/shared; see reference graph	
0818aa457f2fff01.tex	.tex	C:\Users\etqdo\Downloads\Clash Braum project\Braum.wad\0818aa457f2fff01.tex	Braum.wad/0818aa457f2fff01.tex	10972	94e806a8a079ee9d1af2fe03a2c7ebc0c3ad0e9a59931225c11e9c49f6686c93	5445580080004000010c000163630000	0818aa457f2fff01	assets/characters/braum/skins/skin42/particles/braum_skin42_w_trail.tex	League texture	other skin/shared; see reference graph	ab5fbb4cdcdfb2ef.bin
08245e50221b1dce.tex	.tex	C:\Users\etqdo\Downloads\Clash Braum project\Braum.wad\08245e50221b1dce.tex	Braum.wad/08245e50221b1dce.tex	21884	5d29eebc25ccc67d34df93d6464292484f2bd5acd25537c042494b4c877893c8	5445580080008000010c000153530000	08245e50221b1dce	assets/characters/braum/skins/skin01/particles/braum_skin01_q_frost_tail_mult_mis.tex	League texture	other skin/shared; see reference graph	fca448d5ff3861b5.bin
0863093f842bd9d9.tex	.tex	C:\Users\etqdo\Downloads\Clash Braum project\Braum.wad\0863093f842bd9d9.tex	Braum.wad/0863093f842bd9d9.tex	1398140	c721b8ac75a21f00f3e09aa2416246994562ae2cafba7ccf332ca8337587af7a	5445580000040004010c0001ffff0000	0863093f842bd9d9	assets/characters/braum/skins/skin41/braum_skin41_body_tx_cm.tex	League texture	other skin/shared; see reference graph	f5df8e88540921e0.bin
087454f36df0c471.bin	.bin	C:\Users\etqdo\Downloads\Clash Braum project\Braum.wad\087454f36df0c471.bin	Braum.wad/087454f36df0c471.bin	11080	37e7a63be18f116d09f1bbd395eac999981aad056abcca27db8fd4ff7fe925e7	50524f5003000000040000009a004441	087454f36df0c471	data/characters/braum/skins/skin45.bin	Property configuration and asset links	other skin/shared; see reference graph	
08b78d78ce7e59f5.tex	.tex	C:\Users\etqdo\Downloads\Clash Braum project\Braum.wad\08b78d78ce7e59f5.tex	Braum.wad/08b78d78ce7e59f5.tex	43740	4f98ed2a856b3a9f1411fcf44355e3cdcc6ed34b65846f3326f4828f06fecc9e	5445580000018000010c000119190000	08b78d78ce7e59f5	assets/characters/braum/skins/skin42/particles/braum_skin42_e_shield_firealpha01.tex	League texture	other skin/shared; see reference graph	ab5fbb4cdcdfb2ef.bin
08ba8a334476de64.tex	.tex	C:\Users\etqdo\Downloads\Clash Braum project\Braum.wad\08ba8a334476de64.tex	Braum.wad/08ba8a334476de64.tex	174788	d75db7c1ce1c53bc337152b4e5e18c06d3f6cb37f9f51db7ab63ae3dd445a032	5445580000020002010a00018b628b42	08ba8a334476de64	assets/characters/braum/skins/skin32/particles/braum_skin32_r_cake_shard.tex	League texture	other skin/shared; see reference graph	8cf62c85e1e2e7f9.bin
08e5b232f3994eee.bin	.bin	C:\Users\etqdo\Downloads\Clash Braum project\Braum.wad\08e5b232f3994eee.bin	Braum.wad/08e5b232f3994eee.bin	230962	99041206a5ab16363e7e978849e90589b37e5078be6677e7ec683087c9e24682	50524f5003000000040000003f034441	08e5b232f3994eee	data/characters/braum/skins/skin58.bin	Property configuration and asset links	other skin/shared; see reference graph	
09053acd33da0ead.tex	.tex	C:\Users\etqdo\Downloads\Clash Braum project\Braum.wad\09053acd33da0ead.tex	Braum.wad/09053acd33da0ead.tex	68	bc06557b44402fee1498430bd4008df9598085f44b29fea2f02218473674b2f8	5445580008000800010a0001fffffeff	09053acd33da0ead	assets/characters/braum/skins/skin01/particles/braum_skin01_e_distort_color_hold.tex	League texture	other skin/shared; see reference graph	fca448d5ff3861b5.bin
09485b8b4a4ec55b.tex	.tex	C:\Users\etqdo\Downloads\Clash Braum project\Braum.wad\09485b8b4a4ec55b.tex	Braum.wad/09485b8b4a4ec55b.tex	43740	63b0f68b25ef5c5c2bd25eca82fd043cb994b2820cff9836966cab2efd6d2146	5445580000018000010c000136360000	09485b8b4a4ec55b	assets/characters/braum/skins/skin02/particles/braum_skin02_r_hit_tar.tex	League texture	other skin/shared; see reference graph	d0b441e03335be65.bin
095f5747f793b2bb.scb	.scb	C:\Users\etqdo\Downloads\Clash Braum project\Braum.wad\095f5747f793b2bb.scb	Braum.wad/095f5747f793b2bb.scb	28056	286c09249a07a281dba223c41bbffbf9727b0e0e4a2abd063e6711e288188d22	723364324d6573680300020000000000	095f5747f793b2bb	assets/characters/braum/skins/skin24/particles/braum_skin24_q_hit_orbit_tar.scb	Static mesh, commonly VFX geometry	other skin/shared; see reference graph	02ab7e4623adf97e.bin
09b1778a182af2c7.tex	.tex	C:\Users\etqdo\Downloads\Clash Braum project\Braum.wad\09b1778a182af2c7.tex	Braum.wad/09b1778a182af2c7.tex	87420	a5fb487f9e637ff2b1967dec465f9d992b8c71cb81070ecdaa4fc08a84b3c500	5445580000010001010c000123230000	09b1778a182af2c7	assets/characters/braum/skins/skin24/particles/braum_skin24_r_crumbs_shards_02.tex	League texture	other skin/shared; see reference graph	02ab7e4623adf97e.bin;3f6a40609700ee85.bin;88b5dd6dc0e099bd.bin;8cf62c85e1e2e7f9.bin;992d3c62ff62964c.bin;a582cf4ad353f261.bin;b30d6dd1b38ee53c.bin;c5c66176cca69ad3.bin;caacae9cc35f0267.bin;d3dbd3f84a5b8600.bin
09d7e1b175228cf2.tex	.tex	C:\Users\etqdo\Downloads\Clash Braum project\Braum.wad\09d7e1b175228cf2.tex	Braum.wad/09d7e1b175228cf2.tex	87452	7d53ec77e48b1646981702d0cd40b800fe47c8b06e050c6d6961c5c9eeec95a1	5445580080000002010c00010d0d0000	09d7e1b175228cf2	assets/characters/braum/skins/skin51/particles/braum_skin51_r_indicator_side_04.tex	League texture	other skin/shared; see reference graph	7a1193b055eb059a.bin
0a153ce1a78adfdc.tex	.tex	C:\Users\etqdo\Downloads\Clash Braum project\Braum.wad\0a153ce1a78adfdc.tex	Braum.wad/0a153ce1a78adfdc.tex	87420	64f28324d0b50702b97a8d95ac6ab7795e8667dde2e7e236c0bf10c00977c0e0	5445580000010001010c00011c1c0000	0a153ce1a78adfdc	assets/characters/braum/skins/base/particles/braum_base_ba_trail_cas_02.tex	League texture	base or shared candidate	2dc39c165f3aa923.bin
0a1f933d5beae03d.tex	.tex	C:\Users\etqdo\Downloads\Clash Braum project\Braum.wad\0a1f933d5beae03d.tex	Braum.wad/0a1f933d5beae03d.tex	87420	6c18fc1a54a8db23f48f8cdadcb95019f6fd9baf57a53a41fffe52fb30bd755e	5445580000010001010c0001cbcb0000	0a1f933d5beae03d	assets/characters/braum/skins/skin51/particles/braum_skin51_e_block_shock.tex	League texture	other skin/shared; see reference graph	7a1193b055eb059a.bin
0a39f12cee7aa4e4.skl	.skl	C:\Users\etqdo\Downloads\Clash Braum project\Braum.wad\0a39f12cee7aa4e4.skl	Braum.wad/0a39f12cee7aa4e4.skl	11944	68d26530e489c3fdd5ecaee16ef1e100c9e01f05fa91e79fda8501db396fba01	a82e0000c34ffd220000000000006000	0a39f12cee7aa4e4	assets/characters/braum/skins/skin01/braum_skin01.skl	Skeleton, bind transforms and influence palette	other skin/shared; see reference graph	1eb4979be4e9320c.bin;26fe02fb42fe5d0f.bin;3e345a7cf645a903.bin;4b8cf46e9a27ff51.bin;4fed391540044397.bin;5d7e7a1984eb745d.bin;69066dbc18657bec.bin;7b9824cbef34ed4d.bin;812e1da9fe14f1ec.bin;a497a5055810256b.bin;e250f290f6212f81.bin
0afbb9ace3992cce.tex	.tex	C:\Users\etqdo\Downloads\Clash Braum project\Braum.wad\0afbb9ace3992cce.tex	Braum.wad/0afbb9ace3992cce.tex	21876	e2b134c4070a2189729b5c3b217eea0883b34fe265dee03233c0e8331018c1f4	5445580000018000010a0001d092d071	0afbb9ace3992cce	assets/characters/braum/skins/skin32/particles/braum_skin32_e_shield_override_01.tex	League texture	other skin/shared; see reference graph	8cf62c85e1e2e7f9.bin
0b003cd32b3ffd4c.tex	.tex	C:\Users\etqdo\Downloads\Clash Braum project\Braum.wad\0b003cd32b3ffd4c.tex	Braum.wad/0b003cd32b3ffd4c.tex	21884	ecb0b6217daa22a3de11cbbe88c6dee01a994fb1852a9828cf5ec6fe6f054651	5445580080008000010c000147470000	0b003cd32b3ffd4c	assets/characters/braum/skins/skin33/particles/braum_skin33_w_clumps.tex	League texture	other skin/shared; see reference graph	ac2d2bd054d44f09.bin
0b01eaec2c944f55.bin	.bin	C:\Users\etqdo\Downloads\Clash Braum project\Braum.wad\0b01eaec2c944f55.bin	Braum.wad/0b01eaec2c944f55.bin	55932	a125d1cd41cbc779d82cfce0124093216baf970115f1199305006b764e2e2d64	50524f50030000000000000001000000	0b01eaec2c944f55	data/characters/braum/animations/skin0.bin	Property configuration and asset links	base or shared candidate	03e78a116663752e.bin;e63e7a9cbb51a42f.bin;eb9d53354a504663.bin
0ba6d2073db5d48b.tex	.tex	C:\Users\etqdo\Downloads\Clash Braum project\Braum.wad\0ba6d2073db5d48b.tex	Braum.wad/0ba6d2073db5d48b.tex	68	bc06557b44402fee1498430bd4008df9598085f44b29fea2f02218473674b2f8	5445580008000800010a0001fffffeff	0ba6d2073db5d48b	assets/shared/particles/defaultcoloroverlifetime.tex	League texture	other skin/shared; see reference graph	ab5fbb4cdcdfb2ef.bin
0bbf1015d92da24f.tex	.tex	C:\Users\etqdo\Downloads\Clash Braum project\Braum.wad\0bbf1015d92da24f.tex	Braum.wad/0bbf1015d92da24f.tex	68	bc06557b44402fee1498430bd4008df9598085f44b29fea2f02218473674b2f8	5445580008000800010a0001fffffeff	0bbf1015d92da24f	assets/characters/braum/skins/skin24/particles/color-hold.tex	League texture	other skin/shared; see reference graph	02ab7e4623adf97e.bin;3f6a40609700ee85.bin;88b5dd6dc0e099bd.bin;8cf62c85e1e2e7f9.bin;992d3c62ff62964c.bin;a582cf4ad353f261.bin;b30d6dd1b38ee53c.bin;c5c66176cca69ad3.bin;caacae9cc35f0267.bin;d3dbd3f84a5b8600.bin
0bdc6c1be67a46a6.tex	.tex	C:\Users\etqdo\Downloads\Clash Braum project\Braum.wad\0bdc6c1be67a46a6.tex	Braum.wad/0bdc6c1be67a46a6.tex	87420	e8775992e15ab9d88f8efce45e3b47f6f13b4a9ca5b6d6fb06167d3cabf45fe2	5445580000010001010c00017a7a0000	0bdc6c1be67a46a6	assets/characters/braum/skins/base/particles/braum_base_r_ice_shard_02.tex	League texture	base or shared candidate	2dc39c165f3aa923.bin
0bfd486e1b53e6a8.tex	.tex	C:\Users\etqdo\Downloads\Clash Braum project\Braum.wad\0bfd486e1b53e6a8.tex	Braum.wad/0bfd486e1b53e6a8.tex	10964	ef08fc4a7933139918cc8cce609af4705e031e64219b8d3263103a886a7b0e01	5445580000014000010a0001a529a528	0bfd486e1b53e6a8	assets/characters/braum/skins/skin51/particles/braum_skin51_q_trail_fire_erosion.tex	League texture	other skin/shared; see reference graph	07f65b37fb75e834.bin;08e5b232f3994eee.bin;3079df1f381a87bc.bin;6c66319ffa4bb738.bin;6d6176ab099f3064.bin;70c57eae58af6c94.bin;7ca837cacce9639a.bin;b511ce2cc52d55a4.bin;d01bf01d5611bc53.bin;d56c87aaf7fac0ee.bin
0c039b126cd8d7d5.tex	.tex	C:\Users\etqdo\Downloads\Clash Braum project\Braum.wad\0c039b126cd8d7d5.tex	Braum.wad/0c039b126cd8d7d5.tex	1398140	34035ed92830bc3768c2a142389d52a2b9de398ce85cd3b3b0db7959d4854875	5445580000040004010c0001ebeb0000	0c039b126cd8d7d5	assets/characters/braum/skins/skin59/braum_skin59_shield_tx_cm.tex	League texture	other skin/shared; see reference graph	3079df1f381a87bc.bin
0c15861dd3868d53.tex	.tex	C:\Users\etqdo\Downloads\Clash Braum project\Braum.wad\0c15861dd3868d53.tex	Braum.wad/0c15861dd3868d53.tex	349564	d63a34d5e4fd7a42fde7dab04613139b099bed822daa94dccb3fd8b060c77490	5445580000020002010c0001ffff0000	0c15861dd3868d53	assets/characters/braum/skins/skin51/particles/braum_skin51_r_stone_01.tex	League texture	other skin/shared; see reference graph	70c57eae58af6c94.bin
0c4bb1182702ed2a.tex	.tex	C:\Users\etqdo\Downloads\Clash Braum project\Braum.wad\0c4bb1182702ed2a.tex	Braum.wad/0c4bb1182702ed2a.tex	21884	d365966edf987e86d1881d5ecacdb3b90cb01f7595bff282c51990fee8589ae1	5445580080008000010c000144440000	0c4bb1182702ed2a	assets/characters/braum/skins/skin35/particles/braum_skin35_pain.tex	League texture	other skin/shared; see reference graph	399a7a520477b139.bin
0c57f4d8c15788ee.tex	.tex	C:\Users\etqdo\Downloads\Clash Braum project\Braum.wad\0c57f4d8c15788ee.tex	Braum.wad/0c57f4d8c15788ee.tex	43740	c5561a6cbb90345e2230871b31dbc4efc88df76fd1920b5b9e5485971653297a	5445580000018000010c000136360000	0c57f4d8c15788ee	assets/characters/braum/skins/base/particles/braum_base_r_hit_tar.tex	League texture	base or shared candidate	b8d6f27624ae797b.bin;f2ef4463d62600e6.bin
0c62f8d3159f0df5.anm	.anm	C:\Users\etqdo\Downloads\Clash Braum project\Braum.wad\0c62f8d3159f0df5.anm	Braum.wad/0c62f8d3159f0df5.anm	70982	34e8b7d0a07c5b8a4973d11564ea267f5b87d07925528fa3dd266b909ccfc789	72336432616e6d64050000003a150100	0c62f8d3159f0df5	assets/characters/braum/skins/skin10/animations/braum_skin04_joke2_into.anm	Animation tracks	other skin/shared; see reference graph	57bea13d59e2af1a.bin
0c6f6376d0183d3f.tex	.tex	C:\Users\etqdo\Downloads\Clash Braum project\Braum.wad\0c6f6376d0183d3f.tex	Braum.wad/0c6f6376d0183d3f.tex	21884	522e8bd43c9f67b920e9ddda12ed4ed40b5955e90b9a269651742477581a06f4	5445580080008000010c000123230000	0c6f6376d0183d3f	assets/characters/braum/skins/skin24/particles/braum_skin24_q_spark.tex	League texture	other skin/shared; see reference graph	3f6a40609700ee85.bin;88b5dd6dc0e099bd.bin;8cf62c85e1e2e7f9.bin;992d3c62ff62964c.bin;a582cf4ad353f261.bin;b30d6dd1b38ee53c.bin;c5c66176cca69ad3.bin;caacae9cc35f0267.bin;d3dbd3f84a5b8600.bin
0c840994c39fd21e.tex	.tex	C:\Users\etqdo\Downloads\Clash Braum project\Braum.wad\0c840994c39fd21e.tex	Braum.wad/0c840994c39fd21e.tex	10948	8473bf380121978f3702323c1950b3aefa90cfd76be6d1cf7d3e2e63b9f8f7bb	5445580080008000010a000161102008	0c840994c39fd21e	assets/characters/braum/skins/skin51/particles/braum_skin51_add_gold.tex	League texture	other skin/shared; see reference graph	07f65b37fb75e834.bin;08e5b232f3994eee.bin;3079df1f381a87bc.bin;6c66319ffa4bb738.bin;6d6176ab099f3064.bin;70c57eae58af6c94.bin;7a1193b055eb059a.bin;7ca837cacce9639a.bin;b511ce2cc52d55a4.bin;d01bf01d5611bc53.bin;d56c87aaf7fac0ee.bin
0cae8bc0d8fcc44f.tex	.tex	C:\Users\etqdo\Downloads\Clash Braum project\Braum.wad\0cae8bc0d8fcc44f.tex	Braum.wad/0cae8bc0d8fcc44f.tex	349564	012dc17e202d7b57d30e8da6c9a5532a500bb0351cc5c6ae3ce48d34fdeb4931	5445580000020002010c0001f3f30000	0cae8bc0d8fcc44f	assets/characters/braum/skins/skin59/particles/braum_skin59_shield_tx_03.tex	League texture	other skin/shared; see reference graph	3079df1f381a87bc.bin
0cb5a05fb6006bee.tex	.tex	C:\Users\etqdo\Downloads\Clash Braum project\Braum.wad\0cb5a05fb6006bee.tex	Braum.wad/0cb5a05fb6006bee.tex	43716	ed933812cf9ab867c49a5cbf2011f851576c1b7cb14d9665035de5ec2369a605	5445580000010001010a0001ef72ef8a	0cb5a05fb6006bee	assets/characters/braum/skins/skin24/particles/braum_skin24_candy_2x2.tex	League texture	other skin/shared; see reference graph	02ab7e4623adf97e.bin;3f6a40609700ee85.bin;88b5dd6dc0e099bd.bin;8cf62c85e1e2e7f9.bin;992d3c62ff62964c.bin;a582cf4ad353f261.bin;b30d6dd1b38ee53c.bin;c5c66176cca69ad3.bin;caacae9cc35f0267.bin;d3dbd3f84a5b8600.bin
0cbfdb38d73c6caa.tex	.tex	C:\Users\etqdo\Downloads\Clash Braum project\Braum.wad\0cbfdb38d73c6caa.tex	Braum.wad/0cbfdb38d73c6caa.tex	349564	266fd0a9b63c8b0e8f941c3299e1dd11494c13db73d47028f663f7f1a5d94c72	5445580000020002010c0001ffff0000	0cbfdb38d73c6caa	assets/characters/braum/skins/skin51/particles/braum_skin51_p_skin51_05.tex	League texture	other skin/shared; see reference graph	7a1193b055eb059a.bin
0d392fdfabb37cde.tex	.tex	C:\Users\etqdo\Downloads\Clash Braum project\Braum.wad\0d392fdfabb37cde.tex	Braum.wad/0d392fdfabb37cde.tex	349556	8e530c1b3896b577ca155288b771d80aaf352db266e4f8d616db749d2801f8fe	5445580000040002010a0001a539c538	0d392fdfabb37cde	assets/characters/braum/skins/skin15/braum_skin15_tx_cm.tex	League texture	other skin/shared; see reference graph	e1dfd1a549890037.bin
0d3c50cd14c5924e.tex	.tex	C:\Users\etqdo\Downloads\Clash Braum project\Braum.wad\0d3c50cd14c5924e.tex	Braum.wad/0d3c50cd14c5924e.tex	699076	11e1f023b6da08860f552f37b6b0beb525ef4953819946a03d6b5b8de641a78e	5445580000040004010a000108322831	0d3c50cd14c5924e		League texture	other skin/shared; see reference graph	
0d6abf312299ddaa.tex	.tex	C:\Users\etqdo\Downloads\Clash Braum project\Braum.wad\0d6abf312299ddaa.tex	Braum.wad/0d6abf312299ddaa.tex	87420	cdc39ccfd6bb5ad5197508a7602d58ea9e44dae27669303bdd36188575b0c437	5445580000010001010c000137370000	0d6abf312299ddaa	assets/characters/braum/skins/skin51/particles/braum_skin51_r_spikes_tar.tex	League texture	other skin/shared; see reference graph	07f65b37fb75e834.bin;08e5b232f3994eee.bin;3079df1f381a87bc.bin;6c66319ffa4bb738.bin;6d6176ab099f3064.bin;70c57eae58af6c94.bin;7ca837cacce9639a.bin;b511ce2cc52d55a4.bin;d01bf01d5611bc53.bin;d56c87aaf7fac0ee.bin
0d90f687e4fbc073.tex	.tex	C:\Users\etqdo\Downloads\Clash Braum project\Braum.wad\0d90f687e4fbc073.tex	Braum.wad/0d90f687e4fbc073.tex	87420	10f7c4b52335f53aca0086379ddef52d7297836d21fc21cca51af395b80287bb	5445580000010001010c000110100000	0d90f687e4fbc073	assets/characters/braum/skins/base/particles/braum_base_p_stack_02.tex	League texture	base or shared candidate	2dc39c165f3aa923.bin;f2ef4463d62600e6.bin
0da66f2fac0ee65a.tex	.tex	C:\Users\etqdo\Downloads\Clash Braum project\Braum.wad\0da66f2fac0ee65a.tex	Braum.wad/0da66f2fac0ee65a.tex	87420	70bdee1088edd991accedadd2c4c05f338260dc0c3220980ccd412b2ce051106	5445580000010001010c000123230000	0da66f2fac0ee65a	assets/characters/braum/skins/skin42/particles/braum_skin42_ba_ring01.tex	League texture	other skin/shared; see reference graph	ab5fbb4cdcdfb2ef.bin
0dafd71c8b3d2ecf.tex	.tex	C:\Users\etqdo\Downloads\Clash Braum project\Braum.wad\0dafd71c8b3d2ecf.tex	Braum.wad/0dafd71c8b3d2ecf.tex	43716	b43be2daacb8c7c8e239f3add7a12d747cd111dde636f5ad27a84dbdeaea7506	5445580000010001010a0001063ae939	0dafd71c8b3d2ecf	assets/characters/braum/skins/skin03/braum_skin03_poro_tx_cm.tex	League texture	other skin/shared; see reference graph	03e78a116663752e.bin
0dcedfaaf3cebf47.tex	.tex	C:\Users\etqdo\Downloads\Clash Braum project\Braum.wad\0dcedfaaf3cebf47.tex	Braum.wad/0dcedfaaf3cebf47.tex	87420	91b065a200b57fe386e58bd9e6c1e54fd0f4bd35aad5dd2eb8434b42aa37d33f	5445580000010001010c000125250000	0dcedfaaf3cebf47	assets/characters/braum/skins/skin51/particles/braum_skin51_w_shield_decal04.tex	League texture	other skin/shared; see reference graph	7a1193b055eb059a.bin
0df639850e26810d.tex	.tex	C:\Users\etqdo\Downloads\Clash Braum project\Braum.wad\0df639850e26810d.tex	Braum.wad/0df639850e26810d.tex	10972	dd80b212d5ffce45825ff7d46951bad3bb24072dd05daf268597dc8debb3c08a	5445580080004000010c000136360000	0df639850e26810d	assets/characters/braum/skins/skin51/particles/braum_skin51_q_trail_tape.tex	League texture	other skin/shared; see reference graph	7a1193b055eb059a.bin
0e1b14ccc3b80421.tex	.tex	C:\Users\etqdo\Downloads\Clash Braum project\Braum.wad\0e1b14ccc3b80421.tex	Braum.wad/0e1b14ccc3b80421.tex	21884	473ff45d80a78309bfb01dd96480bc04651922be00bc2fac957802ba68c1514d	5445580080008000010c000135350000	0e1b14ccc3b80421	assets/characters/braum/skins/skin51/particles/braum_skin51_crater_dissolve.tex	League texture	other skin/shared; see reference graph	07f65b37fb75e834.bin;08e5b232f3994eee.bin;3079df1f381a87bc.bin;6c66319ffa4bb738.bin;6d6176ab099f3064.bin;70c57eae58af6c94.bin;7a1193b055eb059a.bin;7ca837cacce9639a.bin;b511ce2cc52d55a4.bin;d01bf01d5611bc53.bin;d56c87aaf7fac0ee.bin
0e1ecfd2907e22bd.tex	.tex	C:\Users\etqdo\Downloads\Clash Braum project\Braum.wad\0e1ecfd2907e22bd.tex	Braum.wad/0e1ecfd2907e22bd.tex	43716	bc696ca75c187dd40a16d26efb9f68cb8fd536da6ebde44473fe8e91dc2998df	5445580000010001010a000105190210	0e1ecfd2907e22bd	assets/characters/braum/skins/skin51/particles/braum_skin51_ba_impact_flash02.tex	League texture	other skin/shared; see reference graph	7a1193b055eb059a.bin
0e790962ed9e47b9.tex	.tex	C:\Users\etqdo\Downloads\Clash Braum project\Braum.wad\0e790962ed9e47b9.tex	Braum.wad/0e790962ed9e47b9.tex	87420	865ec020e0757a8a5e59408b90ced0cbc6d553d92b9ff614d3868d4e62455280	5445580000010001010c000124240000	0e790962ed9e47b9	assets/characters/braum/skins/skin33/particles/braum_skin33_r_hit_flash.tex	League texture	other skin/shared; see reference graph	ac2d2bd054d44f09.bin
0eab16d222867776.tex	.tex	C:\Users\etqdo\Downloads\Clash Braum project\Braum.wad\0eab16d222867776.tex	Braum.wad/0eab16d222867776.tex	174788	a06c48776613c0f7322e47a68af2bbfa0c37050fba71a708a2f3151be7702d34	5445580000020002010a0001ef8bab73	0eab16d222867776	assets/characters/braum/skins/skin18/particles/braum_skin18_q_mis.tex	League texture	other skin/shared; see reference graph	36b00af025f54940.bin
0ed590a79ca0d922.tex	.tex	C:\Users\etqdo\Downloads\Clash Braum project\Braum.wad\0ed590a79ca0d922.tex	Braum.wad/0ed590a79ca0d922.tex	87420	4f2f78556021df507a990d162415cb949a713ce453afdd2792238d69105393c4	5445580000010001010c000137370000	0ed590a79ca0d922	assets/characters/braum/skins/base/particles/braum_base_e_shield_ice_smoke.tex	League texture	base or shared candidate	03e78a116663752e.bin;2974de4048ee048b.bin;2dc39c165f3aa923.bin;f63b31a3da327a4f.bin
0f434c14bd061813.tex	.tex	C:\Users\etqdo\Downloads\Clash Braum project\Braum.wad\0f434c14bd061813.tex	Braum.wad/0f434c14bd061813.tex	21884	8caa505be9d53da4888b1d3f408e5f90ca01bed405503c37edd5b3945622d922	5445580080008000010c00015d5d0000	0f434c14bd061813	assets/characters/braum/skins/skin33/particles/braum_skin33_q_misglow.tex	League texture	other skin/shared; see reference graph	25c2b1d3f80a7166.bin;399a7a520477b139.bin;3a207b8680fc4f78.bin;4af4d37cc3da7630.bin;775c4474dbe4b86c.bin;cf092c39484cec07.bin;f2aa871abddf9427.bin;f5df8e88540921e0.bin;ff9b3266cfca2ba6.bin
0f4eac58c45dc0c4.bin	.bin	C:\Users\etqdo\Downloads\Clash Braum project\Braum.wad\0f4eac58c45dc0c4.bin	Braum.wad/0f4eac58c45dc0c4.bin	406	ca8f123324a336fbcab77d66931969b61c58615b84d0b432855b8b77b24d5370	50524f50030000000000000002000000	0f4eac58c45dc0c4	data/characters/braum/braum_multi_skins_skin0_skins_skin1_skins_skin10_skins_skin11_skins_skin12_skins_skin13_skins_skin14_skins_skin15_skins_skin16_skins_skin17_skins_skin18_skins_skin19_skins_skin20_skins_skin21_skins_skin22_skins_skin23_skins_skin24_skins_skin25_skins_skin26_skins_skin27_skins_skin28_skins_skin29_skins_skin3_skins_skin30_skins_skin31_skins_skin32_skins_skin33_skins_skin34_skins_skin35_skins_skin36_skins_skin37_skins_skin38_skins_skin39_skins_skin4_skins_skin40_skins_skin41_skins_skin5_skins_skin6_skins_skin7_skins_skin8_skins_skin9.bin	Property configuration and asset links	other skin/shared; see reference graph	03e78a116663752e.bin;1eb4979be4e9320c.bin;23b85b75eb659166.bin;25c2b1d3f80a7166.bin;26fe02fb42fe5d0f.bin;36b00af025f54940.bin;399a7a520477b139.bin;3a207b8680fc4f78.bin;3e345a7cf645a903.bin;3f6a40609700ee85.bin;42ee6bdbfc9d170b.bin;4af4d37cc3da7630.bin;4b8cf46e9a27ff51.bin;4fe453abcf9c5181.bin;4fed391540044397.bin;5d7e7a1984eb745d.bin;69066dbc18657bec.bin;775c4474dbe4b86c.bin;7b9824cbef34ed4d.bin;812e1da9fe14f1ec.bin;88b5dd6dc0e099bd.bin;8cf62c85e1e2e7f9.bin;992d3c62ff62964c.bin;a44281cd843a8348.bin;a497a5055810256b.bin;a582cf4ad353f261.bin;b30d6dd1b38ee53c.bin;bb8b47c7d87589f7.bin;c5c66176cca69ad3.bin;caacae9cc35f0267.bin;cf092c39484cec07.bin;d3dbd3f84a5b8600.bin;d8a52eb470baa538.bin;e1dfd1a549890037.bin;e250f290f6212f81.bin;eb9d53354a504663.bin;ed7ecf9170cfaaf8.bin;f2aa871abddf9427.bin;f5df8e88540921e0.bin;f63b31a3da327a4f.bin;ff9b3266cfca2ba6.bin
0f552fdeae6042a0.tex	.tex	C:\Users\etqdo\Downloads\Clash Braum project\Braum.wad\0f552fdeae6042a0.tex	Braum.wad/0f552fdeae6042a0.tex	10948	ebe4b595b254306dac6baeb5179d16eebdc9948c034437953314b2ce2020ad1c	5445580080008000010a0001e518e310	0f552fdeae6042a0	assets/characters/braum/skins/skin24/particles/braum_skin24_q_spark_cas.tex	League texture	other skin/shared; see reference graph	02ab7e4623adf97e.bin
0f919e3bef68b0a0.anm	.anm	C:\Users\etqdo\Downloads\Clash Braum project\Braum.wad\0f919e3bef68b0a0.anm	Braum.wad/0f919e3bef68b0a0.anm	318716	34ffd13cb034beaba8f53929e33c55c76686169e812697736fa75ecf378529cf	7233643263616e6d01000000f0dc0400	0f919e3bef68b0a0	assets/characters/braum/skins/skin01/animations/braum_skin01_joke.anm	Animation tracks	other skin/shared; see reference graph	de78a7f6bf5c9803.bin
0f99d9892ea88bad.tex	.tex	C:\Users\etqdo\Downloads\Clash Braum project\Braum.wad\0f99d9892ea88bad.tex	Braum.wad/0f99d9892ea88bad.tex	43732	73aec669f83de28e8476bc8d9d5b492190013dc6f8bc071eb9af2ed0151a1934	5445580080000002010a00010100a118	0f99d9892ea88bad	assets/characters/braum/skins/skin10/particles/braum_skin10_r_indicator_side.tex	League texture	other skin/shared; see reference graph	f63b31a3da327a4f.bin
0f9d797dc1d1e34c.tex	.tex	C:\Users\etqdo\Downloads\Clash Braum project\Braum.wad\0f9d797dc1d1e34c.tex	Braum.wad/0f9d797dc1d1e34c.tex	21884	86d879874e299d3955ea4caeb41022e2a84f59696ce4d800787e5899f52dbb96	5445580080008000010c000139390000	0f9d797dc1d1e34c	assets/characters/braum/skins/skin01/particles/braum_skin01_ba_hit_distort_circle.tex	League texture	other skin/shared; see reference graph	fca448d5ff3861b5.bin
0fb09293bab911d8.tex	.tex	C:\Users\etqdo\Downloads\Clash Braum project\Braum.wad\0fb09293bab911d8.tex	Braum.wad/0fb09293bab911d8.tex	21884	421022615ecc61c376638eb61b67ad11e32c18d69989ab90791920836e8a05c6	5445580080008000010c0001a7a70000	0fb09293bab911d8	assets/characters/braum/skins/skin33/particles/common_distortion_soundwaves_01.tex	League texture	other skin/shared; see reference graph	ac2d2bd054d44f09.bin
1029d3ac0db72ee1.tex	.tex	C:\Users\etqdo\Downloads\Clash Braum project\Braum.wad\1029d3ac0db72ee1.tex	Braum.wad/1029d3ac0db72ee1.tex	21884	c25e814baeb7424b6f50fde2f3f5b9b73a18d467f17292731ae9dd8ede030d7e	5445580080008000010c000120200000	1029d3ac0db72ee1	assets/characters/braum/skins/skin42/particles/braum_skin42_e_stun_debris.tex	League texture	other skin/shared; see reference graph	ab5fbb4cdcdfb2ef.bin
103fc04223bbada5.tex	.tex	C:\Users\etqdo\Downloads\Clash Braum project\Braum.wad\103fc04223bbada5.tex	Braum.wad/103fc04223bbada5.tex	10948	13c35a0d414da35a0b5f73bf966b2d19fd91584a1e922f49336156f876e0c793	5445580080008000010a0001cf7bce73	103fc04223bbada5	assets/characters/braum/skins/skin51/particles/braum_skin51_z_oilysmoke_erode.tex	League texture	other skin/shared; see reference graph	7a1193b055eb059a.bin
10b4c2aa35775107.dds	.dds	C:\Users\etqdo\Downloads\Clash Braum project\Braum.wad\10b4c2aa35775107.dds	Braum.wad/10b4c2aa35775107.dds	2176	4e5ec46da55fb52da5a7f1d7af0a300087ca2fd5a2bd5b87c7ba043f06bf51a3	444453207c0000000710080040000000	10b4c2aa35775107	assets/characters/braum/hud/icons2d/braum_q.dds	DirectDraw texture	other skin/shared; see reference graph	52d36b20890112f7.bin
10c967e0dc007117.tex	.tex	C:\Users\etqdo\Downloads\Clash Braum project\Braum.wad\10c967e0dc007117.tex	Braum.wad/10c967e0dc007117.tex	87420	a72efd0cfc98026642cb23c4b784cd54837e21af76819817c1e136f22b481b35	5445580000010001010c000105050000	10c967e0dc007117	assets/characters/braum/skins/skin42/particles/braum_skin42_particles_1_450.tex	League texture	other skin/shared; see reference graph	ab5fbb4cdcdfb2ef.bin
1113c279e8ff1dd2.tex	.tex	C:\Users\etqdo\Downloads\Clash Braum project\Braum.wad\1113c279e8ff1dd2.tex	Braum.wad/1113c279e8ff1dd2.tex	16396	c31c4147b590a2744256f5b1e3e123023ffa603bfbd9c1e7cad34c22dbafd87e	5445580080008000010c000000000000	1113c279e8ff1dd2	assets/characters/braum/hud/braum_circle_33.tex	League texture	other skin/shared; see reference graph	25c2b1d3f80a7166.bin;399a7a520477b139.bin;3a207b8680fc4f78.bin;4af4d37cc3da7630.bin;775c4474dbe4b86c.bin;cf092c39484cec07.bin;f2aa871abddf9427.bin;f5df8e88540921e0.bin;ff9b3266cfca2ba6.bin
114223ebb3941f14.tex	.tex	C:\Users\etqdo\Downloads\Clash Braum project\Braum.wad\114223ebb3941f14.tex	Braum.wad/114223ebb3941f14.tex	87420	f4a3fd49e3ffe3a772ef0da43bdf3560a00579763430d0f5f1e010b2ffc52eba	5445580000010001010c0001ffff0000	114223ebb3941f14	assets/characters/braum/skins/skin42/particles/braum_skin42_p_setstar01.tex	League texture	other skin/shared; see reference graph	ab5fbb4cdcdfb2ef.bin
114904ab24f58fd9.tex	.tex	C:\Users\etqdo\Downloads\Clash Braum project\Braum.wad\114904ab24f58fd9.tex	Braum.wad/114904ab24f58fd9.tex	87420	9d12b154cceb23e2022ab59e4d6c0cff8740dcd4cfda6845dd53cbd376ba9f48	5445580000010001010c000125250000	114904ab24f58fd9	assets/characters/braum/skins/skin24/particles/braum_skin24_r_explosion_erosion.tex	League texture	other skin/shared; see reference graph	02ab7e4623adf97e.bin;3f6a40609700ee85.bin;88b5dd6dc0e099bd.bin;8cf62c85e1e2e7f9.bin;992d3c62ff62964c.bin;a582cf4ad353f261.bin;b30d6dd1b38ee53c.bin;c5c66176cca69ad3.bin;caacae9cc35f0267.bin;d3dbd3f84a5b8600.bin
11610741df93ff6c.dds	.dds	C:\Users\etqdo\Downloads\Clash Braum project\Braum.wad\11610741df93ff6c.dds	Braum.wad/11610741df93ff6c.dds	2176	7ea4245f3dd5261c927a84ac8bf25deae872a98f545d27a29a4aa0006f8546a7	444453207c0000000710080040000000	11610741df93ff6c	assets/characters/braum/hud/icons2d/braum_passive.dds	DirectDraw texture	other skin/shared; see reference graph	52d36b20890112f7.bin
116ec0a0df92a75a.tex	.tex	C:\Users\etqdo\Downloads\Clash Braum project\Braum.wad\116ec0a0df92a75a.tex	Braum.wad/116ec0a0df92a75a.tex	349564	5aad119475871993cd5a19c9956c0bca968a8d0d6400b1d9e24bada334f1a6ac	5445580000020002010c00010f0f0000	116ec0a0df92a75a	assets/characters/braum/skins/skin01/particles/braum_skin01_p_stack_01.tex	League texture	other skin/shared; see reference graph	fca448d5ff3861b5.bin
1183a0d3a33f1d11.tex	.tex	C:\Users\etqdo\Downloads\Clash Braum project\Braum.wad\1183a0d3a33f1d11.tex	Braum.wad/1183a0d3a33f1d11.tex	174804	7b6976f50d961c9872a8325f91dfcaaecebfdfccd6999d5883e07e8912774619	5445580000010004010a000142104110	1183a0d3a33f1d11	assets/characters/braum/skins/skin24/particles/braum_skin24_r_indicator_side_003.tex	League texture	other skin/shared; see reference graph	02ab7e4623adf97e.bin
11ac921a3ed2af03.scb	.scb	C:\Users\etqdo\Downloads\Clash Braum project\Braum.wad\11ac921a3ed2af03.scb	Braum.wad/11ac921a3ed2af03.scb	57820	4dde489412a3cae8750175264f8b15fdb92026496b50b1f5068703b2b50a949e	723364324d65736802000200653a5c72	11ac921a3ed2af03	assets/characters/braum/skins/skin10/particles/braum_base_e_block_shock.scb	Static mesh, commonly VFX geometry	other skin/shared; see reference graph	f63b31a3da327a4f.bin
11ec9cfcea3690aa.anm	.anm	C:\Users\etqdo\Downloads\Clash Braum project\Braum.wad\11ec9cfcea3690aa.anm	Braum.wad/11ec9cfcea3690aa.anm	82764	9ee403166b0919d6c4e0db5d97a9843c4afc0471281c7c2982e445b7e6b549e2	72336432616e6d640400000040430100	11ec9cfcea3690aa	assets/characters/braum/skins/base/animations/braum_spell3_punchright45.anm	Animation tracks	base or shared candidate	0b01eaec2c944f55.bin;57bea13d59e2af1a.bin;5e21202a9a0cef1a.bin;6c0cf3da2d377385.bin;72028fe917890575.bin;aa0aa8a7dd53a131.bin;d0fe19959c26552d.bin;de78a7f6bf5c9803.bin;e43dcf714c8a2a42.bin
1251b9e56f49c268.tex	.tex	C:\Users\etqdo\Downloads\Clash Braum project\Braum.wad\1251b9e56f49c268.tex	Braum.wad/1251b9e56f49c268.tex	87420	795066492732173821ed3006e897a1c6df68b0f9e497e7201f4b138dfac43ede	5445580000010001010c000144440000	1251b9e56f49c268	assets/characters/braum/skins/skin51/particles/braum_skin51_r_activate_wall.tex	League texture	other skin/shared; see reference graph	07f65b37fb75e834.bin;08e5b232f3994eee.bin;3079df1f381a87bc.bin;6c66319ffa4bb738.bin;6d6176ab099f3064.bin;70c57eae58af6c94.bin;7ca837cacce9639a.bin;b511ce2cc52d55a4.bin;d01bf01d5611bc53.bin;d56c87aaf7fac0ee.bin
125e57566e4b7e2e.tex	.tex	C:\Users\etqdo\Downloads\Clash Braum project\Braum.wad\125e57566e4b7e2e.tex	Braum.wad/125e57566e4b7e2e.tex	21884	6b14882bd9c3b103db8188cfdd1f04061c88abdb976d755faa601aba2359f84d	5445580080008000010c000195950000	125e57566e4b7e2e	assets/characters/braum/skins/skin24/particles/braum_skin24_q_fire_trail_up.tex	League texture	other skin/shared; see reference graph	3f6a40609700ee85.bin;88b5dd6dc0e099bd.bin;8cf62c85e1e2e7f9.bin;992d3c62ff62964c.bin;a582cf4ad353f261.bin;b30d6dd1b38ee53c.bin;c5c66176cca69ad3.bin;caacae9cc35f0267.bin;d3dbd3f84a5b8600.bin
127b3f6dfca6ffc9.tex	.tex	C:\Users\etqdo\Downloads\Clash Braum project\Braum.wad\127b3f6dfca6ffc9.tex	Braum.wad/127b3f6dfca6ffc9.tex	21884	08a3fff9f77a5a7640ae35c1c3038168d0a4f86a3ee3b597af782f90b34515e3	5445580080008000010c00018e8e0000	127b3f6dfca6ffc9	assets/characters/braum/skins/skin01/particles/braum_skin01_q_slow_ring.tex	League texture	other skin/shared; see reference graph	fca448d5ff3861b5.bin
1295cf0d12bff79d.tex	.tex	C:\Users\etqdo\Downloads\Clash Braum project\Braum.wad\1295cf0d12bff79d.tex	Braum.wad/1295cf0d12bff79d.tex	43716	a80d065bde7e1d6db55626ad9a9a76a8b862cded0eaf21368c5c37ee2409f344	5445580000010001010a000120400421	1295cf0d12bff79d	assets/characters/braum/skins/skin01/particles/braum_skin01_q_fire_shape.tex	League texture	other skin/shared; see reference graph	fca448d5ff3861b5.bin
12af7dd4c9e84ba0.tex	.tex	C:\Users\etqdo\Downloads\Clash Braum project\Braum.wad\12af7dd4c9e84ba0.tex	Braum.wad/12af7dd4c9e84ba0.tex	21884	345dbbc145c3efc067b7c52142cbad2a3c75b2f80657679f9d776e2a3a12c26b	5445580080008000010c000155550000	12af7dd4c9e84ba0	assets/characters/braum/skins/base/particles/braum_base_q_frost_tail_mult_mis.tex	League texture	base or shared candidate	03e78a116663752e.bin;2974de4048ee048b.bin;2dc39c165f3aa923.bin;f63b31a3da327a4f.bin
12c6bc9ae509f75c.tex	.tex	C:\Users\etqdo\Downloads\Clash Braum project\Braum.wad\12c6bc9ae509f75c.tex	Braum.wad/12c6bc9ae509f75c.tex	87420	1ffac789ca003ef337c5c3971c33c51f744bcc8256cf430e19b39b11143e07e2	5445580000010001010c0001fdfd0000	12c6bc9ae509f75c	assets/characters/braum/skins/skin11/particles/braum_skin11_w_circle.tex	League texture	other skin/shared; see reference graph	2974de4048ee048b.bin
12fbd1ebf6e3be79.tex	.tex	C:\Users\etqdo\Downloads\Clash Braum project\Braum.wad\12fbd1ebf6e3be79.tex	Braum.wad/12fbd1ebf6e3be79.tex	87420	f1a891d2d6c2814c9390e8997ae5b566282c0652bce4fc64cd3f74da70624a86	5445580000010001010c00011e1e0000	12fbd1ebf6e3be79	assets/characters/braum/skins/skin24/particles/braum_skin24_q_front_cone_v02.tex	League texture	other skin/shared; see reference graph	3f6a40609700ee85.bin;88b5dd6dc0e099bd.bin;8cf62c85e1e2e7f9.bin;992d3c62ff62964c.bin;a582cf4ad353f261.bin;b30d6dd1b38ee53c.bin;c5c66176cca69ad3.bin;caacae9cc35f0267.bin;d3dbd3f84a5b8600.bin
1302d1ae285a9a4a.tex	.tex	C:\Users\etqdo\Downloads\Clash Braum project\Braum.wad\1302d1ae285a9a4a.tex	Braum.wad/1302d1ae285a9a4a.tex	87420	e6889140912b2c8335fcf4c481268983aff3d990a5b093a5dedf812945845500	5445580000010001010c0001d4d40000	1302d1ae285a9a4a	assets/characters/braum/skins/skin24/particles/braum_skin24_e_shield_inchant_mult_edited.tex	League texture	other skin/shared; see reference graph	3f6a40609700ee85.bin;88b5dd6dc0e099bd.bin;8cf62c85e1e2e7f9.bin;992d3c62ff62964c.bin;a582cf4ad353f261.bin;b30d6dd1b38ee53c.bin;c5c66176cca69ad3.bin;caacae9cc35f0267.bin;d3dbd3f84a5b8600.bin
130318ef06247869.anm	.anm	C:\Users\etqdo\Downloads\Clash Braum project\Braum.wad\130318ef06247869.anm	Braum.wad/130318ef06247869.anm	964	b29858e885414a88291bde293c106234b3d8c3c5a01480cadc0ce636ed420542	7233643263616e6d01000000b8030000	130318ef06247869	assets/characters/braum/skins/skin24/particles/braum_skin24_r_cake_shard_02.anm	Animation tracks	other skin/shared; see reference graph	3f6a40609700ee85.bin;88b5dd6dc0e099bd.bin;8cf62c85e1e2e7f9.bin;992d3c62ff62964c.bin;a582cf4ad353f261.bin;b30d6dd1b38ee53c.bin;c5c66176cca69ad3.bin;caacae9cc35f0267.bin;d3dbd3f84a5b8600.bin
131ec038747e37ef.tex	.tex	C:\Users\etqdo\Downloads\Clash Braum project\Braum.wad\131ec038747e37ef.tex	Braum.wad/131ec038747e37ef.tex	21884	55cc1d811befcff162a4c17cdb288dd0e6c8a84edecb554a20229756c54d0d14	5445580080008000010c00016d6d0000	131ec038747e37ef	assets/characters/braum/skins/skin39/particles/braum_skin39_hat.tex	League texture	other skin/shared; see reference graph	cf092c39484cec07.bin
13442a3f47606af4.tex	.tex	C:\Users\etqdo\Downloads\Clash Braum project\Braum.wad\13442a3f47606af4.tex	Braum.wad/13442a3f47606af4.tex	87420	f3c31d628f4c9ebd82320f0af4cc1095737f1d4e34ed6d69bd78cd2850dca6b4	5445580000010001010c00014c4c0000	13442a3f47606af4	assets/characters/braum/skins/skin11/particles/braum_skin11_z_smoke.tex	League texture	other skin/shared; see reference graph	23b85b75eb659166.bin;2974de4048ee048b.bin;36b00af025f54940.bin;42ee6bdbfc9d170b.bin;4fe453abcf9c5181.bin;a44281cd843a8348.bin;bb8b47c7d87589f7.bin;d8a52eb470baa538.bin;e1dfd1a549890037.bin;ed7ecf9170cfaaf8.bin
13838e0d09651625.tex	.tex	C:\Users\etqdo\Downloads\Clash Braum project\Braum.wad\13838e0d09651625.tex	Braum.wad/13838e0d09651625.tex	43716	a80d065bde7e1d6db55626ad9a9a76a8b862cded0eaf21368c5c37ee2409f344	5445580000010001010a000120400421	13838e0d09651625	assets/characters/braum/skins/skin02/particles/braum_skin02_q_fire_shape.tex	League texture	other skin/shared; see reference graph	d0b441e03335be65.bin
13a77b4eb0b5352c.tex	.tex	C:\Users\etqdo\Downloads\Clash Braum project\Braum.wad\13a77b4eb0b5352c.tex	Braum.wad/13a77b4eb0b5352c.tex	87420	797c39b4a974f2901cbd092e3979caeabdb216355ffdc0701dd4bf8919c4580e	5445580000010001010c000137370000	13a77b4eb0b5352c	assets/characters/braum/skins/skin02/particles/braum_skin02_ba_spikes_tar.tex	League texture	other skin/shared; see reference graph	d0b441e03335be65.bin
13beb5afdefcde08.tex	.tex	C:\Users\etqdo\Downloads\Clash Braum project\Braum.wad\13beb5afdefcde08.tex	Braum.wad/13beb5afdefcde08.tex	699076	13eab37fdf6f586207c40c42f1e21d3ad7186f1d6c18c233d3dddad90e2cb2c3	5445580000040004010a0001aa82a662	13beb5afdefcde08	assets/characters/braum/skins/skin33/braum_skin33_body_tx_cm.tex	League texture	other skin/shared; see reference graph	3a207b8680fc4f78.bin
142f7f867dafd543.tex	.tex	C:\Users\etqdo\Downloads\Clash Braum project\Braum.wad\142f7f867dafd543.tex	Braum.wad/142f7f867dafd543.tex	21884	1570b9aee72afcbb6f985121230353009bf30c108e4aac3f2a13370257154c3d	5445580080008000010c000138380000	142f7f867dafd543	assets/characters/braum/skins/skin51/particles/braum_skin51_w_impact_flare.tex	League texture	other skin/shared; see reference graph	7a1193b055eb059a.bin
14c3e6acd90dfcdc.tex	.tex	C:\Users\etqdo\Downloads\Clash Braum project\Braum.wad\14c3e6acd90dfcdc.tex	Braum.wad/14c3e6acd90dfcdc.tex	21876	3e84e475aa1e7718b9435092526593c6dcd10222cd0d4782a1020b48d17afe01	5445580000018000010a000102192018	14c3e6acd90dfcdc	assets/characters/braum/skins/skin11/particles/braum_skin11_q_flash_tar.tex	League texture	other skin/shared; see reference graph	23b85b75eb659166.bin;2974de4048ee048b.bin;36b00af025f54940.bin;42ee6bdbfc9d170b.bin;4fe453abcf9c5181.bin;a44281cd843a8348.bin;bb8b47c7d87589f7.bin;d8a52eb470baa538.bin;e1dfd1a549890037.bin;ed7ecf9170cfaaf8.bin
14f3fa256229aa80.tex	.tex	C:\Users\etqdo\Downloads\Clash Braum project\Braum.wad\14f3fa256229aa80.tex	Braum.wad/14f3fa256229aa80.tex	349564	4e2d23597effb0fd2e3cd8627d3c07f390eb2d6abfbaf381066f0279d78851bf	5445580000020002010c0001e4e40000	14f3fa256229aa80	assets/characters/braum/skins/skin34/braum_skin34_palmtree_tx_cm.tex	League texture	other skin/shared; see reference graph	ff9b3266cfca2ba6.bin
153171ec96968c95.tex	.tex	C:\Users\etqdo\Downloads\Clash Braum project\Braum.wad\153171ec96968c95.tex	Braum.wad/153171ec96968c95.tex	5500	993593f0f9b2e1020db5e15737863e8b58e4fe0306acdafa6c0347094d8c84e4	5445580040004000010c0001aeae0000	153171ec96968c95	assets/characters/braum/skins/skin10/particles/braum_skin02_r_stripe_blast_mult.tex	League texture	other skin/shared; see reference graph	2974de4048ee048b.bin;2dc39c165f3aa923.bin
153d785b13ee3f40.tex	.tex	C:\Users\etqdo\Downloads\Clash Braum project\Braum.wad\153d785b13ee3f40.tex	Braum.wad/153d785b13ee3f40.tex	699076	ee119c5ac55bcbdb3db5d05fc79b29d404c1a195e2da5280c90c51e2c402165a	5445580000040004010a000107720662	153d785b13ee3f40		League texture	other skin/shared; see reference graph	
1545d7b8dc0205e5.tex	.tex	C:\Users\etqdo\Downloads\Clash Braum project\Braum.wad\1545d7b8dc0205e5.tex	Braum.wad/1545d7b8dc0205e5.tex	699076	ab5a0c952a9906580afebe2a4023274055e18f22a1dcc83f40eaa2df21b2fc41	5445580000040004010a00010c4b304a	1545d7b8dc0205e5	assets/characters/braum/skins/skin36/braum_skin36_shield_tx_cm.tex	League texture	other skin/shared; see reference graph	25c2b1d3f80a7166.bin
155ac5f9cb69a3cf.anm	.anm	C:\Users\etqdo\Downloads\Clash Braum project\Braum.wad\155ac5f9cb69a3cf.anm	Braum.wad/155ac5f9cb69a3cf.anm	46738	314c6cdf3b7cae1c068f924f6caf1ea131a358bfae3fff945bbdf9ecc85ab90d	7233643263616e6d0100000086b60000	155ac5f9cb69a3cf	assets/characters/braum/skins/base/animations/braum_attack_03.anm	Animation tracks	base or shared candidate	0b01eaec2c944f55.bin;57bea13d59e2af1a.bin;5e21202a9a0cef1a.bin;6c0cf3da2d377385.bin;72028fe917890575.bin;aa0aa8a7dd53a131.bin;d0fe19959c26552d.bin;de78a7f6bf5c9803.bin;e43dcf714c8a2a42.bin
157c324e24e1bee9.tex	.tex	C:\Users\etqdo\Downloads\Clash Braum project\Braum.wad\157c324e24e1bee9.tex	Braum.wad/157c324e24e1bee9.tex	10948	13c35a0d414da35a0b5f73bf966b2d19fd91584a1e922f49336156f876e0c793	5445580080008000010a0001cf7bce73	157c324e24e1bee9	assets/characters/braum/skins/skin42/particles/braum_skin42_emote_oilysmoke_erode.tex	League texture	other skin/shared; see reference graph	ab5fbb4cdcdfb2ef.bin
15f652d353581c83.tex	.tex	C:\Users\etqdo\Downloads\Clash Braum project\Braum.wad\15f652d353581c83.tex	Braum.wad/15f652d353581c83.tex	21884	93a696620cf4000cbf65d5305cbe3cbe070dd2731b0ba5dec506ef324d48854a	5445580080008000010c000124240000	15f652d353581c83	assets/characters/braum/skins/skin51/particles/taliyah_skin21_q_gradientv_03.tex	League texture	other skin/shared; see reference graph	07f65b37fb75e834.bin;08e5b232f3994eee.bin;3079df1f381a87bc.bin;6c66319ffa4bb738.bin;6d6176ab099f3064.bin;70c57eae58af6c94.bin;7ca837cacce9639a.bin;b511ce2cc52d55a4.bin;d01bf01d5611bc53.bin;d56c87aaf7fac0ee.bin
1640398cc9885522.tex	.tex	C:\Users\etqdo\Downloads\Clash Braum project\Braum.wad\1640398cc9885522.tex	Braum.wad/1640398cc9885522.tex	87420	6e82405ef059f83bece4d482fae15d254928913443cfcf470357b6e9be8e7205	5445580000010001010c00013b3b0000	1640398cc9885522	assets/characters/braum/skins/base/particles/braum_base_r_frozen_ground.tex	League texture	base or shared candidate	2dc39c165f3aa923.bin;f63b31a3da327a4f.bin
166d84879ac9c4f1.anm	.anm	C:\Users\etqdo\Downloads\Clash Braum project\Braum.wad\166d84879ac9c4f1.anm	Braum.wad/166d84879ac9c4f1.anm	38120	8cb0e617f8d60861364f7ca32b9c0446e75a2881d11dcd6405fd6536a735175a	7233643263616e6d01000000dc940000	166d84879ac9c4f1	assets/characters/braum/skins/base/animations/braum_spell3_punch45.anm	Animation tracks	base or shared candidate	0b01eaec2c944f55.bin;57bea13d59e2af1a.bin;5e21202a9a0cef1a.bin;6c0cf3da2d377385.bin;72028fe917890575.bin;aa0aa8a7dd53a131.bin;d0fe19959c26552d.bin;de78a7f6bf5c9803.bin
168c42484d60fd77.anm	.anm	C:\Users\etqdo\Downloads\Clash Braum project\Braum.wad\168c42484d60fd77.anm	Braum.wad/168c42484d60fd77.anm	64716	f75e99611e3615717de9e5f36db38fb282fbeb6d654384f53e02e82921261a57	7233643263616e6d01000000c0fc0000	168c42484d60fd77	assets/characters/braum/skins/skin11/animations/braum_idle_01_in.anm	Animation tracks	other skin/shared; see reference graph	e43dcf714c8a2a42.bin
169124173274b57c.skl	.skl	C:\Users\etqdo\Downloads\Clash Braum project\Braum.wad\169124173274b57c.skl	Braum.wad/169124173274b57c.skl	304	b188df21905a8115d1a76fcf1c4c682d821f6cf8a4a2388ec84dddf90f45de78	30010000c34ffd220000000000000200	169124173274b57c	assets/characters/braum/skins/skin01/particles/braum_skin01_r_ice_shard.skl	Skeleton, bind transforms and influence palette	other skin/shared; see reference graph	fca448d5ff3861b5.bin
16913111d5fc6a2d.tex	.tex	C:\Users\etqdo\Downloads\Clash Braum project\Braum.wad\16913111d5fc6a2d.tex	Braum.wad/16913111d5fc6a2d.tex	68	bc06557b44402fee1498430bd4008df9598085f44b29fea2f02218473674b2f8	5445580008000800010a0001fffffeff	16913111d5fc6a2d	assets/characters/braum/skins/skin33/particles/color-hold.tex	League texture	other skin/shared; see reference graph	25c2b1d3f80a7166.bin;399a7a520477b139.bin;3a207b8680fc4f78.bin;4af4d37cc3da7630.bin;775c4474dbe4b86c.bin;ac2d2bd054d44f09.bin;cf092c39484cec07.bin;f2aa871abddf9427.bin;f5df8e88540921e0.bin;ff9b3266cfca2ba6.bin
16a48569b9ef2c77.scb	.scb	C:\Users\etqdo\Downloads\Clash Braum project\Braum.wad\16a48569b9ef2c77.scb	Braum.wad/16a48569b9ef2c77.scb	38220	0ed57b949b8f3b3c94f53ee1f8fb1721145ee39e404812115c2789ec4d7a0f88	723364324d6573680300020000000000	16a48569b9ef2c77	assets/characters/braum/skins/skin24/particles/braum_skin24_nosecone_mesh.scb	Static mesh, commonly VFX geometry	other skin/shared; see reference graph	3f6a40609700ee85.bin;88b5dd6dc0e099bd.bin;8cf62c85e1e2e7f9.bin;992d3c62ff62964c.bin;a582cf4ad353f261.bin;b30d6dd1b38ee53c.bin;c5c66176cca69ad3.bin;caacae9cc35f0267.bin;d3dbd3f84a5b8600.bin
16e7317532a48423.tex	.tex	C:\Users\etqdo\Downloads\Clash Braum project\Braum.wad\16e7317532a48423.tex	Braum.wad/16e7317532a48423.tex	43716	44237dae4f44b6265d839909997d08ea45fd833820dc72b2afc296a23e738f4c	5445580000010001010a000162106000	16e7317532a48423	assets/characters/braum/skins/skin51/particles/braum_skin51_idle_sparkle.tex	League texture	other skin/shared; see reference graph	07f65b37fb75e834.bin;08e5b232f3994eee.bin;3079df1f381a87bc.bin;6c66319ffa4bb738.bin;6d6176ab099f3064.bin;70c57eae58af6c94.bin;7ca837cacce9639a.bin;b511ce2cc52d55a4.bin;d01bf01d5611bc53.bin;d56c87aaf7fac0ee.bin
1706df37ff4d71e4.tex	.tex	C:\Users\etqdo\Downloads\Clash Braum project\Braum.wad\1706df37ff4d71e4.tex	Braum.wad/1706df37ff4d71e4.tex	349564	4e2d23597effb0fd2e3cd8627d3c07f390eb2d6abfbaf381066f0279d78851bf	5445580000020002010c0001e4e40000	1706df37ff4d71e4	assets/characters/braum/skins/skin37/braum_skin37_palmtree_tx_cm.tex	League texture	other skin/shared; see reference graph	4af4d37cc3da7630.bin
1734e95c9792dbe2.tex	.tex	C:\Users\etqdo\Downloads\Clash Braum project\Braum.wad\1734e95c9792dbe2.tex	Braum.wad/1734e95c9792dbe2.tex	10948	3e09eb6218b3b15409aa238c3f7ed77f2cb4674dd65e9a3c3fa857fa2b38efd6	5445580080008000010a000162106108	1734e95c9792dbe2	assets/characters/braum/skins/base/particles/braum_base_p_poro_mustache.tex	League texture	base or shared candidate	f2ef4463d62600e6.bin
17880ec41f78881e.scb	.scb	C:\Users\etqdo\Downloads\Clash Braum project\Braum.wad\17880ec41f78881e.scb	Braum.wad/17880ec41f78881e.scb	12512	72fa9001d251ecf4c58ee59c392df4df5e78e38a11b3e81c5b2da546fa99eff1	723364324d6573680300020000000000	17880ec41f78881e	assets/characters/braum/skins/skin33/particles/qrootdecalpillar.scb	Static mesh, commonly VFX geometry	other skin/shared; see reference graph	25c2b1d3f80a7166.bin;399a7a520477b139.bin;3a207b8680fc4f78.bin;4af4d37cc3da7630.bin;775c4474dbe4b86c.bin;cf092c39484cec07.bin;f2aa871abddf9427.bin;f5df8e88540921e0.bin;ff9b3266cfca2ba6.bin
181afcd22fa23775.tex	.tex	C:\Users\etqdo\Downloads\Clash Braum project\Braum.wad\181afcd22fa23775.tex	Braum.wad/181afcd22fa23775.tex	21884	79feb2e75f5f6de2cac1dcd1aca691cae63ac6d93c7597a7c230b564ad91382a	5445580080008000010c000154540000	181afcd22fa23775	assets/characters/braum/skins/skin24/particles/braum_skin24_q_hit_tar_slowedit.tex	League texture	other skin/shared; see reference graph	02ab7e4623adf97e.bin;3f6a40609700ee85.bin;88b5dd6dc0e099bd.bin;8cf62c85e1e2e7f9.bin;992d3c62ff62964c.bin;a582cf4ad353f261.bin;b30d6dd1b38ee53c.bin;c5c66176cca69ad3.bin;caacae9cc35f0267.bin;d3dbd3f84a5b8600.bin
1820f9e95558a790.tex	.tex	C:\Users\etqdo\Downloads\Clash Braum project\Braum.wad\1820f9e95558a790.tex	Braum.wad/1820f9e95558a790.tex	349564	855d7affdfeed0539e9788104d96728b5d221b7ce1963bc100ac8a71087b95a9	5445580000020002010c00012e2e0000	1820f9e95558a790	assets/characters/braum/skins/skin11/particles/braum_skin11_z_coin_5x5.tex	League texture	other skin/shared; see reference graph	23b85b75eb659166.bin;2974de4048ee048b.bin;36b00af025f54940.bin;42ee6bdbfc9d170b.bin;4fe453abcf9c5181.bin;a44281cd843a8348.bin;bb8b47c7d87589f7.bin;d8a52eb470baa538.bin;e1dfd1a549890037.bin;ed7ecf9170cfaaf8.bin
183afb9baa7b07ea.tex	.tex	C:\Users\etqdo\Downloads\Clash Braum project\Braum.wad\183afb9baa7b07ea.tex	Braum.wad/183afb9baa7b07ea.tex	87420	557afb03ad13b761d11c53bfc043071c57cc5144fe038acb68faf26a74eb4cc9	5445580000010001010c00019a9a0000	183afb9baa7b07ea	assets/characters/braum/skins/skin02/particles/braum_skin02_i_donut_normal.tex	League texture	other skin/shared; see reference graph	d0b441e03335be65.bin
18a86a8575246547.tex	.tex	C:\Users\etqdo\Downloads\Clash Braum project\Braum.wad\18a86a8575246547.tex	Braum.wad/18a86a8575246547.tex	21876	e5760255bb785a3d36c78fd23fa240bdeb56bebde341e537112851adb5d6ee93	5445580000018000010a000161082108	18a86a8575246547	assets/characters/braum/skins/skin51/particles/jayce_base_lightning_trail_erode.tex	League texture	other skin/shared; see reference graph	07f65b37fb75e834.bin;08e5b232f3994eee.bin;3079df1f381a87bc.bin;6c66319ffa4bb738.bin;6d6176ab099f3064.bin;70c57eae58af6c94.bin;7ca837cacce9639a.bin;b511ce2cc52d55a4.bin;d01bf01d5611bc53.bin;d56c87aaf7fac0ee.bin
18afab21a7efd078.tex	.tex	C:\Users\etqdo\Downloads\Clash Braum project\Braum.wad\18afab21a7efd078.tex	Braum.wad/18afab21a7efd078.tex	43716	ccbb1e14e5e86538c4448dae74350d5a1dd73ef8d137b123cd101b4eb0dc4f26	5445580000010001010a000124212529	18afab21a7efd078	assets/characters/braum/skins/skin11/particles/braum_skin11_z_lightray.tex	League texture	other skin/shared; see reference graph	23b85b75eb659166.bin;2974de4048ee048b.bin;36b00af025f54940.bin;42ee6bdbfc9d170b.bin;4fe453abcf9c5181.bin;a44281cd843a8348.bin;bb8b47c7d87589f7.bin;d8a52eb470baa538.bin;e1dfd1a549890037.bin;ed7ecf9170cfaaf8.bin
18dbf09bc801bf89.anm	.anm	C:\Users\etqdo\Downloads\Clash Braum project\Braum.wad\18dbf09bc801bf89.anm	Braum.wad/18dbf09bc801bf89.anm	47958	c6e5d51aad35f05b0bee86f51440613b19705845c7d7efd457857387ddbd7dc5	7233643263616e6d010000004abb0000	18dbf09bc801bf89	assets/characters/braum/skins/skin02/animations/braum_skin02_attack_turret.anm	Animation tracks	other skin/shared; see reference graph	6c0cf3da2d377385.bin
192fdf260c72d1db.tex	.tex	C:\Users\etqdo\Downloads\Clash Braum project\Braum.wad\192fdf260c72d1db.tex	Braum.wad/192fdf260c72d1db.tex	87420	912913824d94c46ebe63bae760df3ba82a6eb6fd8ea547bdd365be0dfa7429cb	5445580000010001010c000123230000	192fdf260c72d1db	assets/characters/braum/skins/skin42/particles/braum_skin42_ba_meet01.tex	League texture	other skin/shared; see reference graph	ab5fbb4cdcdfb2ef.bin
19699469cda4681d.anm	.anm	C:\Users\etqdo\Downloads\Clash Braum project\Braum.wad\19699469cda4681d.anm	Braum.wad/19699469cda4681d.anm	56572	1d943cc7a345d51c5b05f613a2a9591152879676ddd4b728dfe5c9aa055e5c6e	72336432616e6d6405000000f0dc0000	19699469cda4681d	assets/characters/braum/skins/base/animations/braum_joke2_loop.anm	Animation tracks	base or shared candidate	0b01eaec2c944f55.bin;6c0cf3da2d377385.bin;72028fe917890575.bin;aa0aa8a7dd53a131.bin;d0fe19959c26552d.bin;de78a7f6bf5c9803.bin
1969ef027739397e.tex	.tex	C:\Users\etqdo\Downloads\Clash Braum project\Braum.wad\1969ef027739397e.tex	Braum.wad/1969ef027739397e.tex	43740	f2b2d7de8785cb9f11866922d0ff5cf1ebc2b976531de9b540d469c73d00db90	5445580000018000010c000135350000	1969ef027739397e	assets/characters/braum/skins/skin42/particles/braum_skin42_e_shield_fire01.tex	League texture	other skin/shared; see reference graph	ab5fbb4cdcdfb2ef.bin
19703053ac5d1b13.scb	.scb	C:\Users\etqdo\Downloads\Clash Braum project\Braum.wad\19703053ac5d1b13.scb	Braum.wad/19703053ac5d1b13.scb	3692	f706339b60616c1a729d0b9b64f9128d60326824f7f6d527642d52152bd5f856	723364324d6573680300020000000000	19703053ac5d1b13	assets/characters/braum/skins/skin42/particles/braum_skin42_e_shield_buff02.scb	Static mesh, commonly VFX geometry	other skin/shared; see reference graph	ab5fbb4cdcdfb2ef.bin
199dac73ca1d4876.tex	.tex	C:\Users\etqdo\Downloads\Clash Braum project\Braum.wad\199dac73ca1d4876.tex	Braum.wad/199dac73ca1d4876.tex	68	bc06557b44402fee1498430bd4008df9598085f44b29fea2f02218473674b2f8	5445580008000800010a0001fffffeff	199dac73ca1d4876	assets/characters/braum/skins/skin24/particles/defaultcoloroverlifetime.tex	League texture	other skin/shared; see reference graph	02ab7e4623adf97e.bin;3f6a40609700ee85.bin;88b5dd6dc0e099bd.bin;8cf62c85e1e2e7f9.bin;992d3c62ff62964c.bin;a582cf4ad353f261.bin;b30d6dd1b38ee53c.bin;c5c66176cca69ad3.bin;caacae9cc35f0267.bin;d3dbd3f84a5b8600.bin
1a45c82fbf5c546a.scb	.scb	C:\Users\etqdo\Downloads\Clash Braum project\Braum.wad\1a45c82fbf5c546a.scb	Braum.wad/1a45c82fbf5c546a.scb	3792	6ae1626f1c4ecc048fb7b655d51099cf77c00e97e40bb485904af205d8c49852	723364324d65736803000200643a5c70	1a45c82fbf5c546a	assets/characters/braum/skins/skin02/particles/braum_skin02_r_aoe_ring.scb	Static mesh, commonly VFX geometry	other skin/shared; see reference graph	d0b441e03335be65.bin
1a5f88d2a30a3020.tex	.tex	C:\Users\etqdo\Downloads\Clash Braum project\Braum.wad\1a5f88d2a30a3020.tex	Braum.wad/1a5f88d2a30a3020.tex	10972	94e806a8a079ee9d1af2fe03a2c7ebc0c3ad0e9a59931225c11e9c49f6686c93	5445580080004000010c000163630000	1a5f88d2a30a3020	assets/characters/braum/skins/skin33/particles/braum_skin33_w_trail.tex	League texture	other skin/shared; see reference graph	ac2d2bd054d44f09.bin
1a6bedb9ef3c442e.tex	.tex	C:\Users\etqdo\Downloads\Clash Braum project\Braum.wad\1a6bedb9ef3c442e.tex	Braum.wad/1a6bedb9ef3c442e.tex	87420	e2fc4e3d8c66f015d89ec85998d3fc0aeba0d77161c3ce24e99591efdfa6914d	5445580000010001010c000166660000	1a6bedb9ef3c442e	assets/shared/particles/base_dissolve_cloudy_01.tex	League texture	other skin/shared; see reference graph	ac2d2bd054d44f09.bin
1ae14ab3cbab6596.tex	.tex	C:\Users\etqdo\Downloads\Clash Braum project\Braum.wad\1ae14ab3cbab6596.tex	Braum.wad/1ae14ab3cbab6596.tex	43716	6f0748b75c37dbebde0b288dfc8f07f123dc5ac98f447de8ff281cb1091344dd	5445580000010001010a0001c318c310	1ae14ab3cbab6596	assets/characters/braum/skins/base/particles/braum_base_w_wispy_smoke.tex	League texture	base or shared candidate	2dc39c165f3aa923.bin
1b44f79bc3d71d5d.tex	.tex	C:\Users\etqdo\Downloads\Clash Braum project\Braum.wad\1b44f79bc3d71d5d.tex	Braum.wad/1b44f79bc3d71d5d.tex	21884	ecb0b6217daa22a3de11cbbe88c6dee01a994fb1852a9828cf5ec6fe6f054651	5445580080008000010c000147470000	1b44f79bc3d71d5d	assets/characters/braum/skins/skin51/particles/braum_skin51_r_clumps.tex	League texture	other skin/shared; see reference graph	7a1193b055eb059a.bin
1b6319eab08fe462.skn	.skn	C:\Users\etqdo\Downloads\Clash Braum project\Braum.wad\1b6319eab08fe462.skn	Braum.wad/1b6319eab08fe462.skn	6408	622a116921563c89a08e6e10a3f5e7e46758c21bf22110d415ffc4d6f2ac8d44	332211000400010001000000626c696e	1b6319eab08fe462	assets/characters/braum/skins/skin33/particles/braum_skin33_recall_sand_end_2.skn	Skinned mesh with submeshes and vertex weights	other skin/shared; see reference graph	ac2d2bd054d44f09.bin
1b6b4bd0fa8e58ea.tex	.tex	C:\Users\etqdo\Downloads\Clash Braum project\Braum.wad\1b6b4bd0fa8e58ea.tex	Braum.wad/1b6b4bd0fa8e58ea.tex	21884	7b981391dfe3c13798ed78ad6124037479fcc593ef1877003f794b4456ac811d	5445580080008000010c00018e8e0000	1b6b4bd0fa8e58ea	assets/characters/braum/skins/skin02/particles/braum_skin02_q_slow_ring.tex	League texture	other skin/shared; see reference graph	d0b441e03335be65.bin
1b71af4dae8bb019.tex	.tex	C:\Users\etqdo\Downloads\Clash Braum project\Braum.wad\1b71af4dae8bb019.tex	Braum.wad/1b71af4dae8bb019.tex	10948	64ae1164ed74edcb8feba8f4900b443018d5d3d706308fb56288a18686d7fbfd	5445580080008000010a000145284319	1b71af4dae8bb019	assets/characters/braum/skins/skin51/particles/braum_skin51_77.tex	League texture	other skin/shared; see reference graph	7a1193b055eb059a.bin
1b89a0e62dcb8e11.tex	.tex	C:\Users\etqdo\Downloads\Clash Braum project\Braum.wad\1b89a0e62dcb8e11.tex	Braum.wad/1b89a0e62dcb8e11.tex	87420	557afb03ad13b761d11c53bfc043071c57cc5144fe038acb68faf26a74eb4cc9	5445580000010001010c00019a9a0000	1b89a0e62dcb8e11	assets/characters/braum/skins/base/particles/braum_base_i_donut_normal.tex	League texture	base or shared candidate	2974de4048ee048b.bin;2ac87759d2643dea.bin;2dc39c165f3aa923.bin;d0b441e03335be65.bin;f2ef4463d62600e6.bin;f63b31a3da327a4f.bin;fca448d5ff3861b5.bin
1b91f0629fc526f2.tex	.tex	C:\Users\etqdo\Downloads\Clash Braum project\Braum.wad\1b91f0629fc526f2.tex	Braum.wad/1b91f0629fc526f2.tex	87420	163e3e7a116be605e5ee29ea2deb98dc5f9fa06d01d1d3202992b2d9830ac5fa	5445580000010001010c0001ffff0000	1b91f0629fc526f2	assets/characters/braum/skins/skin01/particles/braum_skin01_r_ground_nova.tex	League texture	other skin/shared; see reference graph	fca448d5ff3861b5.bin
1b9fe6d8d2fda58a.skl	.skl	C:\Users\etqdo\Downloads\Clash Braum project\Braum.wad\1b9fe6d8d2fda58a.skl	Braum.wad/1b9fe6d8d2fda58a.skl	14756	d395949c79154a2f70f4876a28b966375e38ae9ae5418ea75aaa204e2f1f090a	a4390000c34ffd220000000000007700	1b9fe6d8d2fda58a	assets/characters/braum/skins/skin02/braum_skin02.skl	Skeleton, bind transforms and influence palette	other skin/shared; see reference graph	d0b441e03335be65.bin
1ba00134e8374492.skn	.skn	C:\Users\etqdo\Downloads\Clash Braum project\Braum.wad\1ba00134e8374492.skn	Braum.wad/1ba00134e8374492.skn	756	fd9cb3cef8d3327cccfad16756b161622cf01ef3b3f45e320678d12c4c2d4bd1	332211000400010001000000536b696e	1ba00134e8374492	assets/characters/braum/skins/skin11/particles/barum_skin11_r_goldcolumn.skn	Skinned mesh with submeshes and vertex weights	other skin/shared; see reference graph	2974de4048ee048b.bin
1c07263d614f29ad.tex	.tex	C:\Users\etqdo\Downloads\Clash Braum project\Braum.wad\1c07263d614f29ad.tex	Braum.wad/1c07263d614f29ad.tex	87452	82226221d0da8f895ccd9dbc531657d99946d5277ce88d09b79caaf06979572e	5445580000028000010c00011e1e0000	1c07263d614f29ad	assets/characters/braum/skins/skin33/particles/braum_skin33_r_hit_orbit_tar.tex	League texture	other skin/shared; see reference graph	ac2d2bd054d44f09.bin
1c46866b0cd29eee.tex	.tex	C:\Users\etqdo\Downloads\Clash Braum project\Braum.wad\1c46866b0cd29eee.tex	Braum.wad/1c46866b0cd29eee.tex	174788	e23a2acd235218ccc539fe9329c872cca886c2e88ca01b517ea0b09c2b2f4b02	5445580000020002010a0001aa5ae759	1c46866b0cd29eee	assets/characters/braum/skins/skin36/braum_skin36_coconut_tx_cm.tex	League texture	other skin/shared; see reference graph	25c2b1d3f80a7166.bin
1c62b893fba000ca.tex	.tex	C:\Users\etqdo\Downloads\Clash Braum project\Braum.wad\1c62b893fba000ca.tex	Braum.wad/1c62b893fba000ca.tex	87420	601aa51956df9b54f5faf3dbd694a4eb65d939d9c6677d5c25d50b827981167d	5445580000010001010c0001ffff0000	1c62b893fba000ca	assets/characters/braum/skins/skin24/particles/glow_ahead_cookie2.tex	League texture	other skin/shared; see reference graph	3f6a40609700ee85.bin;88b5dd6dc0e099bd.bin;8cf62c85e1e2e7f9.bin;992d3c62ff62964c.bin;a582cf4ad353f261.bin;b30d6dd1b38ee53c.bin;c5c66176cca69ad3.bin;caacae9cc35f0267.bin;d3dbd3f84a5b8600.bin
1c691e205ce54a51.tex	.tex	C:\Users\etqdo\Downloads\Clash Braum project\Braum.wad\1c691e205ce54a51.tex	Braum.wad/1c691e205ce54a51.tex	349564	9ed688215d10258be43188e42aa292aee682eb9b968cf8228ed222cd741cd8c3	5445580000020002010c000113130000	1c691e205ce54a51	assets/characters/braum/skins/skin01/particles/braum_skin01_p_stack_03.tex	League texture	other skin/shared; see reference graph	fca448d5ff3861b5.bin
1c93b66f6cdecf1c.scb	.scb	C:\Users\etqdo\Downloads\Clash Braum project\Braum.wad\1c93b66f6cdecf1c.scb	Braum.wad/1c93b66f6cdecf1c.scb	5578	97651e8c5c7ba6fcc41a3d2de1963cb0e35f16647b532892c339cc76c648f863	723364324d6573680300020000000000	1c93b66f6cdecf1c	assets/characters/braum/skins/skin24/particles/braum_skin24_ba_ice_shards.scb	Static mesh, commonly VFX geometry	other skin/shared; see reference graph	02ab7e4623adf97e.bin
1c9ed51a72134a9a.tex	.tex	C:\Users\etqdo\Downloads\Clash Braum project\Braum.wad\1c9ed51a72134a9a.tex	Braum.wad/1c9ed51a72134a9a.tex	87420	ecb1e76be4acca4a49d10511f80b0c89c2fa4b31ade2c1fafd016642b4f567c2	5445580000010001010c000145450000	1c9ed51a72134a9a	assets/characters/braum/skins/skin24/particles/braum_skin24_p_glow_candy_heart.tex	League texture	other skin/shared; see reference graph	02ab7e4623adf97e.bin
1caf17a4c0608fe0.tex	.tex	C:\Users\etqdo\Downloads\Clash Braum project\Braum.wad\1caf17a4c0608fe0.tex	Braum.wad/1caf17a4c0608fe0.tex	174812	231fc96d6bdc78e4f64a589a0380eab10fbc37ffa1e377096f04a9ba35fd89bd	5445580000020001010c00012a2a0000	1caf17a4c0608fe0	assets/characters/braum/skins/skin10/particles/env_mb_brazierfire_flipbook_01.tex	League texture	other skin/shared; see reference graph	f63b31a3da327a4f.bin
1cb7d05c7876f131.tex	.tex	C:\Users\etqdo\Downloads\Clash Braum project\Braum.wad\1cb7d05c7876f131.tex	Braum.wad/1cb7d05c7876f131.tex	174788	89879b075ba346780594725deb47ab9c5e5fe03f576f741935ec2b467d9d8e99	5445580000020002010a00017ef77bdf	1cb7d05c7876f131		League texture	other skin/shared; see reference graph	
1ce169f47eeadc54.scb	.scb	C:\Users\etqdo\Downloads\Clash Braum project\Braum.wad\1ce169f47eeadc54.scb	Braum.wad/1ce169f47eeadc54.scb	28056	286c09249a07a281dba223c41bbffbf9727b0e0e4a2abd063e6711e288188d22	723364324d6573680300020000000000	1ce169f47eeadc54	assets/characters/braum/skins/skin51/particles/braum_skin51_r_hit_orbit_tar.scb	Static mesh, commonly VFX geometry	other skin/shared; see reference graph	7a1193b055eb059a.bin
1d0c4e9b23a86b57.tex	.tex	C:\Users\etqdo\Downloads\Clash Braum project\Braum.wad\1d0c4e9b23a86b57.tex	Braum.wad/1d0c4e9b23a86b57.tex	349556	cf1a150ec8062b211df1876a9499845695594e98abafa3c8598c4f9795e3e746	5445580000040002010a0001024a0649	1d0c4e9b23a86b57	assets/characters/braum/skins/skin01/particles/braum_skin01_e_shield_override.tex	League texture	other skin/shared; see reference graph	1eb4979be4e9320c.bin;4b8cf46e9a27ff51.bin;4fed391540044397.bin;5d7e7a1984eb745d.bin;69066dbc18657bec.bin;7b9824cbef34ed4d.bin;e250f290f6212f81.bin
1d0d28ba40b78145.tex	.tex	C:\Users\etqdo\Downloads\Clash Braum project\Braum.wad\1d0d28ba40b78145.tex	Braum.wad/1d0d28ba40b78145.tex	349564	4e29a822e55b3f88c0d3bccd45cc768877931d16c314332ffaee82a2a23eaf6d	5445580000020002010c0001f3f30000	1d0d28ba40b78145	assets/characters/braum/skins/skin57/particles/braum_skin57_shield_tx_03.tex	League texture	other skin/shared; see reference graph	b511ce2cc52d55a4.bin
1d33801e4f097870.tex	.tex	C:\Users\etqdo\Downloads\Clash Braum project\Braum.wad\1d33801e4f097870.tex	Braum.wad/1d33801e4f097870.tex	87420	d641207a1bc6ae497d4cb62d7c2c92660737e8f48ca62b13aa9cdf5587830ddb	5445580000010001010c000127270000	1d33801e4f097870	assets/characters/braum/skins/skin10/particles/braum_skin10_ba_trail_cas.tex	League texture	other skin/shared; see reference graph	f63b31a3da327a4f.bin
1d4a2fcd8dd4dc72.tex	.tex	C:\Users\etqdo\Downloads\Clash Braum project\Braum.wad\1d4a2fcd8dd4dc72.tex	Braum.wad/1d4a2fcd8dd4dc72.tex	87420	f8740091dc5ac13f86afd44d8b24c4a38e1d5c6fbdafda200f51e6b4663046d1	5445580000010001010c000102020000	1d4a2fcd8dd4dc72	assets/characters/braum/skins/skin55/particles/braum_skin55_shield_tx_02.tex	League texture	other skin/shared; see reference graph	6d6176ab099f3064.bin
1d5956fdb0a59d26.scb	.scb	C:\Users\etqdo\Downloads\Clash Braum project\Braum.wad\1d5956fdb0a59d26.scb	Braum.wad/1d5956fdb0a59d26.scb	34352	5084453ae6f52581caebb54b0ddfc910415fea748a4dd095d350530c077c3633	723364324d65736803000200653a5c72	1d5956fdb0a59d26	assets/characters/braum/skins/skin01/particles/braum_skin01_q_slow_ring.scb	Static mesh, commonly VFX geometry	other skin/shared; see reference graph	fca448d5ff3861b5.bin
1d76e5575731d4f1.tex	.tex	C:\Users\etqdo\Downloads\Clash Braum project\Braum.wad\1d76e5575731d4f1.tex	Braum.wad/1d76e5575731d4f1.tex	349556	f01391717096f6b336037196ec827dd0d502d74f86428f83abc8f05dccd95043	5445580000040002010a000126624241	1d76e5575731d4f1	assets/characters/braum/skins/skin06/particles/braum_skin06_e_shield_override.tex	League texture	other skin/shared; see reference graph	69066dbc18657bec.bin
1db7659723e6c12a.anm	.anm	C:\Users\etqdo\Downloads\Clash Braum project\Braum.wad\1db7659723e6c12a.anm	Braum.wad/1db7659723e6c12a.anm	52464	31210010eb53f607fc02f680257abfc4e5e4bd7759b36a5d73758a3f6e9a0cef	72336432616e6d6405000000e4cc0000	1db7659723e6c12a		Animation tracks	other skin/shared; see reference graph	
1e14a9f1bb129678.tex	.tex	C:\Users\etqdo\Downloads\Clash Braum project\Braum.wad\1e14a9f1bb129678.tex	Braum.wad/1e14a9f1bb129678.tex	43732	830378f6403c9da8285a799dd4512f3b64df4e82475c41d2328d822d3194b9df	5445580080000002010a0001a2100108	1e14a9f1bb129678	assets/characters/braum/skins/skin33/particles/braum_skin33_r_indicator_side_poolparty_2.tex	League texture	other skin/shared; see reference graph	ac2d2bd054d44f09.bin
1e31f7b9c414f6c0.tex	.tex	C:\Users\etqdo\Downloads\Clash Braum project\Braum.wad\1e31f7b9c414f6c0.tex	Braum.wad/1e31f7b9c414f6c0.tex	10972	c645ca9be2aad9c5406d42cc74da2050adba0c2a64efb775940534ec18935753	5445580080004000010c00014f4f0000	1e31f7b9c414f6c0	assets/characters/braum/skins/skin51/particles/braum_skin51_q_tendrils_mult_z04.tex	League texture	other skin/shared; see reference graph	07f65b37fb75e834.bin;08e5b232f3994eee.bin;3079df1f381a87bc.bin;6c66319ffa4bb738.bin;6d6176ab099f3064.bin;70c57eae58af6c94.bin;7ca837cacce9639a.bin;b511ce2cc52d55a4.bin;d01bf01d5611bc53.bin;d56c87aaf7fac0ee.bin
1e3a3d761d033864.tex	.tex	C:\Users\etqdo\Downloads\Clash Braum project\Braum.wad\1e3a3d761d033864.tex	Braum.wad/1e3a3d761d033864.tex	87420	645ffb49c4e047daa0a2c042b23dcca99246db0f58662749b7957257366326c5	5445580000010001010c00011b1b0000	1e3a3d761d033864	assets/characters/braum/skins/skin51/particles/braum_skin51_60.tex	League texture	other skin/shared; see reference graph	7a1193b055eb059a.bin
1e40a28928c478c6.tex	.tex	C:\Users\etqdo\Downloads\Clash Braum project\Braum.wad\1e40a28928c478c6.tex	Braum.wad/1e40a28928c478c6.tex	43716	266e66ec201d02834a5dbb1743ca0d43ff8141e7bed215f14a35af07b81129dd	5445580000010001010a0001527c705b	1e40a28928c478c6	assets/characters/braum/skins/skin10/particles/braum_skin10_p_porotexture.tex	League texture	other skin/shared; see reference graph	f63b31a3da327a4f.bin
1e4b7ca07dc8e8eb.tex	.tex	C:\Users\etqdo\Downloads\Clash Braum project\Braum.wad\1e4b7ca07dc8e8eb.tex	Braum.wad/1e4b7ca07dc8e8eb.tex	43740	6c6967e531233e50782a5dd8577e339cbee5c216dc503cd4f56003100dfc5f9a	5445580000018000010c00015c5c0000	1e4b7ca07dc8e8eb	assets/characters/braum/skins/skin11/particles/braum_skin11_z_debuff_mult.tex	League texture	other skin/shared; see reference graph	23b85b75eb659166.bin;2974de4048ee048b.bin;36b00af025f54940.bin;42ee6bdbfc9d170b.bin;4fe453abcf9c5181.bin;a44281cd843a8348.bin;bb8b47c7d87589f7.bin;d8a52eb470baa538.bin;e1dfd1a549890037.bin;ed7ecf9170cfaaf8.bin
1e5f894451252e4b.tex	.tex	C:\Users\etqdo\Downloads\Clash Braum project\Braum.wad\1e5f894451252e4b.tex	Braum.wad/1e5f894451252e4b.tex	349564	d1392f1355ef5c348bc9c89dfb38bdb7ed2e4f4ff12ef5853ece4cea821e9066	5445580000020002010c0001ffff0000	1e5f894451252e4b	assets/characters/braum/skins/skin59/particles/braum_skin59_r_stone_01.tex	League texture	other skin/shared; see reference graph	3079df1f381a87bc.bin
1e5fbff8d92d71b0.tex	.tex	C:\Users\etqdo\Downloads\Clash Braum project\Braum.wad\1e5fbff8d92d71b0.tex	Braum.wad/1e5fbff8d92d71b0.tex	349564	05f244031f6fbc7e801ac42ffc43cf2a1977988fceb20832e87abb709115ab0c	5445580000020002010c000108080000	1e5fbff8d92d71b0	assets/characters/braum/skins/skin27/particles/braum_skin27_q_cookie_shard.tex	League texture	other skin/shared; see reference graph	992d3c62ff62964c.bin
1e6982308d89ed14.tex	.tex	C:\Users\etqdo\Downloads\Clash Braum project\Braum.wad\1e6982308d89ed14.tex	Braum.wad/1e6982308d89ed14.tex	87420	6e82405ef059f83bece4d482fae15d254928913443cfcf470357b6e9be8e7205	5445580000010001010c00013b3b0000	1e6982308d89ed14	assets/characters/braum/skins/skin51/particles/braum_skin51_r_frozen_ground.tex	League texture	other skin/shared; see reference graph	07f65b37fb75e834.bin;08e5b232f3994eee.bin;3079df1f381a87bc.bin;6c66319ffa4bb738.bin;6d6176ab099f3064.bin;70c57eae58af6c94.bin;7ca837cacce9639a.bin;b511ce2cc52d55a4.bin;d01bf01d5611bc53.bin;d56c87aaf7fac0ee.bin
1e98faabbd648940.tex	.tex	C:\Users\etqdo\Downloads\Clash Braum project\Braum.wad\1e98faabbd648940.tex	Braum.wad/1e98faabbd648940.tex	21884	86d879874e299d3955ea4caeb41022e2a84f59696ce4d800787e5899f52dbb96	5445580080008000010c000139390000	1e98faabbd648940	assets/characters/braum/skins/skin02/particles/braum_skin02_ba_hit_distort_circle.tex	League texture	other skin/shared; see reference graph	23b85b75eb659166.bin;2974de4048ee048b.bin;36b00af025f54940.bin;42ee6bdbfc9d170b.bin;4fe453abcf9c5181.bin;a44281cd843a8348.bin;bb8b47c7d87589f7.bin;d0b441e03335be65.bin;d8a52eb470baa538.bin;e1dfd1a549890037.bin;ed7ecf9170cfaaf8.bin
1eb4979be4e9320c.bin	.bin	C:\Users\etqdo\Downloads\Clash Braum project\Braum.wad\1eb4979be4e9320c.bin	Braum.wad/1eb4979be4e9320c.bin	25193	3047116ccfddc628b8846324102f591fe31120d522fd2a4632d2622eb9635647	50524f5003000000090000003f034441	1eb4979be4e9320c	data/characters/braum/skins/skin1.bin	Property configuration and asset links	other skin/shared; see reference graph	
1ec74a5d5b4d1ae7.tex	.tex	C:\Users\etqdo\Downloads\Clash Braum project\Braum.wad\1ec74a5d5b4d1ae7.tex	Braum.wad/1ec74a5d5b4d1ae7.tex	43740	2e636ba05d4ce23896dd42586af8f514b3ac9eadab39d5471b01b2cfc7eee3db	5445580000018000010c00011c1c0000	1ec74a5d5b4d1ae7	assets/characters/braum/skins/skin51/particles/braum_skin51_idle_eyes.tex	League texture	other skin/shared; see reference graph	07f65b37fb75e834.bin;08e5b232f3994eee.bin;3079df1f381a87bc.bin;6c66319ffa4bb738.bin;6d6176ab099f3064.bin;70c57eae58af6c94.bin;7ca837cacce9639a.bin;b511ce2cc52d55a4.bin;d01bf01d5611bc53.bin;d56c87aaf7fac0ee.bin
1ece4f71dcaae346.tex	.tex	C:\Users\etqdo\Downloads\Clash Braum project\Braum.wad\1ece4f71dcaae346.tex	Braum.wad/1ece4f71dcaae346.tex	10948	a5c093b04c5aa79f4e05c04dcc77c3185760cbc8c2a0e302fd8348afd53926cc	5445580080008000010a000152657244	1ece4f71dcaae346	assets/characters/braum/skins/skin33/particles/braum_skin33_ramp_3.tex	League texture	other skin/shared; see reference graph	25c2b1d3f80a7166.bin;399a7a520477b139.bin;3a207b8680fc4f78.bin;4af4d37cc3da7630.bin;775c4474dbe4b86c.bin;cf092c39484cec07.bin;f2aa871abddf9427.bin;f5df8e88540921e0.bin;ff9b3266cfca2ba6.bin
1f5910375e4a4bc2.dds	.dds	C:\Users\etqdo\Downloads\Clash Braum project\Braum.wad\1f5910375e4a4bc2.dds	Braum.wad/1f5910375e4a4bc2.dds	2176	84946c75cb733f82363140269e6b5edf625bcfabbaa72bb367d07ebabc4139a4	444453207c0000000710080040000000	1f5910375e4a4bc2	assets/spells/icons2d/rumble_junkyardtitan2.dds	DirectDraw texture	other skin/shared; see reference graph	
1f67c0191a6ea7d1.tex	.tex	C:\Users\etqdo\Downloads\Clash Braum project\Braum.wad\1f67c0191a6ea7d1.tex	Braum.wad/1f67c0191a6ea7d1.tex	21884	64fa8d56826d024ceafbf4d350cff05f1ef092e4aad8e8c2c635b87f3bbc5614	5445580080008000010c0001e8e80000	1f67c0191a6ea7d1	assets/characters/braum/skins/skin33/particles/braum_skin02_e_shield_mult_texture_2.tex	League texture	other skin/shared; see reference graph	3a207b8680fc4f78.bin
1f7802d3b79876ba.anm	.anm	C:\Users\etqdo\Downloads\Clash Braum project\Braum.wad\1f7802d3b79876ba.anm	Braum.wad/1f7802d3b79876ba.anm	22732	53ff4e5ab03cf09c7a17d8ccec65e5cafdbdacacbd9c843f119ea4b045535f86	7233643263616e6d01000000c0580000	1f7802d3b79876ba	assets/characters/braum/skins/base/animations/braum_run_slow.anm	Animation tracks	base or shared candidate	0b01eaec2c944f55.bin;57bea13d59e2af1a.bin;5e21202a9a0cef1a.bin;6c0cf3da2d377385.bin;72028fe917890575.bin;aa0aa8a7dd53a131.bin;d0fe19959c26552d.bin;de78a7f6bf5c9803.bin
1fb5a5d85e3f546f.tex	.tex	C:\Users\etqdo\Downloads\Clash Braum project\Braum.wad\1fb5a5d85e3f546f.tex	Braum.wad/1fb5a5d85e3f546f.tex	87420	cdc39ccfd6bb5ad5197508a7602d58ea9e44dae27669303bdd36188575b0c437	5445580000010001010c000137370000	1fb5a5d85e3f546f	assets/characters/braum/skins/skin33/particles/braum_skin33_r_spikes_tar.tex	League texture	other skin/shared; see reference graph	ac2d2bd054d44f09.bin
1fdeb71c33abbf09.tex	.tex	C:\Users\etqdo\Downloads\Clash Braum project\Braum.wad\1fdeb71c33abbf09.tex	Braum.wad/1fdeb71c33abbf09.tex	86252	ab50aac14927508b5fcbd6745739a3d8668e7a7c487ede9195a208c415b03382	5445580034013002010a000020000000	1fdeb71c33abbf09	assets/characters/braum/skins/skin02/braumloadscreen_2.tex	League texture	other skin/shared; see reference graph	d0b441e03335be65.bin
1fe7cb67390350e4.skl	.skl	C:\Users\etqdo\Downloads\Clash Braum project\Braum.wad\1fe7cb67390350e4.skl	Braum.wad/1fe7cb67390350e4.skl	192	3451091a4918c9ad189898473cb5493d80741338d220a3b258b5de0318098131	c0000000c34ffd220000000000000100	1fe7cb67390350e4	assets/characters/braum/skins/skin33/particles/braum_skin33_recall_sand_end_2.skl	Skeleton, bind transforms and influence palette	other skin/shared; see reference graph	ac2d2bd054d44f09.bin
2004cccbbdc33147.tex	.tex	C:\Users\etqdo\Downloads\Clash Braum project\Braum.wad\2004cccbbdc33147.tex	Braum.wad/2004cccbbdc33147.tex	21876	280bd5691ba321b056c8f47ec45430e4fbfbf06d1c82f9649ab11e7382341581	5445580000018000010a0001e3180108	2004cccbbdc33147	assets/characters/braum/skins/skin51/particles/braum_skin51_e_flash_tar.tex	League texture	other skin/shared; see reference graph	07f65b37fb75e834.bin;08e5b232f3994eee.bin;3079df1f381a87bc.bin;6c66319ffa4bb738.bin;6d6176ab099f3064.bin;70c57eae58af6c94.bin;7a1193b055eb059a.bin;7ca837cacce9639a.bin;b511ce2cc52d55a4.bin;d01bf01d5611bc53.bin;d56c87aaf7fac0ee.bin
201b60d0249f1ad8.tex	.tex	C:\Users\etqdo\Downloads\Clash Braum project\Braum.wad\201b60d0249f1ad8.tex	Braum.wad/201b60d0249f1ad8.tex	87420	6626956628928a2d696d1f047c20066e31090dd569f64d84bd6ae1d973ff57cb	5445580000010001010c000169690000	201b60d0249f1ad8	assets/characters/braum/skins/skin51/particles/braum_skin51_r_crack_04.tex	League texture	other skin/shared; see reference graph	70c57eae58af6c94.bin
201d90cf6ae9557c.tex	.tex	C:\Users\etqdo\Downloads\Clash Braum project\Braum.wad\201d90cf6ae9557c.tex	Braum.wad/201d90cf6ae9557c.tex	87420	84c0a7b5ec7ce00f48d5211b0c1fa2179adc7b7074526e31a9f71bb8d1b7edde	5445580000010001010c000119190000	201d90cf6ae9557c	assets/characters/braum/skins/skin11/particles/braum_skin11_ba_hit_circle_tar.tex	League texture	other skin/shared; see reference graph	2974de4048ee048b.bin
204230c56f173dd7.tex	.tex	C:\Users\etqdo\Downloads\Clash Braum project\Braum.wad\204230c56f173dd7.tex	Braum.wad/204230c56f173dd7.tex	174788	7f97f49f4197ef5704188d853728027d8d4c2fe8867f969a659a8f7bf938330c	5445580000020002010a0001a761ab79	204230c56f173dd7	assets/characters/braum/skins/skin10/particles/braum_skin10_candycane_tx_cm.tex	League texture	other skin/shared; see reference graph	f63b31a3da327a4f.bin
2046ebbd57a860ed.tex	.tex	C:\Users\etqdo\Downloads\Clash Braum project\Braum.wad\2046ebbd57a860ed.tex	Braum.wad/2046ebbd57a860ed.tex	1398140	0101a69e8c5d9d170e7275fc91a4c1316738457ccf875b71d92fccafe4a8e428	5445580000040004010c0001ebeb0000	2046ebbd57a860ed	assets/characters/braum/skins/skin55/braum_skin55_shield_tx_cm.tex	League texture	other skin/shared; see reference graph	6d6176ab099f3064.bin
204cc9e631ec1586.tex	.tex	C:\Users\etqdo\Downloads\Clash Braum project\Braum.wad\204cc9e631ec1586.tex	Braum.wad/204cc9e631ec1586.tex	43716	5d9726e147cc572a58d63a5ab1c911607c372d270058aed0e7efad599a41cdf2	5445580000010001010a000126322631	204cc9e631ec1586	assets/characters/braum/skins/skin11/particles/braum_skin11_w_icon.tex	League texture	other skin/shared; see reference graph	2974de4048ee048b.bin
207c6373ca484c52.tex	.tex	C:\Users\etqdo\Downloads\Clash Braum project\Braum.wad\207c6373ca484c52.tex	Braum.wad/207c6373ca484c52.tex	10948	69b8e250594613447ff574b46dc7444fdfb1a10ae5670d861e746c5372510ff0	5445580080008000010a000164206000	207c6373ca484c52	assets/characters/braum/skins/skin42/particles/braum_skin42_spark01.tex	League texture	other skin/shared; see reference graph	ab5fbb4cdcdfb2ef.bin
2092b1d8a7bc67f0.tex	.tex	C:\Users\etqdo\Downloads\Clash Braum project\Braum.wad\2092b1d8a7bc67f0.tex	Braum.wad/2092b1d8a7bc67f0.tex	349564	82e6ee3fd7f2d4cd14dc793ef3e98a9cb361fdead4c1f33b871a970d186dbc65	5445580000020002010c000108080000	2092b1d8a7bc67f0	assets/characters/braum/skins/skin25/particles/braum_skin25_q_cookie_shard.tex	League texture	other skin/shared; see reference graph	3f6a40609700ee85.bin
20de7d0380a529dc.skn	.skn	C:\Users\etqdo\Downloads\Clash Braum project\Braum.wad\20de7d0380a529dc.skn	Braum.wad/20de7d0380a529dc.skn	1300	0a219855ac9c0457510ff8154209bf4a50ead03c76586d2366f831c0e82ba186	33221100040001000100000070617374	20de7d0380a529dc	assets/characters/braum/skins/skin24/particles/braum_skin24_r_cake_shard_02.skn	Skinned mesh with submeshes and vertex weights	other skin/shared; see reference graph	3f6a40609700ee85.bin;88b5dd6dc0e099bd.bin;8cf62c85e1e2e7f9.bin;992d3c62ff62964c.bin;a582cf4ad353f261.bin;b30d6dd1b38ee53c.bin;c5c66176cca69ad3.bin;caacae9cc35f0267.bin;d3dbd3f84a5b8600.bin
20f45efdd3c8a03d.tex	.tex	C:\Users\etqdo\Downloads\Clash Braum project\Braum.wad\20f45efdd3c8a03d.tex	Braum.wad/20f45efdd3c8a03d.tex	349564	613bc09de74e5c36dca8f792fcfdf691f9905fb1d797f29abe6c876596801d71	5445580000020002010c000154540000	20f45efdd3c8a03d	assets/characters/braum/skins/skin51/particles/braum_skin51_braum_skin51_shield_05.tex	League texture	other skin/shared; see reference graph	70c57eae58af6c94.bin
21059b62b887d478.tex	.tex	C:\Users\etqdo\Downloads\Clash Braum project\Braum.wad\21059b62b887d478.tex	Braum.wad/21059b62b887d478.tex	87420	ac8614e4c392ef37e45ff903ef0a6c732c6400f5b5da11951390f3f406550dd8	5445580000010001010c00013c3c0000	21059b62b887d478	assets/characters/braum/skins/skin02/particles/braum_skin02_r_frozen_ground_mis_wood.tex	League texture	other skin/shared; see reference graph	d0b441e03335be65.bin
2118884f42111431.tex	.tex	C:\Users\etqdo\Downloads\Clash Braum project\Braum.wad\2118884f42111431.tex	Braum.wad/2118884f42111431.tex	5500	7a3cbfe13914e325aa742d869f2dc71b0484422f27b0c7f9b361b42b91d04d39	5445580040004000010c000189890000	2118884f42111431	assets/characters/braum/skins/base/particles/braum_base_w_ground_deca_ringl_rgba.tex	League texture	base or shared candidate	2974de4048ee048b.bin;2dc39c165f3aa923.bin
212a462e8f9e1ffa.tex	.tex	C:\Users\etqdo\Downloads\Clash Braum project\Braum.wad\212a462e8f9e1ffa.tex	Braum.wad/212a462e8f9e1ffa.tex	21884	ac2de116c7c0a48a6f16ecad25a09025a86935fa5a70aa100a5eca8245b9691e	5445580080008000010c000144440000	212a462e8f9e1ffa	assets/characters/braum/skins/skin38/particles/braum_skin38_pain.tex	League texture	other skin/shared; see reference graph	f2aa871abddf9427.bin
21333ff646569de7.anm	.anm	C:\Users\etqdo\Downloads\Clash Braum project\Braum.wad\21333ff646569de7.anm	Braum.wad/21333ff646569de7.anm	3012	3083510da66645689e87f082e756ce5cd6c50a2585a89e36310f63e538e25518	72336432616e6d6404000000b80b0000	21333ff646569de7	assets/characters/braum/skins/skin02/particles/braum_skin02_r_ice_shard.anm	Animation tracks	other skin/shared; see reference graph	d0b441e03335be65.bin
213c1dae04c43b2a.tex	.tex	C:\Users\etqdo\Downloads\Clash Braum project\Braum.wad\213c1dae04c43b2a.tex	Braum.wad/213c1dae04c43b2a.tex	349564	613bc09de74e5c36dca8f792fcfdf691f9905fb1d797f29abe6c876596801d71	5445580000020002010c000154540000	213c1dae04c43b2a	assets/characters/braum/skins/skin58/particles/braum_skin58_braum_skin58_shield_05.tex	League texture	other skin/shared; see reference graph	08e5b232f3994eee.bin
21c0eb5c8f618b83.tex	.tex	C:\Users\etqdo\Downloads\Clash Braum project\Braum.wad\21c0eb5c8f618b83.tex	Braum.wad/21c0eb5c8f618b83.tex	87420	88d535fb0732d2a39dcf0669e42cbcccce69c8086520ed7497b398a6424f27ad	5445580000010001010c0001ffff0000	21c0eb5c8f618b83	assets/characters/braum/skins/skin51/particles/braum_skin51_p_noise_01.tex	League texture	other skin/shared; see reference graph	07f65b37fb75e834.bin;08e5b232f3994eee.bin;3079df1f381a87bc.bin;6c66319ffa4bb738.bin;6d6176ab099f3064.bin;70c57eae58af6c94.bin;7a1193b055eb059a.bin;7ca837cacce9639a.bin;b511ce2cc52d55a4.bin;d01bf01d5611bc53.bin;d56c87aaf7fac0ee.bin
21c14331eb9e3fdd.bin	.bin	C:\Users\etqdo\Downloads\Clash Braum project\Braum.wad\21c14331eb9e3fdd.bin	Braum.wad/21c14331eb9e3fdd.bin	11108	99d321078313766db56c2ee4440fbd0c03c0e61ca0e76fe4b3f4c1cf1432da41	50524f5003000000040000009a004441	21c14331eb9e3fdd	data/characters/braum/skins/skin48.bin	Property configuration and asset links	other skin/shared; see reference graph	
21c986885f615f37.tex	.tex	C:\Users\etqdo\Downloads\Clash Braum project\Braum.wad\21c986885f615f37.tex	Braum.wad/21c986885f615f37.tex	87420	e1588b77a3292672e801ad19056dcaf21418ac7970b75fcf23a9b9ebee9aa1ad	5445580000010001010c000128280000	21c986885f615f37	assets/characters/braum/skins/skin11/particles/braum_skin11_p_sparkletex.tex	League texture	other skin/shared; see reference graph	2974de4048ee048b.bin
21f3dc4dc0097691.tex	.tex	C:\Users\etqdo\Downloads\Clash Braum project\Braum.wad\21f3dc4dc0097691.tex	Braum.wad/21f3dc4dc0097691.tex	87420	ba4ebf2af94e90ceebbab961b2fdb728bec45eb18ee2cab62473bf359207f2a5	5445580000010001010c0001c6c60000	21f3dc4dc0097691	assets/characters/braum/skins/skin33/particles/braum_skin33_smokeb.tex	League texture	other skin/shared; see reference graph	25c2b1d3f80a7166.bin;399a7a520477b139.bin;3a207b8680fc4f78.bin;4af4d37cc3da7630.bin;775c4474dbe4b86c.bin;cf092c39484cec07.bin;f2aa871abddf9427.bin;f5df8e88540921e0.bin;ff9b3266cfca2ba6.bin
2211f6632f7d2b9e.scb	.scb	C:\Users\etqdo\Downloads\Clash Braum project\Braum.wad\2211f6632f7d2b9e.scb	Braum.wad/2211f6632f7d2b9e.scb	28056	286c09249a07a281dba223c41bbffbf9727b0e0e4a2abd063e6711e288188d22	723364324d6573680300020000000000	2211f6632f7d2b9e	assets/characters/braum/skins/skin33/particles/braum_skin33_r_hit_orbit_tar.scb	Static mesh, commonly VFX geometry	other skin/shared; see reference graph	ac2d2bd054d44f09.bin
22a7ab19a4d858f9.tex	.tex	C:\Users\etqdo\Downloads\Clash Braum project\Braum.wad\22a7ab19a4d858f9.tex	Braum.wad/22a7ab19a4d858f9.tex	349564	6ec50bb7a156b82af7cd4c2d881ce4ac0f1e93201e0125ceac2645e899540744	5445580000020002010c000159590000	22a7ab19a4d858f9	assets/characters/braum/skins/skin27/particles/braum_skin27_e_shield_first_block_01.tex	League texture	other skin/shared; see reference graph	992d3c62ff62964c.bin
22bc06c5ae28317c.tex	.tex	C:\Users\etqdo\Downloads\Clash Braum project\Braum.wad\22bc06c5ae28317c.tex	Braum.wad/22bc06c5ae28317c.tex	21884	9f7054552b0a1c69ee5e9f3f79d94461a109cf4a790d2e80482fc6d87cd86ca1	5445580080008000010c00012d2d0000	22bc06c5ae28317c	assets/characters/braum/skins/skin42/particles/braum_skin42_q_circle_normal.tex	League texture	other skin/shared; see reference graph	ab5fbb4cdcdfb2ef.bin
22d3013caf839646.tex	.tex	C:\Users\etqdo\Downloads\Clash Braum project\Braum.wad\22d3013caf839646.tex	Braum.wad/22d3013caf839646.tex	349564	298eeaaacf2b5396275d3a6ce55ac0bc4206047e746bc68f7f2fe53a7587ba72	5445580000020002010c0001ffff0000	22d3013caf839646	assets/characters/braum/skins/skin52/particles/braum_skin52_r_stone_01.tex	League texture	other skin/shared; see reference graph	d01bf01d5611bc53.bin
22d8552c61ae0e3b.tex	.tex	C:\Users\etqdo\Downloads\Clash Braum project\Braum.wad\22d8552c61ae0e3b.tex	Braum.wad/22d8552c61ae0e3b.tex	21884	871e72ab630a2f81f758fa379bea394b7436f774ff3d15af2bc9f42086da5069	5445580080008000010c000173730000	22d8552c61ae0e3b	assets/characters/braum/skins/skin33/particles/jarvan_skin33_texture_recall_sand_ground_3.tex	League texture	other skin/shared; see reference graph	ac2d2bd054d44f09.bin
22e6105d60342297.tex	.tex	C:\Users\etqdo\Downloads\Clash Braum project\Braum.wad\22e6105d60342297.tex	Braum.wad/22e6105d60342297.tex	349564	61812821e24bbd290ecef48c40e0e22257200be013546fc036e5fcecb45e96d1	5445580000020002010c000125250000	22e6105d60342297	assets/characters/braum/skins/skin11/particles/braum_skin11_r_diamond6x6.tex	League texture	other skin/shared; see reference graph	2974de4048ee048b.bin
22f406ad2e2ae3d8.tex	.tex	C:\Users\etqdo\Downloads\Clash Braum project\Braum.wad\22f406ad2e2ae3d8.tex	Braum.wad/22f406ad2e2ae3d8.tex	43716	25b523da61e89b579097b7c23780d36abe33a0381fa04e941f26adc5ef996947	5445580000010001010a0001c739c318	22f406ad2e2ae3d8	assets/characters/braum/skins/skin10/particles/braum_base_w_decal_blur.tex	League texture	other skin/shared; see reference graph	f63b31a3da327a4f.bin
2305399fcbf808b1.tex	.tex	C:\Users\etqdo\Downloads\Clash Braum project\Braum.wad\2305399fcbf808b1.tex	Braum.wad/2305399fcbf808b1.tex	43716	d88ece1705a716146b04dae2c8d30f051253f8643e817f77e4684451d4ca3fd1	5445580000010001010a000160306118	2305399fcbf808b1	assets/characters/braum/skins/skin01/particles/braum_skin01_e_sparks.tex	League texture	other skin/shared; see reference graph	fca448d5ff3861b5.bin
230d878d9af2710c.tex	.tex	C:\Users\etqdo\Downloads\Clash Braum project\Braum.wad\230d878d9af2710c.tex	Braum.wad/230d878d9af2710c.tex	43716	25b523da61e89b579097b7c23780d36abe33a0381fa04e941f26adc5ef996947	5445580000010001010a0001c739c318	230d878d9af2710c	assets/characters/braum/skins/skin42/particles/braum_skin42_w_decal_blur.tex	League texture	other skin/shared; see reference graph	ab5fbb4cdcdfb2ef.bin
23311c3d08d4f0c8.tex	.tex	C:\Users\etqdo\Downloads\Clash Braum project\Braum.wad\23311c3d08d4f0c8.tex	Braum.wad/23311c3d08d4f0c8.tex	349556	198f6a0d5067386e2348f543b7474fb0929175ea4fb56a9e6767a3733c50c100	5445580000040002010a000105410522	23311c3d08d4f0c8	assets/characters/braum/skins/skin21/particles/braum_skin21_e_shield_override.tex	League texture	other skin/shared; see reference graph	a497a5055810256b.bin
233cbb7691970171.tex	.tex	C:\Users\etqdo\Downloads\Clash Braum project\Braum.wad\233cbb7691970171.tex	Braum.wad/233cbb7691970171.tex	174788	9d333f08a4869347fc9abce49fd9028b115c9a510512d87bf9de7fd8414671e3	5445580000020002010a0001ed73ed8b	233cbb7691970171	assets/characters/braum/skins/skin35/braum_skin35_poro_tx_cm.tex	League texture	other skin/shared; see reference graph	399a7a520477b139.bin
234753fa0ae4b9e3.tex	.tex	C:\Users\etqdo\Downloads\Clash Braum project\Braum.wad\234753fa0ae4b9e3.tex	Braum.wad/234753fa0ae4b9e3.tex	349564	0418cfba47aaa877c8c7d32a26c1dc724058f239f41a19ba98818255b7f993b5	5445580000020002010c000113130000	234753fa0ae4b9e3	assets/characters/braum/skins/skin01/particles/braum_skin01_p_stack_02.tex	League texture	other skin/shared; see reference graph	fca448d5ff3861b5.bin
23480e201890e939.anm	.anm	C:\Users\etqdo\Downloads\Clash Braum project\Braum.wad\23480e201890e939.anm	Braum.wad/23480e201890e939.anm	964	b29858e885414a88291bde293c106234b3d8c3c5a01480cadc0ce636ed420542	7233643263616e6d01000000b8030000	23480e201890e939	assets/characters/braum/skins/skin24/particles/braum_skin24_r_cake_shard_03.anm	Animation tracks	other skin/shared; see reference graph	3f6a40609700ee85.bin;88b5dd6dc0e099bd.bin;8cf62c85e1e2e7f9.bin;992d3c62ff62964c.bin;a582cf4ad353f261.bin;b30d6dd1b38ee53c.bin;c5c66176cca69ad3.bin;caacae9cc35f0267.bin;d3dbd3f84a5b8600.bin
236c4427eb5dd205.scb	.scb	C:\Users\etqdo\Downloads\Clash Braum project\Braum.wad\236c4427eb5dd205.scb	Braum.wad/236c4427eb5dd205.scb	34784	aad28a753f850ea47d91da3b0f54304a131c6724b98bc084e87ee62e1ea72d62	723364324d65736803000200653a5c72	236c4427eb5dd205	assets/characters/braum/skins/skin33/particles/braum_skin33_e_shield_inchant_ini.scb	Static mesh, commonly VFX geometry	other skin/shared; see reference graph	ac2d2bd054d44f09.bin
23b85b75eb659166.bin	.bin	C:\Users\etqdo\Downloads\Clash Braum project\Braum.wad\23b85b75eb659166.bin	Braum.wad/23b85b75eb659166.bin	80656	b937ab12120ce4021152f63ac172613a6721d92bf29a5a3e4349cbf48a3ccb62	50524f50030000000c0000003f034441	23b85b75eb659166	data/characters/braum/skins/skin19.bin	Property configuration and asset links	other skin/shared; see reference graph	
23c501f2fd15adc7.scb	.scb	C:\Users\etqdo\Downloads\Clash Braum project\Braum.wad\23c501f2fd15adc7.scb	Braum.wad/23c501f2fd15adc7.scb	126832	01de47652cdf0a0be4538f30f38998e4488fcde946695ffb2c8bf15b3d29e4b3	723364324d65736803000200653a5c72	23c501f2fd15adc7	assets/characters/braum/skins/base/particles/braum_base_e_shield_first_block.scb	Static mesh, commonly VFX geometry	base or shared candidate	2dc39c165f3aa923.bin
23dd927d881b80f9.tex	.tex	C:\Users\etqdo\Downloads\Clash Braum project\Braum.wad\23dd927d881b80f9.tex	Braum.wad/23dd927d881b80f9.tex	21884	f2345baed6175fda565ed97291d5ebae8dd3a77fda03fb08ecc777f565911287	5445580080008000010c000110100000	23dd927d881b80f9	assets/characters/braum/skins/skin51/particles/braum_skin51_ba_hit_beams_4x1_02.tex	League texture	other skin/shared; see reference graph	7a1193b055eb059a.bin
23f77c3e93ef0e42.scb	.scb	C:\Users\etqdo\Downloads\Clash Braum project\Braum.wad\23f77c3e93ef0e42.scb	Braum.wad/23f77c3e93ef0e42.scb	12088	c1eb3d4301d3ad6be3bf68c2546fa757838e228ada20430febb18a0b7b221251	723364324d6573680300020000000000	23f77c3e93ef0e42	assets/characters/braum/skins/skin24/particles/braum_skin24_q_cookie_shard.scb	Static mesh, commonly VFX geometry	other skin/shared; see reference graph	3f6a40609700ee85.bin;88b5dd6dc0e099bd.bin;8cf62c85e1e2e7f9.bin;992d3c62ff62964c.bin;a582cf4ad353f261.bin;b30d6dd1b38ee53c.bin;c5c66176cca69ad3.bin;caacae9cc35f0267.bin;d3dbd3f84a5b8600.bin
24094df36a352f23.tex	.tex	C:\Users\etqdo\Downloads\Clash Braum project\Braum.wad\24094df36a352f23.tex	Braum.wad/24094df36a352f23.tex	43716	d0d03cce4321621d244f428a51d8f4fa4c62ae7b0dcc57381e4064c2f9adfc6f	5445580000010001010a0001c318c218	24094df36a352f23	assets/characters/braum/skins/skin51/particles/braum_skin51_z_ring_tar.tex	League texture	other skin/shared; see reference graph	7a1193b055eb059a.bin
240b5aa2099bf7fd.tex	.tex	C:\Users\etqdo\Downloads\Clash Braum project\Braum.wad\240b5aa2099bf7fd.tex	Braum.wad/240b5aa2099bf7fd.tex	10972	94e806a8a079ee9d1af2fe03a2c7ebc0c3ad0e9a59931225c11e9c49f6686c93	5445580080004000010c000163630000	240b5aa2099bf7fd	assets/characters/braum/skins/skin51/particles/braum_skin51_w_trail.tex	League texture	other skin/shared; see reference graph	7a1193b055eb059a.bin
2418be13b1ca9718.skl	.skl	C:\Users\etqdo\Downloads\Clash Braum project\Braum.wad\2418be13b1ca9718.skl	Braum.wad/2418be13b1ca9718.skl	192	fc088458121e0ac1b7f9d456ef0a839b01479c3210a26ffd93f9993169129e44	c0000000c34ffd220000000000000100	2418be13b1ca9718	assets/characters/braum/skins/skin51/particles/braum_skin51_st_anim03.skl	Skeleton, bind transforms and influence palette	other skin/shared; see reference graph	07f65b37fb75e834.bin;08e5b232f3994eee.bin;3079df1f381a87bc.bin;6c66319ffa4bb738.bin;6d6176ab099f3064.bin;70c57eae58af6c94.bin;7ca837cacce9639a.bin;b511ce2cc52d55a4.bin;d01bf01d5611bc53.bin;d56c87aaf7fac0ee.bin
242e9e6a7019a2e9.tex	.tex	C:\Users\etqdo\Downloads\Clash Braum project\Braum.wad\242e9e6a7019a2e9.tex	Braum.wad/242e9e6a7019a2e9.tex	2756	6a5b1df0430dad7f5a99ed482cefd3e6a133afa3a266413c262726050e03b402	5445580040004000010a0001d995d595	242e9e6a7019a2e9	assets/characters/braum/skins/skin42/particles/braum_skin42_alphaslice_q_014_02.tex	League texture	other skin/shared; see reference graph	ab5fbb4cdcdfb2ef.bin
243d3c3ed2df9fd6.tex	.tex	C:\Users\etqdo\Downloads\Clash Braum project\Braum.wad\243d3c3ed2df9fd6.tex	Braum.wad/243d3c3ed2df9fd6.tex	174788	8eec3019c4aa15096236cbbf63b21d5f9d546e7f0f816f552c48c766a3083da2	5445580000020002010a000186528a6a	243d3c3ed2df9fd6	assets/characters/braum/skins/skin34/braum_skin34_coconut_tx_cm.tex	League texture	other skin/shared; see reference graph	ff9b3266cfca2ba6.bin
243f3195936a7b4a.scb	.scb	C:\Users\etqdo\Downloads\Clash Braum project\Braum.wad\243f3195936a7b4a.scb	Braum.wad/243f3195936a7b4a.scb	80140	309ae64eb4fdc4d343e5bf2f4ebe23b935e21be9b04415ee777ee83a3bdcec0c	723364324d6573680300020000000000	243f3195936a7b4a	assets/characters/braum/skins/skin51/particles/shield_02.scb	Static mesh, commonly VFX geometry	other skin/shared; see reference graph	07f65b37fb75e834.bin;08e5b232f3994eee.bin;3079df1f381a87bc.bin;6c66319ffa4bb738.bin;6d6176ab099f3064.bin;70c57eae58af6c94.bin;7ca837cacce9639a.bin;b511ce2cc52d55a4.bin;d01bf01d5611bc53.bin;d56c87aaf7fac0ee.bin
245ed56d1144b08c.tex	.tex	C:\Users\etqdo\Downloads\Clash Braum project\Braum.wad\245ed56d1144b08c.tex	Braum.wad/245ed56d1144b08c.tex	1398140	86f62ef814b0eb1a5cb8c52af3beaf29577af8f8cde90e839497e78caed518e1	5445580000040004010c0001ffff0000	245ed56d1144b08c	assets/characters/braum/skins/skin39/braum_skin39_body_tx_cm.tex	League texture	other skin/shared; see reference graph	cf092c39484cec07.bin
24759624e7974201.scb	.scb	C:\Users\etqdo\Downloads\Clash Braum project\Braum.wad\24759624e7974201.scb	Braum.wad/24759624e7974201.scb	16112	6ea7a6909521a789f279842686042fb8a389771e7a7de3ac5d6810ef084fdc0a	723364324d65736803000200653a5c72	24759624e7974201	assets/characters/braum/skins/skin42/particles/braum_skin42_braum_base_ba_trail_01.scb	Static mesh, commonly VFX geometry	other skin/shared; see reference graph	ab5fbb4cdcdfb2ef.bin
24946baeebd52497.tex	.tex	C:\Users\etqdo\Downloads\Clash Braum project\Braum.wad\24946baeebd52497.tex	Braum.wad/24946baeebd52497.tex	21884	5e89d16d1ad75d20bc16dd7b18a76c459e4e6809b0a4500b95323e9a2d366388	5445580080008000010c0001ffff0000	24946baeebd52497	assets/characters/braum/skins/skin37/particles/braum_skin37_r_fish.tex	League texture	other skin/shared; see reference graph	4af4d37cc3da7630.bin
24db3e3a5749389c.tex	.tex	C:\Users\etqdo\Downloads\Clash Braum project\Braum.wad\24db3e3a5749389c.tex	Braum.wad/24db3e3a5749389c.tex	5500	d53a789f17c98fdf223b8eef3ac032b3660f9812412441bb1e8829a6657a212e	5445580040004000010c00014d4d0000	24db3e3a5749389c	assets/characters/braum/skins/skin51/particles/braum_skin51_z_762.tex	League texture	other skin/shared; see reference graph	7a1193b055eb059a.bin
24f9969ace505119.tex	.tex	C:\Users\etqdo\Downloads\Clash Braum project\Braum.wad\24f9969ace505119.tex	Braum.wad/24f9969ace505119.tex	87420	fd1889c84135cc18f4e65da55f2d4971625755498d464bc3efff1bc0a9836e83	5445580000010001010c00010f0f0000	24f9969ace505119	assets/characters/braum/skins/skin51/particles/braum_skin51_p_skin51_011.tex	League texture	other skin/shared; see reference graph	7a1193b055eb059a.bin
25159b394668d6e5.skl	.skl	C:\Users\etqdo\Downloads\Clash Braum project\Braum.wad\25159b394668d6e5.skl	Braum.wad/25159b394668d6e5.skl	304	09cc869f494b81d1480cbb7841667db6a5d9977e3f377431b2b826da0a2831c1	30010000c34ffd220000000000000200	25159b394668d6e5	assets/characters/braum/skins/skin33/particles/braum_skin33_castle_1_amin.skl	Skeleton, bind transforms and influence palette	other skin/shared; see reference graph	ac2d2bd054d44f09.bin
2539aa1d47d21a79.anm	.anm	C:\Users\etqdo\Downloads\Clash Braum project\Braum.wad\2539aa1d47d21a79.anm	Braum.wad/2539aa1d47d21a79.anm	44618	076834f2825c8c2a0a82b58a5534702416fc5d45405b4ad71ec6a256fd6f0840	7233643263616e6d010000003eae0000	2539aa1d47d21a79	assets/characters/braum/skins/base/animations/braum_attack_02.anm	Animation tracks	base or shared candidate	0b01eaec2c944f55.bin;57bea13d59e2af1a.bin;5e21202a9a0cef1a.bin;6c0cf3da2d377385.bin;72028fe917890575.bin;aa0aa8a7dd53a131.bin;d0fe19959c26552d.bin;de78a7f6bf5c9803.bin;e43dcf714c8a2a42.bin
254619b2b18b1dfe.scb	.scb	C:\Users\etqdo\Downloads\Clash Braum project\Braum.wad\254619b2b18b1dfe.scb	Braum.wad/254619b2b18b1dfe.scb	28056	286c09249a07a281dba223c41bbffbf9727b0e0e4a2abd063e6711e288188d22	723364324d6573680300020000000000	254619b2b18b1dfe	assets/characters/braum/skins/skin02/particles/braum_skin02_q_hit_orbit_tar.scb	Static mesh, commonly VFX geometry	other skin/shared; see reference graph	d0b441e03335be65.bin
257cc14e4a791956.anm	.anm	C:\Users\etqdo\Downloads\Clash Braum project\Braum.wad\257cc14e4a791956.anm	Braum.wad/257cc14e4a791956.anm	17226	0ed454f60b6dacfc71011a0adbad7916683724eff25196a3df6e5a429b2b0416	7233643263616e6d010000003e430000	257cc14e4a791956		Animation tracks	other skin/shared; see reference graph	
259e6e1d81086dff.anm	.anm	C:\Users\etqdo\Downloads\Clash Braum project\Braum.wad\259e6e1d81086dff.anm	Braum.wad/259e6e1d81086dff.anm	44882	970d6e6326511aa1f226902e3384a7f480bc6c3a6ad68eee5ef050f650406f82	72336432616e6d640500000046af0000	259e6e1d81086dff	assets/characters/braum/skins/base/animations/braum_spell3_punch0-45.anm	Animation tracks	base or shared candidate	0b01eaec2c944f55.bin;57bea13d59e2af1a.bin;5e21202a9a0cef1a.bin;6c0cf3da2d377385.bin;72028fe917890575.bin;aa0aa8a7dd53a131.bin;d0fe19959c26552d.bin;de78a7f6bf5c9803.bin;e43dcf714c8a2a42.bin
25c2b1d3f80a7166.bin	.bin	C:\Users\etqdo\Downloads\Clash Braum project\Braum.wad\25c2b1d3f80a7166.bin	Braum.wad/25c2b1d3f80a7166.bin	188374	f3c35a4b6657d67ebd741f4191c207715fc9c0df78662e573ec9cbe4fba031fc	50524f50030000000800000031024441	25c2b1d3f80a7166	data/characters/braum/skins/skin36.bin	Property configuration and asset links	other skin/shared; see reference graph	
25d1accd100d3bd4.anm	.anm	C:\Users\etqdo\Downloads\Clash Braum project\Braum.wad\25d1accd100d3bd4.anm	Braum.wad/25d1accd100d3bd4.anm	37670	3e8208e2317f24738e0a9fbbea1ac6d08b2b6bcdb00fafbc517d376835ddea25	7233643263616e6d010000001a930000	25d1accd100d3bd4	assets/characters/braum/skins/skin11/animations/braum_skin11_spell3_idle-90.anm	Animation tracks	other skin/shared; see reference graph	e43dcf714c8a2a42.bin
25f16db0096295b2.tex	.tex	C:\Users\etqdo\Downloads\Clash Braum project\Braum.wad\25f16db0096295b2.tex	Braum.wad/25f16db0096295b2.tex	43716	60f29f50b470be24e582661b7d3522ddd6f9b840fcd4093d1f43348e18e2add1	5445580000010001010a000145296108	25f16db0096295b2	assets/characters/braum/skins/skin51/particles/braum_skin51_recall_lightshaft.tex	League texture	other skin/shared; see reference graph	7a1193b055eb059a.bin
26322cb6d60c3904.tex	.tex	C:\Users\etqdo\Downloads\Clash Braum project\Braum.wad\26322cb6d60c3904.tex	Braum.wad/26322cb6d60c3904.tex	43716	08bbe7b2842f57c91c1aa46d62ea02ed327f942cf63c0bf15931509aa6377f15	5445580000010001010a00014f7b4f5b	26322cb6d60c3904	assets/characters/braum/skins/skin37/particles/braum_skin37_poro_tx_cm.tex	League texture	other skin/shared; see reference graph	4af4d37cc3da7630.bin
2632bc86ad7d4a7f.tex	.tex	C:\Users\etqdo\Downloads\Clash Braum project\Braum.wad\2632bc86ad7d4a7f.tex	Braum.wad/2632bc86ad7d4a7f.tex	87420	c371123f6e07691f850deed1671e7cc208e13a29d714453a87d790756d580a00	5445580000010001010c0001cccc0000	2632bc86ad7d4a7f	assets/characters/braum/skins/skin02/particles/braum_skin02_e_shield_mult.tex	League texture	other skin/shared; see reference graph	d0b441e03335be65.bin
267522d3f773f057.tex	.tex	C:\Users\etqdo\Downloads\Clash Braum project\Braum.wad\267522d3f773f057.tex	Braum.wad/267522d3f773f057.tex	174788	88e4d9216b1827b2576f35ab261d76f9751dbc76094dfbb51929166a06f38bc0	5445580000020002010a0001066ae95a	267522d3f773f057	assets/characters/braum/skins/skin13/braum_skin13_poro_tx_cm.tex	League texture	other skin/shared; see reference graph	a44281cd843a8348.bin
26862765a49bccfc.tex	.tex	C:\Users\etqdo\Downloads\Clash Braum project\Braum.wad\26862765a49bccfc.tex	Braum.wad/26862765a49bccfc.tex	21884	86d879874e299d3955ea4caeb41022e2a84f59696ce4d800787e5899f52dbb96	5445580080008000010c000139390000	26862765a49bccfc	assets/characters/braum/skins/skin33/particles/braum_skin33_r_distortion_cas.tex	League texture	other skin/shared; see reference graph	25c2b1d3f80a7166.bin;399a7a520477b139.bin;3a207b8680fc4f78.bin;4af4d37cc3da7630.bin;775c4474dbe4b86c.bin;ac2d2bd054d44f09.bin;cf092c39484cec07.bin;f2aa871abddf9427.bin;f5df8e88540921e0.bin;ff9b3266cfca2ba6.bin
26b1cc9773a76d32.anm	.anm	C:\Users\etqdo\Downloads\Clash Braum project\Braum.wad\26b1cc9773a76d32.anm	Braum.wad/26b1cc9773a76d32.anm	43582	b4ee3f18aa0ad014ea6922bbc39f029a8c4d6e82be9ddbd591f58e233dd22fd7	72336432616e6d640500000032aa0000	26b1cc9773a76d32	assets/characters/braum/skins/base/animations/braum_spell3_punch-135.anm	Animation tracks	base or shared candidate	0b01eaec2c944f55.bin;57bea13d59e2af1a.bin;5e21202a9a0cef1a.bin;6c0cf3da2d377385.bin;72028fe917890575.bin;aa0aa8a7dd53a131.bin;d0fe19959c26552d.bin;de78a7f6bf5c9803.bin
26db0c33fe5f50f7.tex	.tex	C:\Users\etqdo\Downloads\Clash Braum project\Braum.wad\26db0c33fe5f50f7.tex	Braum.wad/26db0c33fe5f50f7.tex	21876	66a190ba73dc1461e5ed12abce8a0b62869f959d4734b308cab0ec9642b75ae1	5445580000018000010a00016e8a6a7a	26db0c33fe5f50f7	assets/characters/braum/skins/skin31/particles/braum_skin31_e_shield_override_01.tex	League texture	other skin/shared; see reference graph	c5c66176cca69ad3.bin
26fe02fb42fe5d0f.bin	.bin	C:\Users\etqdo\Downloads\Clash Braum project\Braum.wad\26fe02fb42fe5d0f.bin	Braum.wad/26fe02fb42fe5d0f.bin	25302	0661d380f92438ec52f78194bccf2c34e5217c1578d6911673a9affa8ba7725a	50524f5003000000090000003f034441	26fe02fb42fe5d0f	data/characters/braum/skins/skin23.bin	Property configuration and asset links	other skin/shared; see reference graph	
2755a2f19390fc66.scb	.scb	C:\Users\etqdo\Downloads\Clash Braum project\Braum.wad\2755a2f19390fc66.scb	Braum.wad/2755a2f19390fc66.scb	29600	ed37c5dadded4f8a30621d6740e71697daa9668ea674ddeb36327d6ca85e2726	723364324d6573680300020000000000	2755a2f19390fc66	assets/characters/braum/skins/skin10/particles/braum_skin10_e_shield_inchant.scb	Static mesh, commonly VFX geometry	other skin/shared; see reference graph	f63b31a3da327a4f.bin
275e4f6798932ce0.scb	.scb	C:\Users\etqdo\Downloads\Clash Braum project\Braum.wad\275e4f6798932ce0.scb	Braum.wad/275e4f6798932ce0.scb	229676	e963c47968cff1b2d40c5f5981c1e38666c5134cca7a8be48994d9d20fed991e	723364324d6573680300020000000000	275e4f6798932ce0	assets/characters/braum/skins/skin11/particles/braum_skin11_r_overheadshield.scb	Static mesh, commonly VFX geometry	other skin/shared; see reference graph	2974de4048ee048b.bin
2779d86301145ce3.tex	.tex	C:\Users\etqdo\Downloads\Clash Braum project\Braum.wad\2779d86301145ce3.tex	Braum.wad/2779d86301145ce3.tex	5500	823941857a0837ae65a721b879433c98741e9a94f1571db4968fe8c33da3f35c	5445580040004000010c00014e4e0000	2779d86301145ce3	assets/characters/braum/skins/base/particles/braum_base_i_distort_rgba.tex	League texture	base or shared candidate	03e78a116663752e.bin;2974de4048ee048b.bin;2ac87759d2643dea.bin;d0b441e03335be65.bin;eb9d53354a504663.bin;f2ef4463d62600e6.bin;f63b31a3da327a4f.bin;fca448d5ff3861b5.bin
27e49f19bda3cb4e.tex	.tex	C:\Users\etqdo\Downloads\Clash Braum project\Braum.wad\27e49f19bda3cb4e.tex	Braum.wad/27e49f19bda3cb4e.tex	43732	276930de0b1c220cf3a02fe65de569541e0804955498629649996f84d702b52b	5445580080000002010a000142084200	27e49f19bda3cb4e	assets/characters/braum/skins/skin01/particles/braum_skin01_r_indicator_side.tex	League texture	other skin/shared; see reference graph	fca448d5ff3861b5.bin
27e4d240b52d3735.tex	.tex	C:\Users\etqdo\Downloads\Clash Braum project\Braum.wad\27e4d240b52d3735.tex	Braum.wad/27e4d240b52d3735.tex	1398140	b4eb90d783329323cd1e89bb7e39c1ada1ec2d821746a9e0ba69b8855d487b93	5445580000040004010c0001ebeb0000	27e4d240b52d3735	assets/characters/braum/skins/skin52/braum_skin52_shield_tx_cm.tex	League texture	other skin/shared; see reference graph	d01bf01d5611bc53.bin
2821118d2d10ef36.tex	.tex	C:\Users\etqdo\Downloads\Clash Braum project\Braum.wad\2821118d2d10ef36.tex	Braum.wad/2821118d2d10ef36.tex	1398140	359c880956e5d8ad5f7587d7bd1ebfbd96cb176c37c888be435cbef2cc0ba793	5445580000040004010c0001ebeb0000	2821118d2d10ef36	assets/characters/braum/skins/skin53/braum_skin53_shield_tx_cm.tex	League texture	other skin/shared; see reference graph	7ca837cacce9639a.bin
28332dcd0b4e1ed4.tex	.tex	C:\Users\etqdo\Downloads\Clash Braum project\Braum.wad\28332dcd0b4e1ed4.tex	Braum.wad/28332dcd0b4e1ed4.tex	21884	08682a5488afddfa696efcdf6018ef078f9949dbb54c833370b98f4b07965261	5445580080008000010c00016d6d0000	28332dcd0b4e1ed4	assets/characters/braum/skins/skin36/particles/braum_skin36_hat.tex	League texture	other skin/shared; see reference graph	25c2b1d3f80a7166.bin
28a3518e7f7875e0.tex	.tex	C:\Users\etqdo\Downloads\Clash Braum project\Braum.wad\28a3518e7f7875e0.tex	Braum.wad/28a3518e7f7875e0.tex	21884	b8d690e36bf56f1dc37e871c8cc15183df3e25836b0e7f91ffc2953b2b8c185f	5445580080008000010c000110100000	28a3518e7f7875e0	assets/characters/braum/skins/skin51/particles/braum_skin51_z_bigq_rocks.tex	League texture	other skin/shared; see reference graph	07f65b37fb75e834.bin;08e5b232f3994eee.bin;3079df1f381a87bc.bin;6c66319ffa4bb738.bin;6d6176ab099f3064.bin;70c57eae58af6c94.bin;7a1193b055eb059a.bin;7ca837cacce9639a.bin;b511ce2cc52d55a4.bin;d01bf01d5611bc53.bin;d56c87aaf7fac0ee.bin
28cbdfd79f2baf02.tex	.tex	C:\Users\etqdo\Downloads\Clash Braum project\Braum.wad\28cbdfd79f2baf02.tex	Braum.wad/28cbdfd79f2baf02.tex	699076	f9bbe935ebcde3e004e2fb1de480b3d0a1f6adb27fc77c420c7909c1233cca1c	5445580000040004010a0001255a4159	28cbdfd79f2baf02		League texture	other skin/shared; see reference graph	
28e8fe704fc3916d.scb	.scb	C:\Users\etqdo\Downloads\Clash Braum project\Braum.wad\28e8fe704fc3916d.scb	Braum.wad/28e8fe704fc3916d.scb	3692	cfb1511ac4ca8e98a7b77b81c097db44320630d152b2a71446218acb3c59ad12	723364324d6573680300020000000000	28e8fe704fc3916d	assets/characters/braum/skins/skin51/particles/braum_skin51_light.scb	Static mesh, commonly VFX geometry	other skin/shared; see reference graph	07f65b37fb75e834.bin;08e5b232f3994eee.bin;3079df1f381a87bc.bin;6c66319ffa4bb738.bin;6d6176ab099f3064.bin;70c57eae58af6c94.bin;7a1193b055eb059a.bin;7ca837cacce9639a.bin;b511ce2cc52d55a4.bin;d01bf01d5611bc53.bin;d56c87aaf7fac0ee.bin
28f2dc285f58df78.anm	.anm	C:\Users\etqdo\Downloads\Clash Braum project\Braum.wad\28f2dc285f58df78.anm	Braum.wad/28f2dc285f58df78.anm	20730	70fb2f91f94fe0390f1ea917b99b101f7d608461b445ac980903b8675e7aa1f5	7233643263616e6d01000000ee500000	28f2dc285f58df78	assets/characters/braum/skins/base/animations/braum_spell3_run0.anm	Animation tracks	base or shared candidate	0b01eaec2c944f55.bin;57bea13d59e2af1a.bin;5e21202a9a0cef1a.bin;6c0cf3da2d377385.bin;72028fe917890575.bin;aa0aa8a7dd53a131.bin;d0fe19959c26552d.bin;de78a7f6bf5c9803.bin
290dad1ac5907981.tex	.tex	C:\Users\etqdo\Downloads\Clash Braum project\Braum.wad\290dad1ac5907981.tex	Braum.wad/290dad1ac5907981.tex	87420	c105eec1738613d7b650f8e3d8df8260daed24ec936533a2599d61427665b65a	5445580000010001010c00012d2d0000	290dad1ac5907981	assets/characters/braum/skins/skin24/particles/braum_skin24_r_normal.tex	League texture	other skin/shared; see reference graph	02ab7e4623adf97e.bin;3f6a40609700ee85.bin;88b5dd6dc0e099bd.bin;8cf62c85e1e2e7f9.bin;992d3c62ff62964c.bin;a582cf4ad353f261.bin;b30d6dd1b38ee53c.bin;c5c66176cca69ad3.bin;caacae9cc35f0267.bin;d3dbd3f84a5b8600.bin
29513100f7439f22.scb	.scb	C:\Users\etqdo\Downloads\Clash Braum project\Braum.wad\29513100f7439f22.scb	Braum.wad/29513100f7439f22.scb	5578	97651e8c5c7ba6fcc41a3d2de1963cb0e35f16647b532892c339cc76c648f863	723364324d6573680300020000000000	29513100f7439f22	assets/characters/braum/skins/base/particles/braum_base_p_ice_shards.scb	Static mesh, commonly VFX geometry	base or shared candidate	03e78a116663752e.bin;2974de4048ee048b.bin;2dc39c165f3aa923.bin;eb9d53354a504663.bin
296a861242889dae.skn	.skn	C:\Users\etqdo\Downloads\Clash Braum project\Braum.wad\296a861242889dae.skn	Braum.wad/296a861242889dae.skn	4468	bdbaefe664d5e3210f8106a3f84460ae08ecef6e6a9391d36af5f173b3378504	3322110004000100010000006c616d62	296a861242889dae	assets/characters/braum/skins/skin51/particles/braum_skin51_st_anim022.skn	Skinned mesh with submeshes and vertex weights	other skin/shared; see reference graph	07f65b37fb75e834.bin;08e5b232f3994eee.bin;3079df1f381a87bc.bin;6c66319ffa4bb738.bin;6d6176ab099f3064.bin;70c57eae58af6c94.bin;7ca837cacce9639a.bin;b511ce2cc52d55a4.bin;d01bf01d5611bc53.bin;d56c87aaf7fac0ee.bin
2974de4048ee048b.bin	.bin	C:\Users\etqdo\Downloads\Clash Braum project\Braum.wad\2974de4048ee048b.bin	Braum.wad/2974de4048ee048b.bin	218731	6fa9dbd54f242839b57bcee9704cf9757fffcc6ec86579405818b9d9fc08c7df	50524f50030000000000000027000000	2974de4048ee048b	data/characters/braum/braum_multi_skins_skin11_skins_skin12_skins_skin13_skins_skin14_skins_skin15_skins_skin16_skins_skin17_skins_skin18_skins_skin19.bin	Property configuration and asset links	other skin/shared; see reference graph	23b85b75eb659166.bin;36b00af025f54940.bin;42ee6bdbfc9d170b.bin;4fe453abcf9c5181.bin;a44281cd843a8348.bin;bb8b47c7d87589f7.bin;d8a52eb470baa538.bin;e1dfd1a549890037.bin;ed7ecf9170cfaaf8.bin
298a24731ee900d8.tex	.tex	C:\Users\etqdo\Downloads\Clash Braum project\Braum.wad\298a24731ee900d8.tex	Braum.wad/298a24731ee900d8.tex	87420	aa581cc955565289a957ebb7ec46c36532d6a1ea701d560c8541f2957397a7a7	5445580000010001010c000133330000	298a24731ee900d8	assets/characters/braum/skins/skin10/particles/braum_base_i_shield_glow.tex	League texture	other skin/shared; see reference graph	2974de4048ee048b.bin;2dc39c165f3aa923.bin
299461f0a61b7595.tex	.tex	C:\Users\etqdo\Downloads\Clash Braum project\Braum.wad\299461f0a61b7595.tex	Braum.wad/299461f0a61b7595.tex	174788	66b61c057abed3460200a492cda307c88b4ee6ec2f8534cfbffe051a889a435c	5445580000020002010a0001c962c751	299461f0a61b7595	assets/characters/braum/skins/skin15/braum_skin15_poro_tx_cm.tex	League texture	other skin/shared; see reference graph	e1dfd1a549890037.bin
299a446c3f165fc6.anm	.anm	C:\Users\etqdo\Downloads\Clash Braum project\Braum.wad\299a446c3f165fc6.anm	Braum.wad/299a446c3f165fc6.anm	122822	97add255e31d1fbbcb93e5bc069054c5718e83a0e608a10743f98ccac4d6155d	7233643263616e6d01000000badf0100	299a446c3f165fc6	assets/characters/braum/skins/skin01/animations/braum_skin01_taunt.anm	Animation tracks	other skin/shared; see reference graph	de78a7f6bf5c9803.bin
29fd6a8805096968.tex	.tex	C:\Users\etqdo\Downloads\Clash Braum project\Braum.wad\29fd6a8805096968.tex	Braum.wad/29fd6a8805096968.tex	21884	3745c51bb6d3fc61e93e68a4b0cdb3a2330625a90672041137e1efca3989d46c	5445580080008000010c0001ffff0000	29fd6a8805096968	assets/characters/braum/skins/skin51/particles/braum_skin51_w_omniflare_02.tex	League texture	other skin/shared; see reference graph	7a1193b055eb059a.bin
2a141cfe3c3f56fd.tex	.tex	C:\Users\etqdo\Downloads\Clash Braum project\Braum.wad\2a141cfe3c3f56fd.tex	Braum.wad/2a141cfe3c3f56fd.tex	43716	06c0e2bbe9f25d606b52c47a3a38160019ddae8ade932b22b70bb35fc0df8563	5445580000010001010a0001a2102108	2a141cfe3c3f56fd	assets/characters/braum/skins/skin02/particles/braum_skin02_ba_ring_tar.tex	League texture	other skin/shared; see reference graph	d0b441e03335be65.bin
2a1f12f97c7a403b.anm	.anm	C:\Users\etqdo\Downloads\Clash Braum project\Braum.wad\2a1f12f97c7a403b.anm	Braum.wad/2a1f12f97c7a403b.anm	49558	b0bdb707181979a39ef3de60248174977c5734bfbaf068b821e4329b283a4e87	7233643263616e6d010000008ac10000	2a1f12f97c7a403b	assets/characters/braum/skins/base/animations/braum_channelwindup.anm	Animation tracks	base or shared candidate	0b01eaec2c944f55.bin;57bea13d59e2af1a.bin;5e21202a9a0cef1a.bin;6c0cf3da2d377385.bin;72028fe917890575.bin;aa0aa8a7dd53a131.bin;d0fe19959c26552d.bin;de78a7f6bf5c9803.bin
2a37383222b8ef28.anm	.anm	C:\Users\etqdo\Downloads\Clash Braum project\Braum.wad\2a37383222b8ef28.anm	Braum.wad/2a37383222b8ef28.anm	26582	a8928d499f8bfcd4272fa16d42095f598dfa8f80db9b8accaace7629695277ff	72336432616e6d6405000000ca670000	2a37383222b8ef28	assets/characters/braum/skins/skin11/animations/braum_skin11_spell3_leapback.anm	Animation tracks	other skin/shared; see reference graph	e43dcf714c8a2a42.bin
2a937c8beeeaaa89.skn	.skn	C:\Users\etqdo\Downloads\Clash Braum project\Braum.wad\2a937c8beeeaaa89.skn	Braum.wad/2a937c8beeeaaa89.skn	19310	08be28807ed9741599e5fe8d9a925dca9f849ce94e6a3a653a7191b73ab0f222	3322110004000100010000006c616d62	2a937c8beeeaaa89	assets/characters/braum/skins/skin33/particles/braum_skin33_e_leafs_firstlock.skn	Skinned mesh with submeshes and vertex weights	other skin/shared; see reference graph	25c2b1d3f80a7166.bin;399a7a520477b139.bin;3a207b8680fc4f78.bin;4af4d37cc3da7630.bin;775c4474dbe4b86c.bin;cf092c39484cec07.bin;f2aa871abddf9427.bin;f5df8e88540921e0.bin;ff9b3266cfca2ba6.bin
2ac191559b9496a8.tex	.tex	C:\Users\etqdo\Downloads\Clash Braum project\Braum.wad\2ac191559b9496a8.tex	Braum.wad/2ac191559b9496a8.tex	43716	32f43c9c0038b7b3c33c7d5a5521f90b1295f1bf4b171da165c877d1dac8fdbc	5445580000010001010a000124214210	2ac191559b9496a8	assets/characters/braum/skins/skin10/particles/braum_skin10_q_dots.tex	League texture	other skin/shared; see reference graph	f63b31a3da327a4f.bin
2ac87759d2643dea.bin	.bin	C:\Users\etqdo\Downloads\Clash Braum project\Braum.wad\2ac87759d2643dea.bin	Braum.wad/2ac87759d2643dea.bin	5502	c58d6a373f0b363f4897a1324eced4e5ee16645f888f51dd762d6cd6fde6fe02	50524f50030000000000000001000000	2ac87759d2643dea	data/characters/braum/braum_multi_skins_skin0_skins_skin1_skins_skin10_skins_skin2_skins_skin20_skins_skin21_skins_skin22_skins_skin23_skins_skin3_skins_skin4_skins_skin5_skins_skin6_skins_skin7_skins_skin8_skins_skin9.bin	Property configuration and asset links	other skin/shared; see reference graph	03e78a116663752e.bin;1eb4979be4e9320c.bin;26fe02fb42fe5d0f.bin;3e345a7cf645a903.bin;4b8cf46e9a27ff51.bin;4fed391540044397.bin;5d7e7a1984eb745d.bin;69066dbc18657bec.bin;7b9824cbef34ed4d.bin;812e1da9fe14f1ec.bin;a497a5055810256b.bin;d0b441e03335be65.bin;e250f290f6212f81.bin;eb9d53354a504663.bin;f63b31a3da327a4f.bin
2ad00f9fbba751dc.tex	.tex	C:\Users\etqdo\Downloads\Clash Braum project\Braum.wad\2ad00f9fbba751dc.tex	Braum.wad/2ad00f9fbba751dc.tex	5500	1bbfb98f30759445e87fd01bb4604b2c6a8bc2cf1e0b6851f920af872439f1fb	5445580040004000010c000187870000	2ad00f9fbba751dc	assets/characters/braum/skins/skin33/particles/braum_skin33_r_ringmult.tex	League texture	other skin/shared; see reference graph	25c2b1d3f80a7166.bin;399a7a520477b139.bin;3a207b8680fc4f78.bin;4af4d37cc3da7630.bin;775c4474dbe4b86c.bin;ac2d2bd054d44f09.bin;cf092c39484cec07.bin;f2aa871abddf9427.bin;f5df8e88540921e0.bin;ff9b3266cfca2ba6.bin
2ada1d891b42e6d0.scb	.scb	C:\Users\etqdo\Downloads\Clash Braum project\Braum.wad\2ada1d891b42e6d0.scb	Braum.wad/2ada1d891b42e6d0.scb	17812	9493db0497ecfa1d55512d7c50943cc145b461e34e343ec96a61132ca45ad68a	723364324d65736803000200653a5c72	2ada1d891b42e6d0	assets/characters/braum/skins/skin01/particles/braum_skin01_p_poro_mustache.scb	Static mesh, commonly VFX geometry	other skin/shared; see reference graph	d0b441e03335be65.bin;fca448d5ff3861b5.bin
2b25dac64005fe43.tex	.tex	C:\Users\etqdo\Downloads\Clash Braum project\Braum.wad\2b25dac64005fe43.tex	Braum.wad/2b25dac64005fe43.tex	43716	e0821e74e839fbd0c84a55ead4f83f19c671e83385fbd5b04f18669ad8dc1d62	5445580000010001010a000182106529	2b25dac64005fe43	assets/characters/braum/skins/base/particles/braum_base_w_ground_decal_ring.tex	League texture	base or shared candidate	2974de4048ee048b.bin;2dc39c165f3aa923.bin
2b2e17da67488cfc.tex	.tex	C:\Users\etqdo\Downloads\Clash Braum project\Braum.wad\2b2e17da67488cfc.tex	Braum.wad/2b2e17da67488cfc.tex	349564	e693533f8856ecaa5e8b694df213dbbcac4be7fdfd0ad57845361d22420d2f30	5445580000020002010c0001fafa0000	2b2e17da67488cfc	assets/characters/braum/skins/skin38/braum_skin38_crab_tx_cm.tex	League texture	other skin/shared; see reference graph	f2aa871abddf9427.bin
2b4f9700307c2837.tex	.tex	C:\Users\etqdo\Downloads\Clash Braum project\Braum.wad\2b4f9700307c2837.tex	Braum.wad/2b4f9700307c2837.tex	87420	80e6db45f32200cea61bb7bb42cb8a9a48fcec69c679b034ca9b907a0b4d8f66	5445580000010001010c0001afaf0000	2b4f9700307c2837	assets/characters/braum/skins/skin02/particles/braum_skin02_e_shield_first_block_shatter.tex	League texture	other skin/shared; see reference graph	d0b441e03335be65.bin
2b67053203a74bd1.tex	.tex	C:\Users\etqdo\Downloads\Clash Braum project\Braum.wad\2b67053203a74bd1.tex	Braum.wad/2b67053203a74bd1.tex	87420	4da97423914fe851ddd15c2bfadf08fe166d9583e9b40fe46841232e206ecd32	5445580000010001010c0001ffff0000	2b67053203a74bd1	assets/characters/braum/skins/skin42/particles/braum_skin42_q_front02.tex	League texture	other skin/shared; see reference graph	ab5fbb4cdcdfb2ef.bin
2b766f6388944eae.tex	.tex	C:\Users\etqdo\Downloads\Clash Braum project\Braum.wad\2b766f6388944eae.tex	Braum.wad/2b766f6388944eae.tex	16396	0629b3423c828d53c565a62533c1f8389d3fca7430c54cf6d7a245c14abca6b0	5445580080008000010c000000000000	2b766f6388944eae	assets/characters/braum/hud/braum_circle_2.tex	League texture	other skin/shared; see reference graph	d0b441e03335be65.bin
2ba4c819638a6d69.tex	.tex	C:\Users\etqdo\Downloads\Clash Braum project\Braum.wad\2ba4c819638a6d69.tex	Braum.wad/2ba4c819638a6d69.tex	87420	1848ab7757bcb8dc5f258876cf106aacaaecc725c1d7e6ce49d68d36ca8f1cb2	5445580000010001010c000150500000	2ba4c819638a6d69	assets/characters/braum/skins/skin01/particles/braum_skin01_e_shield_heat_normal.tex	League texture	other skin/shared; see reference graph	fca448d5ff3861b5.bin
2ba7e7b3e6ff2f40.tex	.tex	C:\Users\etqdo\Downloads\Clash Braum project\Braum.wad\2ba7e7b3e6ff2f40.tex	Braum.wad/2ba7e7b3e6ff2f40.tex	87420	022b7256af1b6501a2979eaa363251afdfddfc971ffa08800325264cc5e35d78	5445580000010001010c000122220000	2ba7e7b3e6ff2f40	assets/characters/braum/skins/skin24/particles/sprinkle_01.tex	League texture	other skin/shared; see reference graph	02ab7e4623adf97e.bin;3f6a40609700ee85.bin;88b5dd6dc0e099bd.bin;8cf62c85e1e2e7f9.bin;992d3c62ff62964c.bin;a582cf4ad353f261.bin;b30d6dd1b38ee53c.bin;c5c66176cca69ad3.bin;caacae9cc35f0267.bin;d3dbd3f84a5b8600.bin
2bc9a91385fd8caa.tex	.tex	C:\Users\etqdo\Downloads\Clash Braum project\Braum.wad\2bc9a91385fd8caa.tex	Braum.wad/2bc9a91385fd8caa.tex	43716	b997bc7dc6170360f55dfc4410e71ccb2245430a37cd206be1983d1c62dc694e	5445580000010001010a00010c73105c	2bc9a91385fd8caa	assets/characters/braum/skins/skin41/particles/braum_skin41_poro_tx_cm.tex	League texture	other skin/shared; see reference graph	f5df8e88540921e0.bin
2bd84748b259fc70.tex	.tex	C:\Users\etqdo\Downloads\Clash Braum project\Braum.wad\2bd84748b259fc70.tex	Braum.wad/2bd84748b259fc70.tex	87420	5d0b1d8c6926b5b6634ec43b064ab9b199e059b5e6ce552715b2b49835659c1c	5445580000010001010c000132320000	2bd84748b259fc70	assets/characters/braum/skins/base/particles/braum_base_e_ground_sub.tex	League texture	base or shared candidate	03e78a116663752e.bin;2974de4048ee048b.bin;eb9d53354a504663.bin
2be7f75ad02092a7.tex	.tex	C:\Users\etqdo\Downloads\Clash Braum project\Braum.wad\2be7f75ad02092a7.tex	Braum.wad/2be7f75ad02092a7.tex	21884	4265e8af420763f690d805d0b9ebc78ea032194d0e48c85f1b47118cb3125f18	5445580080008000010c00015d5d0000	2be7f75ad02092a7	assets/characters/braum/skins/skin33/particles/braum_skin33_q_smoke_erode.tex	League texture	other skin/shared; see reference graph	25c2b1d3f80a7166.bin;399a7a520477b139.bin;3a207b8680fc4f78.bin;4af4d37cc3da7630.bin;775c4474dbe4b86c.bin;cf092c39484cec07.bin;f2aa871abddf9427.bin;f5df8e88540921e0.bin;ff9b3266cfca2ba6.bin
2bff3c7029cb34a5.tex	.tex	C:\Users\etqdo\Downloads\Clash Braum project\Braum.wad\2bff3c7029cb34a5.tex	Braum.wad/2bff3c7029cb34a5.tex	43716	ef1aee6ae888b01b29e78ff7d9f7e8aafa70144f8d945e2cdac14e803b8b3a5d	5445580000010001010a000120080100	2bff3c7029cb34a5	assets/characters/braum/skins/skin33/particles/braum_skin02_i_led_loop_del.tex	League texture	other skin/shared; see reference graph	ac2d2bd054d44f09.bin
2c35e0f2cb131ab4.tex	.tex	C:\Users\etqdo\Downloads\Clash Braum project\Braum.wad\2c35e0f2cb131ab4.tex	Braum.wad/2c35e0f2cb131ab4.tex	174788	9cf74488678f73a883e4cd259823b6bd05b833067e87a7ac2a49d5805c361230	5445580000020002010a000128922872	2c35e0f2cb131ab4	assets/characters/braum/skins/skin24/particles/braum_skin24_r_cake_shard.tex	League texture	other skin/shared; see reference graph	d3dbd3f84a5b8600.bin
2c74435dfd38cda9.tex	.tex	C:\Users\etqdo\Downloads\Clash Braum project\Braum.wad\2c74435dfd38cda9.tex	Braum.wad/2c74435dfd38cda9.tex	43716	06c0e2bbe9f25d606b52c47a3a38160019ddae8ade932b22b70bb35fc0df8563	5445580000010001010a0001a2102108	2c74435dfd38cda9	assets/characters/braum/skins/skin24/particles/braum_skin24_p_ring_tar.tex	League texture	other skin/shared; see reference graph	02ab7e4623adf97e.bin
2cada44e469892e7.bnk	.bnk	C:\Users\etqdo\Downloads\Clash Braum project\Braum.wad\2cada44e469892e7.bnk	Braum.wad/2cada44e469892e7.bnk	1323596	70ca2520a2fa4b1bf6b50f8dac75f2d7081cccea46dfb9bf0c678928b1a44c80	424b48443000000091000000cdb24021	2cada44e469892e7	assets/sounds/wwise2016/sfx/characters/braum/skins/skin11/braum_skin11_sfx_audio.bnk	Wwise event graph or embedded audio bank	other skin/shared; see reference graph	23b85b75eb659166.bin;36b00af025f54940.bin;42ee6bdbfc9d170b.bin;4fe453abcf9c5181.bin;a44281cd843a8348.bin;bb8b47c7d87589f7.bin;d8a52eb470baa538.bin;e1dfd1a549890037.bin;ed7ecf9170cfaaf8.bin
2cb2143afe13e160.tex	.tex	C:\Users\etqdo\Downloads\Clash Braum project\Braum.wad\2cb2143afe13e160.tex	Braum.wad/2cb2143afe13e160.tex	87420	ff09cc73789005f9b3d55cfa879d4cdf22b5473206e055757e391bc26b466b34	5445580000010001010c0001a2a20000	2cb2143afe13e160	assets/characters/braum/skins/skin42/particles/braum_skin42_q_color_mult01.tex	League texture	other skin/shared; see reference graph	ab5fbb4cdcdfb2ef.bin
2ce653431add1a84.tex	.tex	C:\Users\etqdo\Downloads\Clash Braum project\Braum.wad\2ce653431add1a84.tex	Braum.wad/2ce653431add1a84.tex	174788	3cde15395ce131f80f979d12d308d46c99c17923047bff4ad5017aec275385eb	5445580000020002010a0001aa5aa659	2ce653431add1a84	assets/characters/braum/skins/skin37/braum_skin37_coconut_tx_cm.tex	League texture	other skin/shared; see reference graph	4af4d37cc3da7630.bin
2d238da95134db3a.tex	.tex	C:\Users\etqdo\Downloads\Clash Braum project\Braum.wad\2d238da95134db3a.tex	Braum.wad/2d238da95134db3a.tex	43716	cd2e7326f12e5df4e52b34d9cd09fd8b1876103db640c51d189becf2ec624910	5445580000010001010a000180207f20	2d238da95134db3a	assets/characters/braum/skins/skin02/particles/braum_skin02_q_fire_swirl.tex	League texture	other skin/shared; see reference graph	d0b441e03335be65.bin
2d3270ddbb9db644.tex	.tex	C:\Users\etqdo\Downloads\Clash Braum project\Braum.wad\2d3270ddbb9db644.tex	Braum.wad/2d3270ddbb9db644.tex	87420	45f94a8fb33a7572c1321b239ce1d4fe8d5788a0d67a364ad0061dac99672981	5445580000010001010c00010b0b0000	2d3270ddbb9db644	assets/characters/braum/skins/skin51/particles/braum_skin51_p_skin51_04.tex	League texture	other skin/shared; see reference graph	7a1193b055eb059a.bin
2d49b16b2c0d13ac.tex	.tex	C:\Users\etqdo\Downloads\Clash Braum project\Braum.wad\2d49b16b2c0d13ac.tex	Braum.wad/2d49b16b2c0d13ac.tex	87452	de9b1e2f157a392fb43a89abdfb884ba45f57a8f0abe3e4ad0aa8369e9d7027f	5445580000028000010c000125250000	2d49b16b2c0d13ac	assets/characters/braum/skins/skin33/particles/braum_skin33_r_lv5_pbaoe_cas_watersplash.tex	League texture	other skin/shared; see reference graph	ac2d2bd054d44f09.bin
2d4d0b833efc826e.tex	.tex	C:\Users\etqdo\Downloads\Clash Braum project\Braum.wad\2d4d0b833efc826e.tex	Braum.wad/2d4d0b833efc826e.tex	21884	8ba89aeb9a8ad1c99ea9fdc89b45963dcec5fb9f6bd9962dde8d3052799ea77a	5445580080008000010c000154540000	2d4d0b833efc826e	assets/characters/braum/skins/base/particles/braum_base_q_hit_tar_slow.tex	League texture	base or shared candidate	2974de4048ee048b.bin;2dc39c165f3aa923.bin;f63b31a3da327a4f.bin
2d604012e6ce2593.bnk	.bnk	C:\Users\etqdo\Downloads\Clash Braum project\Braum.wad\2d604012e6ce2593.bnk	Braum.wad/2d604012e6ce2593.bnk	1462096	f0732de5471ab890bbf9b2cc92a6e12b13b31998d3aabbb819ed4cb6eb485ce1	424b48442800000091000000f872d4ba	2d604012e6ce2593	assets/sounds/wwise2016/sfx/characters/braum/skins/skin10/braum_skin10_sfx_audio.bnk	Wwise event graph or embedded audio bank	other skin/shared; see reference graph	f63b31a3da327a4f.bin
2d69e5795254172f.tex	.tex	C:\Users\etqdo\Downloads\Clash Braum project\Braum.wad\2d69e5795254172f.tex	Braum.wad/2d69e5795254172f.tex	87420	46a8c639ead3cef1cf8ad185037fbb45a68ff114760d38f9f9c7b18fd446f54a	5445580000010001010c000197970000	2d69e5795254172f	assets/characters/braum/skins/skin51/particles/braum_skin51_e_shield_break_ice.tex	League texture	other skin/shared; see reference graph	7a1193b055eb059a.bin
2d6f4c38a13bdf11.tex	.tex	C:\Users\etqdo\Downloads\Clash Braum project\Braum.wad\2d6f4c38a13bdf11.tex	Braum.wad/2d6f4c38a13bdf11.tex	699076	9c567cb10a58cedd46a4fbd3aec4d50022aaf70c8125a5a958c9151c2e57406f	5445580000040004010a0001e68ae86a	2d6f4c38a13bdf11	assets/characters/braum/skins/skin35/braum_skin35_shield_tx_cm.tex	League texture	other skin/shared; see reference graph	399a7a520477b139.bin
2d77e1048bfa3805.tex	.tex	C:\Users\etqdo\Downloads\Clash Braum project\Braum.wad\2d77e1048bfa3805.tex	Braum.wad/2d77e1048bfa3805.tex	87420	a5c0c1687159e316afedd8f35195910246d46c8fbf427073767015e21807ca8c	5445580000010001010c000169690000	2d77e1048bfa3805	assets/characters/braum/skins/skin52/particles/braum_skin52_r_crack_04.tex	League texture	other skin/shared; see reference graph	d01bf01d5611bc53.bin
2d7ec0fbf1eadad5.skn	.skn	C:\Users\etqdo\Downloads\Clash Braum project\Braum.wad\2d7ec0fbf1eadad5.skn	Braum.wad/2d7ec0fbf1eadad5.skn	6780	a4e96f23872626745b269665b771ff90628dbcd285c0e6df15865bdb07f229f9	3322110004000100010000006c616d62	2d7ec0fbf1eadad5	assets/characters/braum/skins/skin33/particles/braum_skin33_castle_1_amin.skn	Skinned mesh with submeshes and vertex weights	other skin/shared; see reference graph	ac2d2bd054d44f09.bin
2d951a75b96fea59.tex	.tex	C:\Users\etqdo\Downloads\Clash Braum project\Braum.wad\2d951a75b96fea59.tex	Braum.wad/2d951a75b96fea59.tex	174788	fa774acc9716aa86ef7dae6d0b387ec884c38c7d9ff274d82787b9de2b6ac10f	5445580000020002010a0001ce49af3a	2d951a75b96fea59	assets/shared/materials/lava_mask.tex	League texture	other skin/shared; see reference graph	07f65b37fb75e834.bin;08e5b232f3994eee.bin;3079df1f381a87bc.bin;6c66319ffa4bb738.bin;6d6176ab099f3064.bin;70c57eae58af6c94.bin;7ca837cacce9639a.bin;b511ce2cc52d55a4.bin;d01bf01d5611bc53.bin;d56c87aaf7fac0ee.bin
2dbe224efb4061d6.tex	.tex	C:\Users\etqdo\Downloads\Clash Braum project\Braum.wad\2dbe224efb4061d6.tex	Braum.wad/2dbe224efb4061d6.tex	87420	0c8df49c4d27a2844d2f8f628c82be421c1bd53fd6c41d8a77bed97efcfc9b51	5445580000010001010c000170700000	2dbe224efb4061d6	assets/characters/braum/skins/skin02/particles/braum_skin02_r_aoe_ringbig.tex	League texture	other skin/shared; see reference graph	d0b441e03335be65.bin
2dc39c165f3aa923.bin	.bin	C:\Users\etqdo\Downloads\Clash Braum project\Braum.wad\2dc39c165f3aa923.bin	Braum.wad/2dc39c165f3aa923.bin	156714	c34727950542c11ab927f563f22657bc21cfc8a704d1726c61660d5a4ee08dd5	50524f5003000000000000001f000000	2dc39c165f3aa923	data/characters/braum/braum_multi_skins_skin0_skins_skin3.bin	Property configuration and asset links	other skin/shared; see reference graph	03e78a116663752e.bin;eb9d53354a504663.bin
2ddc25b3f2a0a4b6.tex	.tex	C:\Users\etqdo\Downloads\Clash Braum project\Braum.wad\2ddc25b3f2a0a4b6.tex	Braum.wad/2ddc25b3f2a0a4b6.tex	21884	6f72c7e03e8e48d3726db49539d7d89e7b53d001fb533b5bf5f6111e556ce699	5445580080008000010c000134340000	2ddc25b3f2a0a4b6	assets/characters/braum/skins/skin51/particles/braum_skin51_w_shield_glow2.tex	League texture	other skin/shared; see reference graph	7a1193b055eb059a.bin
2dee830465753072.tex	.tex	C:\Users\etqdo\Downloads\Clash Braum project\Braum.wad\2dee830465753072.tex	Braum.wad/2dee830465753072.tex	87420	97caebf061ee492810b3f63234f1bbfbbbf2bb08a998cf2102c70c80e92e238b	5445580000010001010c000124240000	2dee830465753072	assets/characters/braum/skins/skin01/particles/braum_skin01_r_hit_flash.tex	League texture	other skin/shared; see reference graph	fca448d5ff3861b5.bin
2e263654df9099a0.tex	.tex	C:\Users\etqdo\Downloads\Clash Braum project\Braum.wad\2e263654df9099a0.tex	Braum.wad/2e263654df9099a0.tex	349564	4e2d23597effb0fd2e3cd8627d3c07f390eb2d6abfbaf381066f0279d78851bf	5445580000020002010c0001e4e40000	2e263654df9099a0	assets/characters/braum/skins/skin36/braum_skin36_palmtree_tx_cm.tex	League texture	other skin/shared; see reference graph	25c2b1d3f80a7166.bin
2e47bf725ab3d0f9.scb	.scb	C:\Users\etqdo\Downloads\Clash Braum project\Braum.wad\2e47bf725ab3d0f9.scb	Braum.wad/2e47bf725ab3d0f9.scb	1488	c2840821235c8ac13c58f626f29b5f3628fd07611ac40be0b7c7ce147d20351f	723364324d6573680300020000000000	2e47bf725ab3d0f9	assets/characters/braum/skins/skin11/particles/braum_skin11_e_goldbar.scb	Static mesh, commonly VFX geometry	other skin/shared; see reference graph	2974de4048ee048b.bin
2e7839ce2e6ec015.scb	.scb	C:\Users\etqdo\Downloads\Clash Braum project\Braum.wad\2e7839ce2e6ec015.scb	Braum.wad/2e7839ce2e6ec015.scb	28056	286c09249a07a281dba223c41bbffbf9727b0e0e4a2abd063e6711e288188d22	723364324d6573680300020000000000	2e7839ce2e6ec015	assets/characters/braum/skins/skin01/particles/braum_skin01_q_hit_orbit_tar.scb	Static mesh, commonly VFX geometry	other skin/shared; see reference graph	fca448d5ff3861b5.bin
2ebada5e7e7c7e4c.tex	.tex	C:\Users\etqdo\Downloads\Clash Braum project\Braum.wad\2ebada5e7e7c7e4c.tex	Braum.wad/2ebada5e7e7c7e4c.tex	21884	402dbc2999fefa8cf5576da67f7882afcb0115b734a6c1b7f4dd6e24bb4ddb8c	5445580080008000010c000158580000	2ebada5e7e7c7e4c	assets/characters/braum/skins/skin24/particles/braum_skin24_q_backdrop.tex	League texture	other skin/shared; see reference graph	02ab7e4623adf97e.bin;3f6a40609700ee85.bin;88b5dd6dc0e099bd.bin;8cf62c85e1e2e7f9.bin;992d3c62ff62964c.bin;a582cf4ad353f261.bin;b30d6dd1b38ee53c.bin;c5c66176cca69ad3.bin;caacae9cc35f0267.bin;d3dbd3f84a5b8600.bin
2ebfb3520bc58ccb.scb	.scb	C:\Users\etqdo\Downloads\Clash Braum project\Braum.wad\2ebfb3520bc58ccb.scb	Braum.wad/2ebfb3520bc58ccb.scb	28056	286c09249a07a281dba223c41bbffbf9727b0e0e4a2abd063e6711e288188d22	723364324d6573680300020000000000	2ebfb3520bc58ccb	assets/characters/braum/skins/skin42/particles/braum_skin42_q_hit_orbit_tar.scb	Static mesh, commonly VFX geometry	other skin/shared; see reference graph	ab5fbb4cdcdfb2ef.bin
2ed9bd1c81c5cb79.tex	.tex	C:\Users\etqdo\Downloads\Clash Braum project\Braum.wad\2ed9bd1c81c5cb79.tex	Braum.wad/2ed9bd1c81c5cb79.tex	5500	823941857a0837ae65a721b879433c98741e9a94f1571db4968fe8c33da3f35c	5445580040004000010c00014e4e0000	2ed9bd1c81c5cb79	assets/characters/braum/skins/skin01/particles/braum_skin01_i_distort_rgba.tex	League texture	other skin/shared; see reference graph	1eb4979be4e9320c.bin;26fe02fb42fe5d0f.bin;3e345a7cf645a903.bin;4b8cf46e9a27ff51.bin;4fed391540044397.bin;5d7e7a1984eb745d.bin;69066dbc18657bec.bin;7b9824cbef34ed4d.bin;812e1da9fe14f1ec.bin;a497a5055810256b.bin;d0b441e03335be65.bin;e250f290f6212f81.bin;fca448d5ff3861b5.bin
2f1e7ed39a452d40.tex	.tex	C:\Users\etqdo\Downloads\Clash Braum project\Braum.wad\2f1e7ed39a452d40.tex	Braum.wad/2f1e7ed39a452d40.tex	87420	a15bb71a37ce412d820702b1ecaaa939d2c01c1a3b032219175bdca7980313cd	5445580000010001010c000133330000	2f1e7ed39a452d40	assets/characters/braum/skins/skin02/particles/braum_skin02_i_shield_glow.tex	League texture	other skin/shared; see reference graph	d0b441e03335be65.bin
2f7ca2844aebb85b.tex	.tex	C:\Users\etqdo\Downloads\Clash Braum project\Braum.wad\2f7ca2844aebb85b.tex	Braum.wad/2f7ca2844aebb85b.tex	5500	6251a66108ce6a5ef1c816d2e4632898bf7f28cb24dd8949a89a4ff48d9d3430	5445580040004000010c0001afaf0000	2f7ca2844aebb85b	assets/characters/braum/skins/skin42/particles/braum_skin42_common_color_rampdown32.tex	League texture	other skin/shared; see reference graph	ab5fbb4cdcdfb2ef.bin
2fed6f6599b61f34.tex	.tex	C:\Users\etqdo\Downloads\Clash Braum project\Braum.wad\2fed6f6599b61f34.tex	Braum.wad/2fed6f6599b61f34.tex	21884	e4075e2fb0cce4a2c54fe207f00129cf90c55bd744207b96bc7aece51026b6dc	5445580080008000010c000166660000	2fed6f6599b61f34	assets/characters/braum/skins/skin51/particles/braum_skin51_z_dissolve_cloudy_0.tex	League texture	other skin/shared; see reference graph	7a1193b055eb059a.bin
30222c04f6a99387.bin	.bin	C:\Users\etqdo\Downloads\Clash Braum project\Braum.wad\30222c04f6a99387.bin	Braum.wad/30222c04f6a99387.bin	918	c9c4dcd7e026f4ebb350d0839ea74e01a5a34aee7c9f8ce869e44a5b5cbb8b3d	50524f50030000000000000003000000	30222c04f6a99387	data/characters/braum/braum_multi_skins_skin0_skins_skin10_skins_skin11_skins_skin12_skins_skin13_skins_skin14_skins_skin15_skins_skin16_skins_skin17_skins_skin18_skins_skin19_skins_skin24_skins_skin25_skins_skin26_skins_skin27_skins_skin28_skins_skin29_skins_skin3_skins_skin30_skins_skin31_skins_skin32_skins_skin33_skins_skin34_skins_skin35_skins_skin36_skins_skin37_skins_skin38_skins_skin39_skins_skin40_skins_skin41.bin	Property configuration and asset links	other skin/shared; see reference graph	03e78a116663752e.bin;23b85b75eb659166.bin;25c2b1d3f80a7166.bin;36b00af025f54940.bin;399a7a520477b139.bin;3a207b8680fc4f78.bin;3f6a40609700ee85.bin;42ee6bdbfc9d170b.bin;4af4d37cc3da7630.bin;4fe453abcf9c5181.bin;775c4474dbe4b86c.bin;88b5dd6dc0e099bd.bin;8cf62c85e1e2e7f9.bin;992d3c62ff62964c.bin;a44281cd843a8348.bin;a582cf4ad353f261.bin;b30d6dd1b38ee53c.bin;bb8b47c7d87589f7.bin;c5c66176cca69ad3.bin;caacae9cc35f0267.bin;cf092c39484cec07.bin;d3dbd3f84a5b8600.bin;d8a52eb470baa538.bin;e1dfd1a549890037.bin;eb9d53354a504663.bin;ed7ecf9170cfaaf8.bin;f2aa871abddf9427.bin;f5df8e88540921e0.bin;f63b31a3da327a4f.bin;ff9b3266cfca2ba6.bin
302c67ddcc5bbc70.tex	.tex	C:\Users\etqdo\Downloads\Clash Braum project\Braum.wad\302c67ddcc5bbc70.tex	Braum.wad/302c67ddcc5bbc70.tex	21884	053ffc43e69f37a33c39a6dd8b7b1ef95d41ac3dbb204fb8a86decc3045bd15d	5445580080008000010c000154540000	302c67ddcc5bbc70	assets/characters/braum/skins/skin01/particles/braum_skin01_q_hit_tar_slow.tex	League texture	other skin/shared; see reference graph	fca448d5ff3861b5.bin
304a52c8f23ac966.tex	.tex	C:\Users\etqdo\Downloads\Clash Braum project\Braum.wad\304a52c8f23ac966.tex	Braum.wad/304a52c8f23ac966.tex	5500	5788dc93322148269000e3036a76fbda5bf725f098a032a89940b847cb841d3f	5445580040004000010c000195950000	304a52c8f23ac966	assets/characters/braum/skins/skin24/particles/braum_skin24_r_spatter_rgba.tex	League texture	other skin/shared; see reference graph	3f6a40609700ee85.bin;88b5dd6dc0e099bd.bin;8cf62c85e1e2e7f9.bin;992d3c62ff62964c.bin;a582cf4ad353f261.bin;b30d6dd1b38ee53c.bin;c5c66176cca69ad3.bin;caacae9cc35f0267.bin;d3dbd3f84a5b8600.bin
3064a218934bc090.tex	.tex	C:\Users\etqdo\Downloads\Clash Braum project\Braum.wad\3064a218934bc090.tex	Braum.wad/3064a218934bc090.tex	5500	81f6352724b30e7a76aff3b5a53ff82ae8600f724c4ccaf09fce892a32a48419	5445580040004000010c000143430000	3064a218934bc090	assets/characters/braum/skins/skin02/particles/braum_skin02_r_stripe_smoke_mult.tex	League texture	other skin/shared; see reference graph	d0b441e03335be65.bin
3079df1f381a87bc.bin	.bin	C:\Users\etqdo\Downloads\Clash Braum project\Braum.wad\3079df1f381a87bc.bin	Braum.wad/3079df1f381a87bc.bin	230998	e3ca8d740d3c16a2783a26dda0bef79625253f849ea092a002bb042b8e7a7040	50524f5003000000040000003f034441	3079df1f381a87bc	data/characters/braum/skins/skin59.bin	Property configuration and asset links	other skin/shared; see reference graph	
3114f0a23798d296.scb	.scb	C:\Users\etqdo\Downloads\Clash Braum project\Braum.wad\3114f0a23798d296.scb	Braum.wad/3114f0a23798d296.scb	28096	a7f46f31a8799408e8189855f5ec3aa7021126b8399abe462c996b02c7b534eb	723364324d65736803000200653a5c72	3114f0a23798d296	assets/characters/braum/skins/skin02/particles/braum_skin02_ba_trail_02.scb	Static mesh, commonly VFX geometry	other skin/shared; see reference graph	d0b441e03335be65.bin
3123d44fab9de598.tex	.tex	C:\Users\etqdo\Downloads\Clash Braum project\Braum.wad\3123d44fab9de598.tex	Braum.wad/3123d44fab9de598.tex	1398140	e06e5a5dcfcc5276e986911b0703f24f65bb51618e320bc302408c56e8cfe66a	5445580000040004010c0001ffff0000	3123d44fab9de598	assets/characters/braum/skins/skin38/braum_skin38_body_tx_cm.tex	League texture	other skin/shared; see reference graph	f2aa871abddf9427.bin
3126956029d20dba.tex	.tex	C:\Users\etqdo\Downloads\Clash Braum project\Braum.wad\3126956029d20dba.tex	Braum.wad/3126956029d20dba.tex	10948	a2354b34ad7a6d8b8f9b7d648c644efef58858e05f19fcc857eea31993335bd3	5445580080008000010a000145284319	3126956029d20dba	assets/characters/braum/skins/skin51/particles/leona_skin50_ba_rays.tex	League texture	other skin/shared; see reference graph	07f65b37fb75e834.bin;08e5b232f3994eee.bin;3079df1f381a87bc.bin;6c66319ffa4bb738.bin;6d6176ab099f3064.bin;70c57eae58af6c94.bin;7a1193b055eb059a.bin;7ca837cacce9639a.bin;b511ce2cc52d55a4.bin;d01bf01d5611bc53.bin;d56c87aaf7fac0ee.bin
3136f10b57d33c7b.anm	.anm	C:\Users\etqdo\Downloads\Clash Braum project\Braum.wad\3136f10b57d33c7b.anm	Braum.wad/3136f10b57d33c7b.anm	1284	d647eee512e5715a9eb87d53c5232d789d5a18508cead65a7ac26dc34f931c6f	7233643263616e6d01000000f8040000	3136f10b57d33c7b	assets/characters/braum/skins/skin10/particles/braum_skin10_r_tree.anm	Animation tracks	other skin/shared; see reference graph	f63b31a3da327a4f.bin
31902ab1446c0c1c.tex	.tex	C:\Users\etqdo\Downloads\Clash Braum project\Braum.wad\31902ab1446c0c1c.tex	Braum.wad/31902ab1446c0c1c.tex	10948	60a1eb2bea7ecaaa4af16822a05415988e5af75b97de05eb5c97cfaddb875973	5445580080008000010a000144214410	31902ab1446c0c1c	assets/characters/braum/skins/skin51/particles/braum_skin51_flash_1.tex	League texture	other skin/shared; see reference graph	07f65b37fb75e834.bin;08e5b232f3994eee.bin;3079df1f381a87bc.bin;6c66319ffa4bb738.bin;6d6176ab099f3064.bin;70c57eae58af6c94.bin;7a1193b055eb059a.bin;7ca837cacce9639a.bin;b511ce2cc52d55a4.bin;d01bf01d5611bc53.bin;d56c87aaf7fac0ee.bin
31b91934f1881d98.tex	.tex	C:\Users\etqdo\Downloads\Clash Braum project\Braum.wad\31b91934f1881d98.tex	Braum.wad/31b91934f1881d98.tex	1404	eaf7aa50c4351602edac5cfd5eae86953bd4474a921a2564415bd698a3db7398	5445580020002000010c000139390000	31b91934f1881d98	assets/characters/braum/skins/skin42/particles/braum_skin42_aura_self.tex	League texture	other skin/shared; see reference graph	ab5fbb4cdcdfb2ef.bin
31efbcbaf95b95a0.tex	.tex	C:\Users\etqdo\Downloads\Clash Braum project\Braum.wad\31efbcbaf95b95a0.tex	Braum.wad/31efbcbaf95b95a0.tex	349564	5232d3656f3f0818444d9843d2c89a193716aceeecaf92188a441dacdd77e38a	5445580000020002010c000132320000	31efbcbaf95b95a0	assets/characters/braum/skins/skin51/particles/braum_skin51_w_crack6_ersion.tex	League texture	other skin/shared; see reference graph	7a1193b055eb059a.bin
32103f80a3915da2.tex	.tex	C:\Users\etqdo\Downloads\Clash Braum project\Braum.wad\32103f80a3915da2.tex	Braum.wad/32103f80a3915da2.tex	5500	e87326aa650e5491a5213fece9ebd1b1adb0a252449a8fdfeb95f59aa62f9119	5445580040004000010c0001cece0000	32103f80a3915da2	assets/characters/braum/skins/skin01/particles/braum_skin01_w_ice_shard_rgba.tex	League texture	other skin/shared; see reference graph	fca448d5ff3861b5.bin
323b954a78d71ff0.tex	.tex	C:\Users\etqdo\Downloads\Clash Braum project\Braum.wad\323b954a78d71ff0.tex	Braum.wad/323b954a78d71ff0.tex	87412	11f8e513be7e70349475997def741b6568f67d805a31a432c4063cbb0d60bb4e	5445580000020001010a000161a14582	323b954a78d71ff0	assets/characters/braum/skins/skin42/particles/braum_skin42_r_meat01.tex	League texture	other skin/shared; see reference graph	ab5fbb4cdcdfb2ef.bin
3247dbff450701ee.tex	.tex	C:\Users\etqdo\Downloads\Clash Braum project\Braum.wad\3247dbff450701ee.tex	Braum.wad/3247dbff450701ee.tex	5500	d502c1c112180e1886c304bfb0bb4330bbe4159a688799e756f82e830696f548	5445580040004000010c0001ffff0000	3247dbff450701ee	assets/characters/braum/skins/skin42/particles/braum_skin42_base_smoke_erode_01.tex	League texture	other skin/shared; see reference graph	ab5fbb4cdcdfb2ef.bin
324b7ac45ec8550d.tex	.tex	C:\Users\etqdo\Downloads\Clash Braum project\Braum.wad\324b7ac45ec8550d.tex	Braum.wad/324b7ac45ec8550d.tex	2796228	3b237c52520321c6617416fbca9310acf1f350e5cd2ecd08ac4293ad7e83c774	5445580000080008010a0001096a055a	324b7ac45ec8550d		League texture	other skin/shared; see reference graph	
327fb10abd793505.tex	.tex	C:\Users\etqdo\Downloads\Clash Braum project\Braum.wad\327fb10abd793505.tex	Braum.wad/327fb10abd793505.tex	43716	cd2e7326f12e5df4e52b34d9cd09fd8b1876103db640c51d189becf2ec624910	5445580000010001010a000180207f20	327fb10abd793505	assets/characters/braum/skins/skin01/particles/braum_skin01_q_fire_swirl.tex	League texture	other skin/shared; see reference graph	fca448d5ff3861b5.bin
32afb270f464ec7b.anm	.anm	C:\Users\etqdo\Downloads\Clash Braum project\Braum.wad\32afb270f464ec7b.anm	Braum.wad/32afb270f464ec7b.anm	37202	3b65e64cf4e8143358e67d8ef6c77905d6b379cc7195f282eda7bf555059943d	7233643263616e6d0100000046910000	32afb270f464ec7b	assets/characters/braum/skins/skin10/animations/braum_skin04_idle_in.anm	Animation tracks	other skin/shared; see reference graph	57bea13d59e2af1a.bin
3336956b9b8eab49.tex	.tex	C:\Users\etqdo\Downloads\Clash Braum project\Braum.wad\3336956b9b8eab49.tex	Braum.wad/3336956b9b8eab49.tex	21884	980bdac922e04523e4d547bc5892a45aaee3cd909a06dc1ee095a2ac88d250c5	5445580080008000010c000143430000	3336956b9b8eab49	assets/characters/braum/skins/skin33/particles/aura_self.tex	League texture	other skin/shared; see reference graph	ac2d2bd054d44f09.bin
333a8f5dbcb514de.tex	.tex	C:\Users\etqdo\Downloads\Clash Braum project\Braum.wad\333a8f5dbcb514de.tex	Braum.wad/333a8f5dbcb514de.tex	349564	fe94eaab54e77212f08c55ad29e1135d828773b2b2b5cbc756f8d9de4085c822	5445580000020002010c000108080000	333a8f5dbcb514de	assets/characters/braum/skins/skin29/particles/braum_skin29_q_cookie_shard.tex	League texture	other skin/shared; see reference graph	caacae9cc35f0267.bin
333ceeb3019f9472.tex	.tex	C:\Users\etqdo\Downloads\Clash Braum project\Braum.wad\333ceeb3019f9472.tex	Braum.wad/333ceeb3019f9472.tex	10948	a9b41eb44dac0121a9d3a3e47a6ec603df5e31a47d9c5b1715aea518223386d7	5445580080008000010a0001094ae739	333ceeb3019f9472	assets/characters/braum/skins/skin33/particles/braum_skin33_q_erode.tex	League texture	other skin/shared; see reference graph	ac2d2bd054d44f09.bin
3343ca948181994d.tex	.tex	C:\Users\etqdo\Downloads\Clash Braum project\Braum.wad\3343ca948181994d.tex	Braum.wad/3343ca948181994d.tex	87420	e2e2253b0eab6c86ade29f2ebb72c3e92c9b48bf404a30519ceb9520fa8cb379	5445580000010001010c00017a7a0000	3343ca948181994d	assets/characters/braum/skins/base/particles/braum_base_q_shield_base.tex	League texture	base or shared candidate	03e78a116663752e.bin;2974de4048ee048b.bin;eb9d53354a504663.bin
334f8856ad950d9a.tex	.tex	C:\Users\etqdo\Downloads\Clash Braum project\Braum.wad\334f8856ad950d9a.tex	Braum.wad/334f8856ad950d9a.tex	21884	91e86421fb8d0074cb8177b4637774e9a9fcc4c77c84c59461b46d92a339cdd6	5445580080008000010c00018c8c0000	334f8856ad950d9a	assets/characters/braum/skins/skin51/particles/dissolve_cloudy_02.tex	League texture	other skin/shared; see reference graph	7a1193b055eb059a.bin
33827e985d8fc004.tex	.tex	C:\Users\etqdo\Downloads\Clash Braum project\Braum.wad\33827e985d8fc004.tex	Braum.wad/33827e985d8fc004.tex	36	2045ec159a292a51b46725ab2135ff9e76521870e97a54e22c62c36137f8a6aa	5445580004000400010a000100000100	33827e985d8fc004	assets/characters/braum/skins/skin24/particles/common_black.tex	League texture	other skin/shared; see reference graph	02ab7e4623adf97e.bin
33a662074997a292.scb	.scb	C:\Users\etqdo\Downloads\Clash Braum project\Braum.wad\33a662074997a292.scb	Braum.wad/33a662074997a292.scb	12352	3ffb5df9a4377cbe7df21190d7c1574ed6c582f4fbdb8f3d5dd3603404a31052	723364324d6573680300020000000000	33a662074997a292	assets/characters/braum/skins/skin51/particles/r_activate_edge01.scb	Static mesh, commonly VFX geometry	other skin/shared; see reference graph	07f65b37fb75e834.bin;08e5b232f3994eee.bin;3079df1f381a87bc.bin;6c66319ffa4bb738.bin;6d6176ab099f3064.bin;70c57eae58af6c94.bin;7ca837cacce9639a.bin;b511ce2cc52d55a4.bin;d01bf01d5611bc53.bin;d56c87aaf7fac0ee.bin
33f0df4e754893f5.tex	.tex	C:\Users\etqdo\Downloads\Clash Braum project\Braum.wad\33f0df4e754893f5.tex	Braum.wad/33f0df4e754893f5.tex	21884	f108c1623e27fcea43cae87925f17101876b7a243881c29da61e4d9690c7c783	5445580080008000010c000129290000	33f0df4e754893f5	assets/characters/braum/skins/skin24/particles/braum_skin24_q_slow_swirls_edit.tex	League texture	other skin/shared; see reference graph	02ab7e4623adf97e.bin
33ff45a485bab6c2.tex	.tex	C:\Users\etqdo\Downloads\Clash Braum project\Braum.wad\33ff45a485bab6c2.tex	Braum.wad/33ff45a485bab6c2.tex	43716	4824cfe80d686f479c2b727e09b744b6a7d1a78d83092316d26896f67e67f4b1	5445580000010001010a000134a533a5	33ff45a485bab6c2	assets/characters/braum/skins/skin51/particles/braum_skin51_diamondtexture_1.tex	League texture	other skin/shared; see reference graph	07f65b37fb75e834.bin;08e5b232f3994eee.bin;3079df1f381a87bc.bin;6c66319ffa4bb738.bin;6d6176ab099f3064.bin;70c57eae58af6c94.bin;7a1193b055eb059a.bin;7ca837cacce9639a.bin;b511ce2cc52d55a4.bin;d01bf01d5611bc53.bin;d56c87aaf7fac0ee.bin
341fbc1e80316a51.anm	.anm	C:\Users\etqdo\Downloads\Clash Braum project\Braum.wad\341fbc1e80316a51.anm	Braum.wad/341fbc1e80316a51.anm	14222	194b38db313c1fb3bff41b02bfbb314a1eaa674684ff66bb742fbdcf5c09f247	72336432616e6d640500000082370000	341fbc1e80316a51	assets/characters/braum/skins/base/animations/braum_spell3_leapback.anm	Animation tracks	base or shared candidate	0b01eaec2c944f55.bin;57bea13d59e2af1a.bin;5e21202a9a0cef1a.bin;6c0cf3da2d377385.bin;72028fe917890575.bin;aa0aa8a7dd53a131.bin;d0fe19959c26552d.bin;de78a7f6bf5c9803.bin
3428fefccab6e44d.tex	.tex	C:\Users\etqdo\Downloads\Clash Braum project\Braum.wad\3428fefccab6e44d.tex	Braum.wad/3428fefccab6e44d.tex	87420	52c6e5ddd3807ebb5708bcf8d35b60913a1258e8134d67d73f07f7d5e5086f48	5445580000010001010c000110100000	3428fefccab6e44d	assets/characters/braum/skins/base/particles/braum_base_p_stack_04.tex	League texture	base or shared candidate	f2ef4463d62600e6.bin
3489ab624ed9c8dd.tex	.tex	C:\Users\etqdo\Downloads\Clash Braum project\Braum.wad\3489ab624ed9c8dd.tex	Braum.wad/3489ab624ed9c8dd.tex	2796228	efac8a12c99090268d4dfe4d4a911c5c7670fa6a9c5d0ff1e10e3f95230b0fc3	5445580000080008010a000108622641	3489ab624ed9c8dd		League texture	other skin/shared; see reference graph	
34b0369a1eca6951.tex	.tex	C:\Users\etqdo\Downloads\Clash Braum project\Braum.wad\34b0369a1eca6951.tex	Braum.wad/34b0369a1eca6951.tex	21884	0a969b89d071a52f7bfee9854ac8fe46471daa27e343cba241547d13b4a62d51	5445580080008000010c000120200000	34b0369a1eca6951	assets/characters/braum/skins/base/particles/braum_base_p_stun_debris.tex	League texture	base or shared candidate	2dc39c165f3aa923.bin
34bc350e85354c67.tex	.tex	C:\Users\etqdo\Downloads\Clash Braum project\Braum.wad\34bc350e85354c67.tex	Braum.wad/34bc350e85354c67.tex	87420	baa01ea70f81624f735d11d8b8bba11b0c5cbea783e4f35e2b4c80f139ac6d77	5445580000010001010c00015a5a0000	34bc350e85354c67	assets/characters/braum/skins/skin42/particles/braum_skin42_r_oilalpha01.tex	League texture	other skin/shared; see reference graph	ab5fbb4cdcdfb2ef.bin
35859261281607fa.skn	.skn	C:\Users\etqdo\Downloads\Clash Braum project\Braum.wad\35859261281607fa.skn	Braum.wad/35859261281607fa.skn	1300	e3a5c8ffa78116dad40860f3237380563a19b2a8b8a61e27d8915deaa6f53f4f	33221100040001000100000070617374	35859261281607fa	assets/characters/braum/skins/skin24/particles/braum_skin24_r_cake_shard_01.skn	Skinned mesh with submeshes and vertex weights	other skin/shared; see reference graph	3f6a40609700ee85.bin;88b5dd6dc0e099bd.bin;8cf62c85e1e2e7f9.bin;992d3c62ff62964c.bin;a582cf4ad353f261.bin;b30d6dd1b38ee53c.bin;c5c66176cca69ad3.bin;caacae9cc35f0267.bin;d3dbd3f84a5b8600.bin
3590a244d75ef48a.tex	.tex	C:\Users\etqdo\Downloads\Clash Braum project\Braum.wad\3590a244d75ef48a.tex	Braum.wad/3590a244d75ef48a.tex	10948	b092fe32f0e628c7a01f175071973908ead6e895afc8e4d514a519422e3af674	5445580080008000010a00010b580b70	3590a244d75ef48a	assets/characters/braum/skins/skin24/particles/color-brand_violet_color.tex	League texture	other skin/shared; see reference graph	3f6a40609700ee85.bin;88b5dd6dc0e099bd.bin;8cf62c85e1e2e7f9.bin;992d3c62ff62964c.bin;a582cf4ad353f261.bin;b30d6dd1b38ee53c.bin;c5c66176cca69ad3.bin;caacae9cc35f0267.bin;d3dbd3f84a5b8600.bin
35be1f41b3acdc33.anm	.anm	C:\Users\etqdo\Downloads\Clash Braum project\Braum.wad\35be1f41b3acdc33.anm	Braum.wad/35be1f41b3acdc33.anm	44792	f600db864d1259957c0322839031b667a10b84f98d7c33f7098fabc4729d0f20	72336432616e6d6405000000ecae0000	35be1f41b3acdc33	assets/characters/braum/skins/base/animations/braum_spell3_punch0179.anm	Animation tracks	base or shared candidate	0b01eaec2c944f55.bin;57bea13d59e2af1a.bin;5e21202a9a0cef1a.bin;6c0cf3da2d377385.bin;72028fe917890575.bin;aa0aa8a7dd53a131.bin;d0fe19959c26552d.bin;de78a7f6bf5c9803.bin
3600d42c55310949.tex	.tex	C:\Users\etqdo\Downloads\Clash Braum project\Braum.wad\3600d42c55310949.tex	Braum.wad/3600d42c55310949.tex	1398140	d0ae79840042b1ecc23195c843eb5850a5048948ea57e7decf11ca167b5b2feb	5445580000040004010c0001ebeb0000	3600d42c55310949	assets/characters/braum/skins/skin57/braum_skin57_shield_tx_cm.tex	League texture	other skin/shared; see reference graph	b511ce2cc52d55a4.bin
3627fadb1dc92f74.skl	.skl	C:\Users\etqdo\Downloads\Clash Braum project\Braum.wad\3627fadb1dc92f74.skl	Braum.wad/3627fadb1dc92f74.skl	304	96e0b911c6fbcacb9901cd7c0d3f61611121746dd80296e38bbb187ca40ed437	30010000c34ffd220000000000000200	3627fadb1dc92f74	assets/characters/braum/skins/skin24/particles/braum_skin24_r_cake_shard_01.skl	Skeleton, bind transforms and influence palette	other skin/shared; see reference graph	3f6a40609700ee85.bin;88b5dd6dc0e099bd.bin;8cf62c85e1e2e7f9.bin;992d3c62ff62964c.bin;a582cf4ad353f261.bin;b30d6dd1b38ee53c.bin;c5c66176cca69ad3.bin;caacae9cc35f0267.bin;d3dbd3f84a5b8600.bin
365d8c67b200e3a5.tex	.tex	C:\Users\etqdo\Downloads\Clash Braum project\Braum.wad\365d8c67b200e3a5.tex	Braum.wad/365d8c67b200e3a5.tex	10948	6e91479c8f9c848ecb143f8addcdaf720e2fc9d0a3e8a4639dbf8809359e5a90	5445580080008000010a0001e7390529	365d8c67b200e3a5	assets/characters/braum/skins/skin42/particles/braum_skin42_bokeh_dots_4x4_01.tex	League texture	other skin/shared; see reference graph	ab5fbb4cdcdfb2ef.bin
36793c3cd132d69c.tex	.tex	C:\Users\etqdo\Downloads\Clash Braum project\Braum.wad\36793c3cd132d69c.tex	Braum.wad/36793c3cd132d69c.tex	21884	0a969b89d071a52f7bfee9854ac8fe46471daa27e343cba241547d13b4a62d51	5445580080008000010c000120200000	36793c3cd132d69c	assets/characters/braum/skins/skin01/particles/braum_skin01_p_stun_debris.tex	League texture	other skin/shared; see reference graph	fca448d5ff3861b5.bin
3697a76f8103aed4.anm	.anm	C:\Users\etqdo\Downloads\Clash Braum project\Braum.wad\3697a76f8103aed4.anm	Braum.wad/3697a76f8103aed4.anm	48858	7853ada6eb8989f264a4155943fa79719cad12a261db59bf3f5d75550df29881	7233643263616e6d01000000cebe0000	3697a76f8103aed4	assets/characters/braum/skins/base/animations/braum_passive_attack_01.anm	Animation tracks	base or shared candidate	0b01eaec2c944f55.bin;57bea13d59e2af1a.bin;5e21202a9a0cef1a.bin;6c0cf3da2d377385.bin;72028fe917890575.bin;aa0aa8a7dd53a131.bin;d0fe19959c26552d.bin;de78a7f6bf5c9803.bin;e43dcf714c8a2a42.bin
369fbfe2a65e0213.skn	.skn	C:\Users\etqdo\Downloads\Clash Braum project\Braum.wad\369fbfe2a65e0213.skn	Braum.wad/369fbfe2a65e0213.skn	408820	a3f8f180b15ccc9fe847f6933fc231f5798daf1519887978276c2df7821b6024	33221100040001000200000042726175	369fbfe2a65e0213	assets/characters/braum/skins/skin03/braum_skin03.skn	Skinned mesh with submeshes and vertex weights	other skin/shared; see reference graph	03e78a116663752e.bin
36b00af025f54940.bin	.bin	C:\Users\etqdo\Downloads\Clash Braum project\Braum.wad\36b00af025f54940.bin	Braum.wad/36b00af025f54940.bin	80656	023a96e4de620b76c0159f1218de60d04c09ddc06512d0d9cb1bd2a924cba0e3	50524f50030000000c0000003f034441	36b00af025f54940	data/characters/braum/skins/skin18.bin	Property configuration and asset links	other skin/shared; see reference graph	
36c71f4a03654e59.dds	.dds	C:\Users\etqdo\Downloads\Clash Braum project\Braum.wad\36c71f4a03654e59.dds	Braum.wad/36c71f4a03654e59.dds	786560	ae3d4a86871cfc04506660850fa67581ecbd593d1c0f65d2246593f80ee6ebd1	444453207c0000000710080000020000	36c71f4a03654e59	assets/characters/braum/skins/base/braum_base_cubemap.dds	DirectDraw texture	base or shared candidate	eb9d53354a504663.bin
37074f683b8d5637.scb	.scb	C:\Users\etqdo\Downloads\Clash Braum project\Braum.wad\37074f683b8d5637.scb	Braum.wad/37074f683b8d5637.scb	10476	ffa3bc9cab13f65cd0d61007edadda7c5ec8e1b22a93e24aa1539a0da2a42f57	723364324d65736803000200653a5c72	37074f683b8d5637	assets/characters/braum/skins/skin42/particles/braum_skin42_ba_hit_sphere_tar.scb	Static mesh, commonly VFX geometry	other skin/shared; see reference graph	ab5fbb4cdcdfb2ef.bin
371a35865e61efd0.tex	.tex	C:\Users\etqdo\Downloads\Clash Braum project\Braum.wad\371a35865e61efd0.tex	Braum.wad/371a35865e61efd0.tex	349556	949f5895f6b32784ab27b55be8c60bc0857c824dbff19aff2ce0ee7ded535bb8	5445580000040002010a00018d848c84	371a35865e61efd0	assets/characters/braum/skins/skin11/braum_skin11_tx_gm.tex	League texture	other skin/shared; see reference graph	42ee6bdbfc9d170b.bin
374c0b696d80c4eb.tex	.tex	C:\Users\etqdo\Downloads\Clash Braum project\Braum.wad\374c0b696d80c4eb.tex	Braum.wad/374c0b696d80c4eb.tex	10948	e11c8988bd2b26c1695ace2099cf7fae7af10e288956200ee3034e1fa991d9db	5445580080008000010a0001a2102108	374c0b696d80c4eb	assets/characters/braum/skins/skin51/particles/braum_skin51_ba_07.tex	League texture	other skin/shared; see reference graph	07f65b37fb75e834.bin;08e5b232f3994eee.bin;3079df1f381a87bc.bin;6c66319ffa4bb738.bin;6d6176ab099f3064.bin;70c57eae58af6c94.bin;7a1193b055eb059a.bin;7ca837cacce9639a.bin;b511ce2cc52d55a4.bin;d01bf01d5611bc53.bin;d56c87aaf7fac0ee.bin
377304f30054d7fd.tex	.tex	C:\Users\etqdo\Downloads\Clash Braum project\Braum.wad\377304f30054d7fd.tex	Braum.wad/377304f30054d7fd.tex	87420	c9dfe0d85fb8a5137898b68a64d449c8757e38fa27b58eb64184a82c64450534	5445580000010001010c000105050000	377304f30054d7fd	assets/characters/braum/skins/skin01/particles/braum_skin01_r_dirt_spatter.tex	League texture	other skin/shared; see reference graph	fca448d5ff3861b5.bin
3784f73ce50a2dbd.anm	.anm	C:\Users\etqdo\Downloads\Clash Braum project\Braum.wad\3784f73ce50a2dbd.anm	Braum.wad/3784f73ce50a2dbd.anm	56264	efaa67bb80b03d5577c58c0bae25e6d02ec13a0d2c2fe131c6d0fb1fe6e341ef	72336432616e6d6405000000bcdb0000	3784f73ce50a2dbd	assets/characters/braum/skins/skin10/animations/braum_skin04_joke2_loop.anm	Animation tracks	other skin/shared; see reference graph	57bea13d59e2af1a.bin
3790ee6f7b1c06fa.tex	.tex	C:\Users\etqdo\Downloads\Clash Braum project\Braum.wad\3790ee6f7b1c06fa.tex	Braum.wad/3790ee6f7b1c06fa.tex	349556	1799d310c91dac0e2575d8621a64bb70dc87745ca2b33d052b5b2dfd452cc2ab	5445580000040002010a0001a431a549	3790ee6f7b1c06fa	assets/characters/braum/skins/skin07/braum_skin07_tx_cm.tex	League texture	other skin/shared; see reference graph	e250f290f6212f81.bin
379ffb7b75060392.tex	.tex	C:\Users\etqdo\Downloads\Clash Braum project\Braum.wad\379ffb7b75060392.tex	Braum.wad/379ffb7b75060392.tex	21884	5e89d16d1ad75d20bc16dd7b18a76c459e4e6809b0a4500b95323e9a2d366388	5445580080008000010c0001ffff0000	379ffb7b75060392	assets/characters/braum/skins/skin35/particles/braum_skin35_r_fish.tex	League texture	other skin/shared; see reference graph	399a7a520477b139.bin
37d4f92b53d5196a.tex	.tex	C:\Users\etqdo\Downloads\Clash Braum project\Braum.wad\37d4f92b53d5196a.tex	Braum.wad/37d4f92b53d5196a.tex	43716	85667b6ca9ec38ba3ea5c3a105639430aa79acd7a46fa96e87aa152a0025558b	5445580000010001010a0001a2080100	37d4f92b53d5196a	assets/characters/braum/skins/skin10/particles/braum_base_q_end_spark_mis.tex	League texture	other skin/shared; see reference graph	2dc39c165f3aa923.bin
37eaacc6b3eb7698.tex	.tex	C:\Users\etqdo\Downloads\Clash Braum project\Braum.wad\37eaacc6b3eb7698.tex	Braum.wad/37eaacc6b3eb7698.tex	43716	0504cd9f6f6bd961f7568da3e5d9f5e12e6e2432cb7962add8c8f5eced29ba39	5445580000010001010a000116b676b5	37eaacc6b3eb7698	assets/characters/braum/skins/base/particles/braum_base_e_shield_override_trans.tex	League texture	base or shared candidate	03e78a116663752e.bin;2974de4048ee048b.bin;eb9d53354a504663.bin
37ee350ca997b1df.tex	.tex	C:\Users\etqdo\Downloads\Clash Braum project\Braum.wad\37ee350ca997b1df.tex	Braum.wad/37ee350ca997b1df.tex	699076	c3e61c64232ec89f1d3f8275529c578aa67dde44dc6effb4aa9d826a69aa1050	5445580000040004010a000125412331	37ee350ca997b1df		League texture	other skin/shared; see reference graph	
381fe1431bd621b1.tex	.tex	C:\Users\etqdo\Downloads\Clash Braum project\Braum.wad\381fe1431bd621b1.tex	Braum.wad/381fe1431bd621b1.tex	699076	dca9895a6a389e0dd88d6778a0d4e0020509839533335ce1c3caaf37f7e183f1	5445580000040004010a000186398638	381fe1431bd621b1		League texture	other skin/shared; see reference graph	
38408c613ce6f61e.scb	.scb	C:\Users\etqdo\Downloads\Clash Braum project\Braum.wad\38408c613ce6f61e.scb	Braum.wad/38408c613ce6f61e.scb	44972	33eb881a8967cc2284818d060723f5274d552cd97f3032e1d3853d4bbc580e64	723364324d65736803000200653a5c72	38408c613ce6f61e	assets/characters/braum/skins/skin02/particles/braum_skin02_q_fire_swirl.scb	Static mesh, commonly VFX geometry	other skin/shared; see reference graph	23b85b75eb659166.bin;36b00af025f54940.bin;42ee6bdbfc9d170b.bin;4fe453abcf9c5181.bin;a44281cd843a8348.bin;bb8b47c7d87589f7.bin;d0b441e03335be65.bin;d8a52eb470baa538.bin;e1dfd1a549890037.bin;ed7ecf9170cfaaf8.bin
3898c456fff05a75.anm	.anm	C:\Users\etqdo\Downloads\Clash Braum project\Braum.wad\3898c456fff05a75.anm	Braum.wad/3898c456fff05a75.anm	155734	704ee87702198f277eddf464056b3b331e7cd48b2f8904f98175f3bb8d8968df	7233643263616e6d010000004a600200	3898c456fff05a75	assets/characters/braum/skins/skin11/animations/braum_joke_in.anm	Animation tracks	other skin/shared; see reference graph	e43dcf714c8a2a42.bin
38d8489046d01215.tex	.tex	C:\Users\etqdo\Downloads\Clash Braum project\Braum.wad\38d8489046d01215.tex	Braum.wad/38d8489046d01215.tex	87420	97caebf061ee492810b3f63234f1bbfbbbf2bb08a998cf2102c70c80e92e238b	5445580000010001010c000124240000	38d8489046d01215	assets/characters/braum/skins/skin02/particles/braum_skin02_r_hit_flash.tex	League texture	other skin/shared; see reference graph	d0b441e03335be65.bin
38da41fad992277f.tex	.tex	C:\Users\etqdo\Downloads\Clash Braum project\Braum.wad\38da41fad992277f.tex	Braum.wad/38da41fad992277f.tex	43740	c5561a6cbb90345e2230871b31dbc4efc88df76fd1920b5b9e5485971653297a	5445580000018000010c000136360000	38da41fad992277f	assets/characters/braum/skins/skin24/particles/braum_skin24_r_hit_tar.tex	League texture	other skin/shared; see reference graph	02ab7e4623adf97e.bin
38f8a63dea2ab5be.scb	.scb	C:\Users\etqdo\Downloads\Clash Braum project\Braum.wad\38f8a63dea2ab5be.scb	Braum.wad/38f8a63dea2ab5be.scb	6944	e607818888a33e45efbd96e189e4a32580efebd6da261431b9f0d9a45242f505	723364324d6573680300020000000000	38f8a63dea2ab5be	assets/characters/braum/skins/skin33/particles/braum_skin33_r_crack_mesh_sand_4.scb	Static mesh, commonly VFX geometry	other skin/shared; see reference graph	25c2b1d3f80a7166.bin;399a7a520477b139.bin;3a207b8680fc4f78.bin;4af4d37cc3da7630.bin;775c4474dbe4b86c.bin;cf092c39484cec07.bin;f2aa871abddf9427.bin;f5df8e88540921e0.bin;ff9b3266cfca2ba6.bin
390e995d07eb72c6.tex	.tex	C:\Users\etqdo\Downloads\Clash Braum project\Braum.wad\390e995d07eb72c6.tex	Braum.wad/390e995d07eb72c6.tex	87420	1e840725737a5019ea5b803ae6b7f64f668b557248d8feb8df5ee13f7c364036	5445580000010001010c000108080000	390e995d07eb72c6	assets/characters/braum/skins/skin33/particles/braum_skin33_r_groundcrack_sand01.tex	League texture	other skin/shared; see reference graph	25c2b1d3f80a7166.bin;399a7a520477b139.bin;3a207b8680fc4f78.bin;4af4d37cc3da7630.bin;775c4474dbe4b86c.bin;cf092c39484cec07.bin;f2aa871abddf9427.bin;f5df8e88540921e0.bin;ff9b3266cfca2ba6.bin
3920aa69aa779c02.tex	.tex	C:\Users\etqdo\Downloads\Clash Braum project\Braum.wad\3920aa69aa779c02.tex	Braum.wad/3920aa69aa779c02.tex	43716	a774e73b07e4a467ca33bef5157672989cc42ffd08e4645156557669382dc829	5445580000010001010a00015bad5b9d	3920aa69aa779c02		League texture	other skin/shared; see reference graph	
3928375536da492e.tex	.tex	C:\Users\etqdo\Downloads\Clash Braum project\Braum.wad\3928375536da492e.tex	Braum.wad/3928375536da492e.tex	87420	b03e6e671d924c1a9a51bf46ffdfd7daa8d681c0f9011fe51efec7d89022e3d4	5445580000010001010c00013b3b0000	3928375536da492e	assets/characters/braum/skins/base/particles/braum_base_r_frozen_ground_mis.tex	League texture	base or shared candidate	2dc39c165f3aa923.bin
392f857d87a0dcbb.tex	.tex	C:\Users\etqdo\Downloads\Clash Braum project\Braum.wad\392f857d87a0dcbb.tex	Braum.wad/392f857d87a0dcbb.tex	36	205d2cc3f5485e2d03b3ac29b82c6e9e9a9986f43d2b017ace3db6e52898a5b3	5445580004000400010a000101000000	392f857d87a0dcbb	assets/shared/materials/black.tex	League texture	other skin/shared; see reference graph	07f65b37fb75e834.bin;087454f36df0c471.bin;08e5b232f3994eee.bin;21c14331eb9e3fdd.bin;3079df1f381a87bc.bin;3f6a40609700ee85.bin;5665076b09fc85c9.bin;60bd129d627e731e.bin;6c66319ffa4bb738.bin;6d6176ab099f3064.bin;70c57eae58af6c94.bin;7ca837cacce9639a.bin;88b5dd6dc0e099bd.bin;8cf62c85e1e2e7f9.bin;992d3c62ff62964c.bin;99f61b5c2dd61e45.bin;a485c4b46181b64d.bin;a582cf4ad353f261.bin;ab5fbb4cdcdfb2ef.bin;b30d6dd1b38ee53c.bin;b4470b8fb5a238f6.bin;b511ce2cc52d55a4.bin;c5c66176cca69ad3.bin;caacae9cc35f0267.bin;d01bf01d5611bc53.bin;d3dbd3f84a5b8600.bin;d56c87aaf7fac0ee.bin;e4dae9eea59fb2f8.bin;fbd72592f4eee68e.bin
39447009f9002504.tex	.tex	C:\Users\etqdo\Downloads\Clash Braum project\Braum.wad\39447009f9002504.tex	Braum.wad/39447009f9002504.tex	349564	74ad134b8a32ad884191a364719e7c927b11932468b37d980e59e3db3f364f45	5445580000020002010c0001ffff0000	39447009f9002504	assets/characters/braum/skins/skin53/particles/braum_skin53_r_stone_01.tex	League texture	other skin/shared; see reference graph	7ca837cacce9639a.bin
395f7b8d6922ab59.tex	.tex	C:\Users\etqdo\Downloads\Clash Braum project\Braum.wad\395f7b8d6922ab59.tex	Braum.wad/395f7b8d6922ab59.tex	699076	bde317a139754701e8cbf5d33070d20aa79825c61f55fac45f761d8178b6a49c	5445580000040004010a0001447a427a	395f7b8d6922ab59	assets/characters/braum/skins/skin10/particles/braum_skin10_gift_tx_cm.tex	League texture	other skin/shared; see reference graph	f63b31a3da327a4f.bin
399a7a520477b139.bin	.bin	C:\Users\etqdo\Downloads\Clash Braum project\Braum.wad\399a7a520477b139.bin	Braum.wad/399a7a520477b139.bin	188374	0729c86d64d4d97886cb930fbd66ea1707c1ed9503b095a69f229fe9a7738f1d	50524f50030000000800000031024441	399a7a520477b139	data/characters/braum/skins/skin35.bin	Property configuration and asset links	other skin/shared; see reference graph	
3a207b8680fc4f78.bin	.bin	C:\Users\etqdo\Downloads\Clash Braum project\Braum.wad\3a207b8680fc4f78.bin	Braum.wad/3a207b8680fc4f78.bin	188341	54cf998c3eb73fdd20b15cc0fbc51f306b1b76e7761f61788c4fc1d253aacddf	50524f50030000000800000031024441	3a207b8680fc4f78	data/characters/braum/skins/skin33.bin	Property configuration and asset links	other skin/shared; see reference graph	
3ac184612465fb54.tex	.tex	C:\Users\etqdo\Downloads\Clash Braum project\Braum.wad\3ac184612465fb54.tex	Braum.wad/3ac184612465fb54.tex	87420	9a305a1e08ce1b83b8e315cc4b705729042d75c5e2dffc52d82a39e234209ad3	5445580000010001010c000179790000	3ac184612465fb54	assets/characters/braum/skins/skin42/particles/braum_skin42_e_shield_buff01.tex	League texture	other skin/shared; see reference graph	ab5fbb4cdcdfb2ef.bin
3ad7e98eeaae39db.tex	.tex	C:\Users\etqdo\Downloads\Clash Braum project\Braum.wad\3ad7e98eeaae39db.tex	Braum.wad/3ad7e98eeaae39db.tex	87420	a7b7ab91ecb21ca41a93ea8c2417f36922f1fd24cfc8aa5dcae88ae18c386bec	5445580000010001010c00013f3f0000	3ad7e98eeaae39db	assets/characters/braum/skins/skin11/particles/braum_skin11_p_icon_02.tex	League texture	other skin/shared; see reference graph	2974de4048ee048b.bin
3aed7e2bedfc776e.tex	.tex	C:\Users\etqdo\Downloads\Clash Braum project\Braum.wad\3aed7e2bedfc776e.tex	Braum.wad/3aed7e2bedfc776e.tex	87420	bdcd22aa4078d220c7c0dd0ebae14bfb9a5d159abd6e23fb39b5005d728b2ca5	5445580000010001010c00017a7a0000	3aed7e2bedfc776e	assets/characters/braum/skins/skin02/particles/braum_skin02_i_crack_noise_mult.tex	League texture	other skin/shared; see reference graph	23b85b75eb659166.bin;36b00af025f54940.bin;42ee6bdbfc9d170b.bin;4fe453abcf9c5181.bin;a44281cd843a8348.bin;bb8b47c7d87589f7.bin;d0b441e03335be65.bin;d8a52eb470baa538.bin;e1dfd1a549890037.bin;ed7ecf9170cfaaf8.bin
3b2e539d7c2efa9e.tex	.tex	C:\Users\etqdo\Downloads\Clash Braum project\Braum.wad\3b2e539d7c2efa9e.tex	Braum.wad/3b2e539d7c2efa9e.tex	349564	cbca4e52ad081447e70469fdfee8717707a80e5ffb8f3b2df0ab7a2071d7d0cd	5445580000020002010c00010f0f0000	3b2e539d7c2efa9e	assets/characters/braum/skins/skin01/particles/braum_skin01_p_stack_04.tex	League texture	other skin/shared; see reference graph	fca448d5ff3861b5.bin
3b5404b3264cdf8e.tex	.tex	C:\Users\etqdo\Downloads\Clash Braum project\Braum.wad\3b5404b3264cdf8e.tex	Braum.wad/3b5404b3264cdf8e.tex	5500	9da1f137f96d42d62c5570ecd3ef6e151c3e5fa3c31f2bc88464fdbed7619eb1	5445580040004000010c000193930000	3b5404b3264cdf8e	assets/characters/braum/skins/skin33/particles/braum_skin33_p_ground_decal_rgba.tex	League texture	other skin/shared; see reference graph	ac2d2bd054d44f09.bin
3b5cd4fba500132a.tex	.tex	C:\Users\etqdo\Downloads\Clash Braum project\Braum.wad\3b5cd4fba500132a.tex	Braum.wad/3b5cd4fba500132a.tex	43716	807b7f483e5bf947b96e15f7382bcda5a4e486668a1b63058c5012b27960b681	5445580000010001010a000146314219	3b5cd4fba500132a	assets/characters/braum/skins/skin42/particles/braum_skin42_w_cloud03.tex	League texture	other skin/shared; see reference graph	ab5fbb4cdcdfb2ef.bin
3b62d1f70fd96841.skl	.skl	C:\Users\etqdo\Downloads\Clash Braum project\Braum.wad\3b62d1f70fd96841.skl	Braum.wad/3b62d1f70fd96841.skl	14368	abb0171182b6440a1aa510b8b6bdba88997400a825ba70d0d4afffa9a29e8e95	20380000c34ffd220000000000007300	3b62d1f70fd96841	assets/characters/braum/skins/skin15/braum_skin15.skl	Skeleton, bind transforms and influence palette	other skin/shared; see reference graph	23b85b75eb659166.bin;e1dfd1a549890037.bin
3b9dfe167a2a8aa0.skl	.skl	C:\Users\etqdo\Downloads\Clash Braum project\Braum.wad\3b9dfe167a2a8aa0.skl	Braum.wad/3b9dfe167a2a8aa0.skl	708	0f51556762833c0fd9429057f94542e88336803b477a801d14ee9c0b15228623	c4020000c34ffd220000000000000500	3b9dfe167a2a8aa0	assets/characters/braum/skins/skin33/particles/r_fish_01.skl	Skeleton, bind transforms and influence palette	other skin/shared; see reference graph	25c2b1d3f80a7166.bin;399a7a520477b139.bin;3a207b8680fc4f78.bin;4af4d37cc3da7630.bin;775c4474dbe4b86c.bin;cf092c39484cec07.bin;f2aa871abddf9427.bin;f5df8e88540921e0.bin;ff9b3266cfca2ba6.bin
3c2ca740fa95839e.tex	.tex	C:\Users\etqdo\Downloads\Clash Braum project\Braum.wad\3c2ca740fa95839e.tex	Braum.wad/3c2ca740fa95839e.tex	349556	3c4e04942cc4fdfe536f491086fea78fbe3b0b2fd39482e581b8a88627883680	5445580000040002010a00012fab2eab	3c2ca740fa95839e	assets/characters/braum/skins/skin26/braum_skin26_tx_cm.tex	League texture	other skin/shared; see reference graph	b30d6dd1b38ee53c.bin
3c7d806b38bbb981.tex	.tex	C:\Users\etqdo\Downloads\Clash Braum project\Braum.wad\3c7d806b38bbb981.tex	Braum.wad/3c7d806b38bbb981.tex	87420	65e31e186fd2bd720781e3f4aed60b5fa17860f0f82088408d31d6c0e8aa9af4	5445580000010001010c00011c1c0000	3c7d806b38bbb981	assets/characters/braum/skins/skin02/particles/braum_skin02_ba_distort_tar.tex	League texture	other skin/shared; see reference graph	2974de4048ee048b.bin;d0b441e03335be65.bin
3c987466688f8370.tex	.tex	C:\Users\etqdo\Downloads\Clash Braum project\Braum.wad\3c987466688f8370.tex	Braum.wad/3c987466688f8370.tex	87420	eab01a75423a923e31fbe829f495f594fd7d299790ca3dd7ba724fa6b0c1d583	5445580000010001010c000197970000	3c987466688f8370	assets/characters/braum/skins/skin24/particles/braum_skin24_e_shield_break_ice_edited.tex	League texture	other skin/shared; see reference graph	02ab7e4623adf97e.bin
3cb41c5e8f22fedf.tex	.tex	C:\Users\etqdo\Downloads\Clash Braum project\Braum.wad\3cb41c5e8f22fedf.tex	Braum.wad/3cb41c5e8f22fedf.tex	87420	60ec4e0674a6d6924d1c4fb9251b9959652ddb22dc8d32edcac4f514a9dc29ab	5445580000010001010c00016a6a0000	3cb41c5e8f22fedf	assets/characters/braum/skins/skin24/particles/global_freeze_snowtrail_erosion.tex	League texture	other skin/shared; see reference graph	02ab7e4623adf97e.bin
3ce55378b8719dcf.tex	.tex	C:\Users\etqdo\Downloads\Clash Braum project\Braum.wad\3ce55378b8719dcf.tex	Braum.wad/3ce55378b8719dcf.tex	87420	cbd844581e442b797eb02bbdb1b82b045679d4b3c791a6a30ebb35a12f3185a4	5445580000010001010c000102020000	3ce55378b8719dcf	assets/characters/braum/skins/skin42/particles/braum_skin42_recall_spark04_03.tex	League texture	other skin/shared; see reference graph	ab5fbb4cdcdfb2ef.bin
3d01bffa6a43cdb5.tex	.tex	C:\Users\etqdo\Downloads\Clash Braum project\Braum.wad\3d01bffa6a43cdb5.tex	Braum.wad/3d01bffa6a43cdb5.tex	2756	6365caa58ca0b9a72b79f742efc116be84fdd7f059ecaf2e0d35ecaa291207e6	5445580040004000010a0001b9b0b990	3d01bffa6a43cdb5	assets/characters/braum/skins/skin24/particles/braum_skin24_colorramp_rgba.tex	League texture	other skin/shared; see reference graph	3f6a40609700ee85.bin;88b5dd6dc0e099bd.bin;8cf62c85e1e2e7f9.bin;992d3c62ff62964c.bin;a582cf4ad353f261.bin;b30d6dd1b38ee53c.bin;c5c66176cca69ad3.bin;caacae9cc35f0267.bin;d3dbd3f84a5b8600.bin
3d2135aa5d4369d7.tex	.tex	C:\Users\etqdo\Downloads\Clash Braum project\Braum.wad\3d2135aa5d4369d7.tex	Braum.wad/3d2135aa5d4369d7.tex	21884	0e97182fa29cc21398a2eee00d0605ba5a59f97917816de805fb3eaa8e9d95f1	5445580080008000010c000169690000	3d2135aa5d4369d7	assets/characters/braum/skins/skin51/particles/braum_skin51_z_wateradd_02.tex	League texture	other skin/shared; see reference graph	07f65b37fb75e834.bin;08e5b232f3994eee.bin;3079df1f381a87bc.bin;6c66319ffa4bb738.bin;6d6176ab099f3064.bin;70c57eae58af6c94.bin;7ca837cacce9639a.bin;b511ce2cc52d55a4.bin;d01bf01d5611bc53.bin;d56c87aaf7fac0ee.bin
3d22a90880fc5f9e.anm	.anm	C:\Users\etqdo\Downloads\Clash Braum project\Braum.wad\3d22a90880fc5f9e.anm	Braum.wad/3d22a90880fc5f9e.anm	21362	185de11f8a2270fef2c653f7d71ceea5ae2195758b4bbaaa8e1129ff9970022f	7233643263616e6d0100000066530000	3d22a90880fc5f9e	assets/characters/braum/skins/base/animations/braum_spell3_run90.anm	Animation tracks	base or shared candidate	0b01eaec2c944f55.bin;57bea13d59e2af1a.bin;5e21202a9a0cef1a.bin;6c0cf3da2d377385.bin;72028fe917890575.bin;aa0aa8a7dd53a131.bin;d0fe19959c26552d.bin;de78a7f6bf5c9803.bin
3d237500586d7af1.tex	.tex	C:\Users\etqdo\Downloads\Clash Braum project\Braum.wad\3d237500586d7af1.tex	Braum.wad/3d237500586d7af1.tex	21884	5e89d16d1ad75d20bc16dd7b18a76c459e4e6809b0a4500b95323e9a2d366388	5445580080008000010c0001ffff0000	3d237500586d7af1	assets/characters/braum/skins/skin34/particles/braum_skin34_r_fish.tex	League texture	other skin/shared; see reference graph	ff9b3266cfca2ba6.bin
3d36945109a34cd0.tex	.tex	C:\Users\etqdo\Downloads\Clash Braum project\Braum.wad\3d36945109a34cd0.tex	Braum.wad/3d36945109a34cd0.tex	87420	92169085c202a1ea2501192799346cb894f4748594a0109152c5cada4f51df23	5445580000010001010c0001ffff0000	3d36945109a34cd0	assets/characters/braum/skins/skin11/particles/braum_skin11_q_flare.tex	League texture	other skin/shared; see reference graph	23b85b75eb659166.bin;2974de4048ee048b.bin;36b00af025f54940.bin;42ee6bdbfc9d170b.bin;4fe453abcf9c5181.bin;a44281cd843a8348.bin;bb8b47c7d87589f7.bin;d8a52eb470baa538.bin;e1dfd1a549890037.bin;ed7ecf9170cfaaf8.bin
3d3b7953113d1183.tex	.tex	C:\Users\etqdo\Downloads\Clash Braum project\Braum.wad\3d3b7953113d1183.tex	Braum.wad/3d3b7953113d1183.tex	21884	d84d32d7dae9670c7020aaa52c101594a9cb5a0412662dbd6feeefa047592acc	5445580080008000010c00011e1e0000	3d3b7953113d1183	assets/characters/braum/skins/skin24/particles/braum_skin24_p_cooldowntimer.tex	League texture	other skin/shared; see reference graph	02ab7e4623adf97e.bin
3d78be127a96da11.tex	.tex	C:\Users\etqdo\Downloads\Clash Braum project\Braum.wad\3d78be127a96da11.tex	Braum.wad/3d78be127a96da11.tex	87420	b88b32764444c0be51d8754fbb168b5a95c72e476d3192962f27dce2ea47c3f0	5445580000010001010c000113130000	3d78be127a96da11	assets/characters/braum/skins/skin02/particles/braum_skin02_e_shield_smoke.tex	League texture	other skin/shared; see reference graph	d0b441e03335be65.bin
3dd52e19c81a8460.skn	.skn	C:\Users\etqdo\Downloads\Clash Braum project\Braum.wad\3dd52e19c81a8460.skn	Braum.wad/3dd52e19c81a8460.skn	808070	c7e0784638264305361b8cc0b003e76c08aabdebdd226cd781bce0c9560ecd1f	332211000400010007000000426f6479	3dd52e19c81a8460	assets/characters/braum/skins/skin33/braum_skin33.skn	Skinned mesh with submeshes and vertex weights	other skin/shared; see reference graph	25c2b1d3f80a7166.bin;399a7a520477b139.bin;3a207b8680fc4f78.bin;4af4d37cc3da7630.bin;775c4474dbe4b86c.bin;cf092c39484cec07.bin;f2aa871abddf9427.bin;f5df8e88540921e0.bin;ff9b3266cfca2ba6.bin
3e099a552dd1c93c.tex	.tex	C:\Users\etqdo\Downloads\Clash Braum project\Braum.wad\3e099a552dd1c93c.tex	Braum.wad/3e099a552dd1c93c.tex	349564	613bc09de74e5c36dca8f792fcfdf691f9905fb1d797f29abe6c876596801d71	5445580000020002010c000154540000	3e099a552dd1c93c	assets/characters/braum/skins/skin56/particles/braum_skin56_braum_skin56_shield_05.tex	League texture	other skin/shared; see reference graph	d56c87aaf7fac0ee.bin
3e16939db672f7b8.tex	.tex	C:\Users\etqdo\Downloads\Clash Braum project\Braum.wad\3e16939db672f7b8.tex	Braum.wad/3e16939db672f7b8.tex	87420	edef3b1cfffcb4194ee6fc69248f6ac01b42845dd52cf5ed26e4340989da5cff	5445580000010001010c000176760000	3e16939db672f7b8	assets/characters/braum/skins/skin02/particles/braum_skin02_e_shield_heat.tex	League texture	other skin/shared; see reference graph	d0b441e03335be65.bin
3e1b01fb00eb48c8.scb	.scb	C:\Users\etqdo\Downloads\Clash Braum project\Braum.wad\3e1b01fb00eb48c8.scb	Braum.wad/3e1b01fb00eb48c8.scb	9360	dc8a7440d60669319af0ad3121c4e64298ace4b8d3479c92699a9397baa5f946	723364324d6573680300020000000000	3e1b01fb00eb48c8	assets/characters/braum/skins/skin51/particles/braum_skin51_shield_05.scb	Static mesh, commonly VFX geometry	other skin/shared; see reference graph	07f65b37fb75e834.bin;08e5b232f3994eee.bin;3079df1f381a87bc.bin;6c66319ffa4bb738.bin;6d6176ab099f3064.bin;70c57eae58af6c94.bin;7ca837cacce9639a.bin;b511ce2cc52d55a4.bin;d01bf01d5611bc53.bin;d56c87aaf7fac0ee.bin
3e345a7cf645a903.bin	.bin	C:\Users\etqdo\Downloads\Clash Braum project\Braum.wad\3e345a7cf645a903.bin	Braum.wad/3e345a7cf645a903.bin	25302	3919d8ecb93e5b8e0f3672705926bad149b490d5a37018b07e446b4195bbb734	50524f5003000000090000003f034441	3e345a7cf645a903	data/characters/braum/skins/skin20.bin	Property configuration and asset links	other skin/shared; see reference graph	
3e4990c60d47db37.tex	.tex	C:\Users\etqdo\Downloads\Clash Braum project\Braum.wad\3e4990c60d47db37.tex	Braum.wad/3e4990c60d47db37.tex	21884	db1b734adb8eeaaebba94d38f2432f40a5573c0afb46c0bcec483e4985472628	5445580080008000010c000161610000	3e4990c60d47db37	assets/characters/braum/skins/skin33/particles/braum_skin33_z_crater_3sand100000.tex	League texture	other skin/shared; see reference graph	ac2d2bd054d44f09.bin
3e89fa8f41473d49.scb	.scb	C:\Users\etqdo\Downloads\Clash Braum project\Braum.wad\3e89fa8f41473d49.scb	Braum.wad/3e89fa8f41473d49.scb	3776	a7f8a9972d99d5a1600c1757e7ac27b0d39c4574966c963606e22afb9c0e2108	723364324d65736803000200643a5c70	3e89fa8f41473d49	assets/characters/braum/skins/skin02/particles/braum_skin02_r_aoe_ringbig.scb	Static mesh, commonly VFX geometry	other skin/shared; see reference graph	d0b441e03335be65.bin
3e92d6eeb53acce7.skn	.skn	C:\Users\etqdo\Downloads\Clash Braum project\Braum.wad\3e92d6eeb53acce7.skn	Braum.wad/3e92d6eeb53acce7.skn	6028	a5a5cf6fb03c8f5ad0966d1497b902d168ebe0a352b8dcf216abb36ade82029a	3322110004000100010000006c616d62	3e92d6eeb53acce7	assets/characters/braum/skins/skin33/particles/braum_skin33_castle_3_amin.skn	Skinned mesh with submeshes and vertex weights	other skin/shared; see reference graph	ac2d2bd054d44f09.bin
3ed3e18bfc53fd3e.tex	.tex	C:\Users\etqdo\Downloads\Clash Braum project\Braum.wad\3ed3e18bfc53fd3e.tex	Braum.wad/3ed3e18bfc53fd3e.tex	43740	2529b98a6538d7dbab198b5bba3eaf3ecd40626ac283d99d1be6c64a50681be7	5445580000018000010c000119190000	3ed3e18bfc53fd3e	assets/characters/braum/skins/skin42/particles/braum_skin42_e_shield_firealpha03.tex	League texture	other skin/shared; see reference graph	ab5fbb4cdcdfb2ef.bin
3ede8e00eb5569fe.tex	.tex	C:\Users\etqdo\Downloads\Clash Braum project\Braum.wad\3ede8e00eb5569fe.tex	Braum.wad/3ede8e00eb5569fe.tex	16396	8ef45c06aa9acb91b985227c27089e8f70fa8db8a5f6d2682f7d4c03523fc107	5445580080008000010c000000000000	3ede8e00eb5569fe	assets/characters/braum/hud/braum_circle_1.tex	League texture	other skin/shared; see reference graph	1eb4979be4e9320c.bin;26fe02fb42fe5d0f.bin;3e345a7cf645a903.bin;4b8cf46e9a27ff51.bin;4fed391540044397.bin;5d7e7a1984eb745d.bin;69066dbc18657bec.bin;7b9824cbef34ed4d.bin;812e1da9fe14f1ec.bin;a497a5055810256b.bin;e250f290f6212f81.bin
3efce41862fa7bca.tex	.tex	C:\Users\etqdo\Downloads\Clash Braum project\Braum.wad\3efce41862fa7bca.tex	Braum.wad/3efce41862fa7bca.tex	21884	aad6cf7b1a19ea80699ff924f5567c6662dafdfe9d18b20c7ab8b4d752811b58	5445580080008000010c000131310000	3efce41862fa7bca	assets/characters/braum/skins/skin51/particles/braum_skin51_w_crack6_ersion0.tex	League texture	other skin/shared; see reference graph	7a1193b055eb059a.bin
3efe02520689d652.scb	.scb	C:\Users\etqdo\Downloads\Clash Braum project\Braum.wad\3efe02520689d652.scb	Braum.wad/3efe02520689d652.scb	17128	e54a66b272b3f1757236abb400ddc44279b8d3e0fd66a8a78831b5822d1c4a77	723364324d6573680300020000000000	3efe02520689d652	assets/characters/braum/skins/skin33/particles/braum_skin33_r_wave_5.scb	Static mesh, commonly VFX geometry	other skin/shared; see reference graph	25c2b1d3f80a7166.bin;399a7a520477b139.bin;3a207b8680fc4f78.bin;4af4d37cc3da7630.bin;775c4474dbe4b86c.bin;cf092c39484cec07.bin;f2aa871abddf9427.bin;f5df8e88540921e0.bin;ff9b3266cfca2ba6.bin
3f3583b51472a448.tex	.tex	C:\Users\etqdo\Downloads\Clash Braum project\Braum.wad\3f3583b51472a448.tex	Braum.wad/3f3583b51472a448.tex	21884	8c806c9888523203f8d8991f4b2cca6dedd8902b3972da0d1cbc711cc9fb8b9e	5445580080008000010c000143430000	3f3583b51472a448	assets/characters/braum/skins/skin33/particles/braum_skin33_q_cone_waves.tex	League texture	other skin/shared; see reference graph	25c2b1d3f80a7166.bin;399a7a520477b139.bin;3a207b8680fc4f78.bin;4af4d37cc3da7630.bin;775c4474dbe4b86c.bin;cf092c39484cec07.bin;f2aa871abddf9427.bin;f5df8e88540921e0.bin;ff9b3266cfca2ba6.bin
3f42f2aa700666f2.tex	.tex	C:\Users\etqdo\Downloads\Clash Braum project\Braum.wad\3f42f2aa700666f2.tex	Braum.wad/3f42f2aa700666f2.tex	349564	5c0f3f15a09c8bd9cd66529598de0361add1af38ffbf8ed3080f737d31082b79	5445580000020002010c000113130000	3f42f2aa700666f2	assets/characters/braum/skins/skin02/particles/braum_skin02_p_stack_03.tex	League texture	other skin/shared; see reference graph	d0b441e03335be65.bin
3f6a40609700ee85.bin	.bin	C:\Users\etqdo\Downloads\Clash Braum project\Braum.wad\3f6a40609700ee85.bin	Braum.wad/3f6a40609700ee85.bin	120693	b66dd0e5affcb7d918991c6407e49be56cc5ea77f88dd560e6d00002610d9789	50524f50030000000800000031024441	3f6a40609700ee85	data/characters/braum/skins/skin25.bin	Property configuration and asset links	other skin/shared; see reference graph	
3f6fdf2fff19d128.tex	.tex	C:\Users\etqdo\Downloads\Clash Braum project\Braum.wad\3f6fdf2fff19d128.tex	Braum.wad/3f6fdf2fff19d128.tex	174788	7c4d95e2137a89392b57856541b7301643738ea1e97ade427f11771eb486f25b	5445580000020002010a0001aa53c632	3f6fdf2fff19d128	assets/characters/braum/skins/skin16/particles/braum_skin16_q_mis.tex	League texture	other skin/shared; see reference graph	d8a52eb470baa538.bin
3f920cd001ab5c9d.tex	.tex	C:\Users\etqdo\Downloads\Clash Braum project\Braum.wad\3f920cd001ab5c9d.tex	Braum.wad/3f920cd001ab5c9d.tex	43716	c49a80c46433579d08687be4a650d93879bcd7243646d68e36144f8bdc176f1a	5445580000010001010a000104110529	3f920cd001ab5c9d	assets/characters/braum/skins/skin51/particles/braum_skin51_lightning_05.tex	League texture	other skin/shared; see reference graph	07f65b37fb75e834.bin;08e5b232f3994eee.bin;3079df1f381a87bc.bin;6c66319ffa4bb738.bin;6d6176ab099f3064.bin;70c57eae58af6c94.bin;7ca837cacce9639a.bin;b511ce2cc52d55a4.bin;d01bf01d5611bc53.bin;d56c87aaf7fac0ee.bin
3fa39af05f04c121.anm	.anm	C:\Users\etqdo\Downloads\Clash Braum project\Braum.wad\3fa39af05f04c121.anm	Braum.wad/3fa39af05f04c121.anm	86054	c7f383e05481b9c815dad6f9e915fe1f15bd88fa232404683e55faf6ae553aa5	7233643263616e6d010000001a500100	3fa39af05f04c121	assets/characters/braum/skins/skin11/animations/braum_death.anm	Animation tracks	other skin/shared; see reference graph	e43dcf714c8a2a42.bin
3fb7eaeb9e44f1df.tex	.tex	C:\Users\etqdo\Downloads\Clash Braum project\Braum.wad\3fb7eaeb9e44f1df.tex	Braum.wad/3fb7eaeb9e44f1df.tex	174788	72825056f8f0d58792d1f1ea25e30d4ebd2b763ddb8ee5c000fbe0f249d776f5	5445580000020002010a000169710d52	3fb7eaeb9e44f1df	assets/characters/braum/skins/skin14/particles/braum_skin14_q_mis.tex	League texture	other skin/shared; see reference graph	4fe453abcf9c5181.bin
3ff9b95725245595.tex	.tex	C:\Users\etqdo\Downloads\Clash Braum project\Braum.wad\3ff9b95725245595.tex	Braum.wad/3ff9b95725245595.tex	2756	58307879abad508a30e01c2b42b3383b535a9f9ddf0847d3faacb9913b9624f8	5445580040004000010a0001118c0d6c	3ff9b95725245595	assets/characters/braum/skins/skin51/particles/braum_skin51_32.tex	League texture	other skin/shared; see reference graph	7a1193b055eb059a.bin
3ffbebf416535834.tex	.tex	C:\Users\etqdo\Downloads\Clash Braum project\Braum.wad\3ffbebf416535834.tex	Braum.wad/3ffbebf416535834.tex	5500	823941857a0837ae65a721b879433c98741e9a94f1571db4968fe8c33da3f35c	5445580040004000010c00014e4e0000	3ffbebf416535834	assets/characters/braum/skins/skin33/particles/braum_skin33_distort_rgba.tex	League texture	other skin/shared; see reference graph	25c2b1d3f80a7166.bin;399a7a520477b139.bin;3a207b8680fc4f78.bin;4af4d37cc3da7630.bin;775c4474dbe4b86c.bin;ac2d2bd054d44f09.bin;cf092c39484cec07.bin;f2aa871abddf9427.bin;f5df8e88540921e0.bin;ff9b3266cfca2ba6.bin
4011529ceae54d2d.tex	.tex	C:\Users\etqdo\Downloads\Clash Braum project\Braum.wad\4011529ceae54d2d.tex	Braum.wad/4011529ceae54d2d.tex	10948	86c61f1d2fa591ee3d0bfbd646e0e0f53fc0d1ba4a2562851b417a99b0e2fe8d	5445580080008000010a000185298510	4011529ceae54d2d	assets/characters/braum/skins/skin51/particles/braum_skin51_star_flash_01.tex	League texture	other skin/shared; see reference graph	7a1193b055eb059a.bin
40431d6e095cdd12.tex	.tex	C:\Users\etqdo\Downloads\Clash Braum project\Braum.wad\40431d6e095cdd12.tex	Braum.wad/40431d6e095cdd12.tex	87420	81130ecbf6f8b96485fd032f5eefc9435281dba5f926acffc80b46d4d75f8ce2	5445580000010001010c000113130000	40431d6e095cdd12	assets/characters/braum/skins/base/particles/braum_base_e_shield_smoke.tex	League texture	base or shared candidate	b8d6f27624ae797b.bin
407a82ee84e26fe0.tex	.tex	C:\Users\etqdo\Downloads\Clash Braum project\Braum.wad\407a82ee84e26fe0.tex	Braum.wad/407a82ee84e26fe0.tex	87420	671956fb325cd26b44c60c2f489581260168641a15c6200444a11f3ef4195d19	5445580000010001010c00011c1c0000	407a82ee84e26fe0	assets/characters/braum/skins/skin01/particles/braum_skin01_ba_trail_cas_02.tex	League texture	other skin/shared; see reference graph	fca448d5ff3861b5.bin
407dbb6404846d42.scb	.scb	C:\Users\etqdo\Downloads\Clash Braum project\Braum.wad\407dbb6404846d42.scb	Braum.wad/407dbb6404846d42.scb	17556	82ccc4bd7ee72a27e250bbcb80b782cb80f1ebf887cc08a0b32c9036474cc72d	723364324d6573680300020000000000	407dbb6404846d42	assets/characters/braum/skins/skin51/particles/braum_skin51_shield_03.scb	Static mesh, commonly VFX geometry	other skin/shared; see reference graph	07f65b37fb75e834.bin;08e5b232f3994eee.bin;3079df1f381a87bc.bin;6c66319ffa4bb738.bin;6d6176ab099f3064.bin;70c57eae58af6c94.bin;7ca837cacce9639a.bin;b511ce2cc52d55a4.bin;d01bf01d5611bc53.bin;d56c87aaf7fac0ee.bin
408b6ee702f34a87.tex	.tex	C:\Users\etqdo\Downloads\Clash Braum project\Braum.wad\408b6ee702f34a87.tex	Braum.wad/408b6ee702f34a87.tex	43716	85bc85be231a45698feb41e233c5ae5b48a7e7a58bd40460a8370482658538b7	5445580000010001010a000120080000	408b6ee702f34a87	assets/characters/braum/skins/skin51/particles/braum_skin51_shield_tx_08.tex	League texture	other skin/shared; see reference graph	07f65b37fb75e834.bin;08e5b232f3994eee.bin;3079df1f381a87bc.bin;6c66319ffa4bb738.bin;6d6176ab099f3064.bin;70c57eae58af6c94.bin;7ca837cacce9639a.bin;b511ce2cc52d55a4.bin;d01bf01d5611bc53.bin;d56c87aaf7fac0ee.bin
409118f6249739c4.tex	.tex	C:\Users\etqdo\Downloads\Clash Braum project\Braum.wad\409118f6249739c4.tex	Braum.wad/409118f6249739c4.tex	21884	5f2595af95c83b9b51f9d6a790a40c07eb93c6501d4082f53b8794ccc579496b	5445580080008000010c000129290000	409118f6249739c4	assets/characters/braum/skins/skin10/particles/braum_skin10_q_slow_swirls.tex	League texture	other skin/shared; see reference graph	f63b31a3da327a4f.bin
40b41cd3b38bfa73.anm	.anm	C:\Users\etqdo\Downloads\Clash Braum project\Braum.wad\40b41cd3b38bfa73.anm	Braum.wad/40b41cd3b38bfa73.anm	57662	54c976018814eb8a39ffd05fe7e579353cfa69b6ef19be0d2c92d3d6badef4e1	7233643263616e6d0100000032e10000	40b41cd3b38bfa73	assets/characters/braum/skins/skin10/animations/braum_skin04_run_homeguard.anm	Animation tracks	other skin/shared; see reference graph	57bea13d59e2af1a.bin
40e9c583f7a6a151.scb	.scb	C:\Users\etqdo\Downloads\Clash Braum project\Braum.wad\40e9c583f7a6a151.scb	Braum.wad/40e9c583f7a6a151.scb	91120	3d67b24826b3cbba7ad904424363ed8bee104a2c839a0aed28c1afdc8d43116c	723364324d65736803000200633a5c6c	40e9c583f7a6a151	assets/characters/braum/skins/skin33/particles/braum_skin33_q_mis_energyflame.scb	Static mesh, commonly VFX geometry	other skin/shared; see reference graph	25c2b1d3f80a7166.bin;399a7a520477b139.bin;3a207b8680fc4f78.bin;4af4d37cc3da7630.bin;775c4474dbe4b86c.bin;cf092c39484cec07.bin;f2aa871abddf9427.bin;f5df8e88540921e0.bin;ff9b3266cfca2ba6.bin
40fc04d739247d92.scb	.scb	C:\Users\etqdo\Downloads\Clash Braum project\Braum.wad\40fc04d739247d92.scb	Braum.wad/40fc04d739247d92.scb	91120	3d67b24826b3cbba7ad904424363ed8bee104a2c839a0aed28c1afdc8d43116c	723364324d65736803000200633a5c6c	40fc04d739247d92	assets/characters/braum/skins/skin24/particles/braum_skin24_q_mis_energyflame.scb	Static mesh, commonly VFX geometry	other skin/shared; see reference graph	3f6a40609700ee85.bin;88b5dd6dc0e099bd.bin;8cf62c85e1e2e7f9.bin;992d3c62ff62964c.bin;a582cf4ad353f261.bin;b30d6dd1b38ee53c.bin;c5c66176cca69ad3.bin;caacae9cc35f0267.bin;d3dbd3f84a5b8600.bin
412b9613a3067a34.tex	.tex	C:\Users\etqdo\Downloads\Clash Braum project\Braum.wad\412b9613a3067a34.tex	Braum.wad/412b9613a3067a34.tex	5500	313f7cc5a86321ba202f4787ccbada0aa3b628f5aec704048931823d75a0095c	5445580040004000010c000195950000	412b9613a3067a34	assets/characters/braum/skins/skin02/particles/braum_skin02_r_spatter_rgba.tex	League texture	other skin/shared; see reference graph	d0b441e03335be65.bin
41597eb0f21243da.tex	.tex	C:\Users\etqdo\Downloads\Clash Braum project\Braum.wad\41597eb0f21243da.tex	Braum.wad/41597eb0f21243da.tex	43740	fa7791b4d0955a43fbcdb9b05f812fcf76082087d97c5559115201428266e329	5445580000018000010c000106060000	41597eb0f21243da	assets/characters/braum/skins/skin33/particles/braum_skin33_w_ground_crack_4x1.tex	League texture	other skin/shared; see reference graph	ac2d2bd054d44f09.bin
41672bc4bbee74a6.tex	.tex	C:\Users\etqdo\Downloads\Clash Braum project\Braum.wad\41672bc4bbee74a6.tex	Braum.wad/41672bc4bbee74a6.tex	699076	5b13f4eda5fd6bc2fc853ac08f9e23887aa6b478eaaa49969b0e65938de5e005	5445580000040004010a0001e739a519	41672bc4bbee74a6		League texture	other skin/shared; see reference graph	
4173f7762db9db4c.tex	.tex	C:\Users\etqdo\Downloads\Clash Braum project\Braum.wad\4173f7762db9db4c.tex	Braum.wad/4173f7762db9db4c.tex	87452	48bb47fb72d920f20c92468537235851f789edc95752df597a99e69df7135c75	5445580000028000010c00017d7d0000	4173f7762db9db4c	assets/characters/braum/skins/skin33/particles/braum_skin33_q_tar_update_swirl_scroll_dark_mask.tex	League texture	other skin/shared; see reference graph	25c2b1d3f80a7166.bin;399a7a520477b139.bin;3a207b8680fc4f78.bin;4af4d37cc3da7630.bin;775c4474dbe4b86c.bin;ac2d2bd054d44f09.bin;cf092c39484cec07.bin;f2aa871abddf9427.bin;f5df8e88540921e0.bin;ff9b3266cfca2ba6.bin
4174ce25f141cbb1.tex	.tex	C:\Users\etqdo\Downloads\Clash Braum project\Braum.wad\4174ce25f141cbb1.tex	Braum.wad/4174ce25f141cbb1.tex	349564	ca3fda9b53d7ffced4e34222864d5621f626a494249d071d2a7c3a2d7005bffa	5445580000020002010c0001ffff0000	4174ce25f141cbb1	assets/characters/braum/skins/skin58/particles/braum_skin58_r_stone_01.tex	League texture	other skin/shared; see reference graph	08e5b232f3994eee.bin
418c82c057a3bf47.tex	.tex	C:\Users\etqdo\Downloads\Clash Braum project\Braum.wad\418c82c057a3bf47.tex	Braum.wad/418c82c057a3bf47.tex	1398140	d56faa9632941dc08366445436cf970a0ed140fe622527a540fd59b347da86e4	5445580000040004010c0001ffff0000	418c82c057a3bf47		League texture	other skin/shared; see reference graph	
41d140b723b4c86c.tex	.tex	C:\Users\etqdo\Downloads\Clash Braum project\Braum.wad\41d140b723b4c86c.tex	Braum.wad/41d140b723b4c86c.tex	87420	15cdc0ff350660ad8d4031ca9d8fc9815f4c34d4c197e3efb96fad55903c5724	5445580000010001010c000102020000	41d140b723b4c86c	assets/characters/braum/skins/skin52/particles/braum_skin52_shield_tx_02.tex	League texture	other skin/shared; see reference graph	d01bf01d5611bc53.bin
41db06f76e13feb0.scb	.scb	C:\Users\etqdo\Downloads\Clash Braum project\Braum.wad\41db06f76e13feb0.scb	Braum.wad/41db06f76e13feb0.scb	9628	835b0bfe16338037573a3fb188a5827221ec7106e6773fd9e6777e3aa43e57f0	723364324d65736802000200653a5c72	41db06f76e13feb0	assets/characters/braum/skins/base/particles/braum_base_q_knock_up_tar.scb	Static mesh, commonly VFX geometry	base or shared candidate	b8d6f27624ae797b.bin;f2ef4463d62600e6.bin
42048c26f167152e.tex	.tex	C:\Users\etqdo\Downloads\Clash Braum project\Braum.wad\42048c26f167152e.tex	Braum.wad/42048c26f167152e.tex	349556	90a4432029b666f4e0e3189f0bb061b12eb73e1181f6c98d8ac42bd6ff346b90	5445580000040002010a000163414642	42048c26f167152e	assets/characters/braum/skins/skin07/particles/braum_skin07_e_shield_override.tex	League texture	other skin/shared; see reference graph	e250f290f6212f81.bin
4256a70935be6c84.tex	.tex	C:\Users\etqdo\Downloads\Clash Braum project\Braum.wad\4256a70935be6c84.tex	Braum.wad/4256a70935be6c84.tex	10948	938f91619f0bf2b08354fe26221628bb25e16ad1a9a298242189566623a74a94	5445580080008000010a0001a108a420	4256a70935be6c84	assets/characters/braum/skins/skin33/particles/spark.tex	League texture	other skin/shared; see reference graph	25c2b1d3f80a7166.bin;399a7a520477b139.bin;3a207b8680fc4f78.bin;4af4d37cc3da7630.bin;775c4474dbe4b86c.bin;cf092c39484cec07.bin;f2aa871abddf9427.bin;f5df8e88540921e0.bin;ff9b3266cfca2ba6.bin
4267720c03170b94.tex	.tex	C:\Users\etqdo\Downloads\Clash Braum project\Braum.wad\4267720c03170b94.tex	Braum.wad/4267720c03170b94.tex	699076	8f6129398bcfc793ba5ff69744599c6a93bfe1e714f5d00e902e12a48716d5ed	5445580000040004010a0001cbc8aee1	4267720c03170b94		League texture	other skin/shared; see reference graph	
427177bcfb26c94b.tex	.tex	C:\Users\etqdo\Downloads\Clash Braum project\Braum.wad\427177bcfb26c94b.tex	Braum.wad/427177bcfb26c94b.tex	21884	8caa505be9d53da4888b1d3f408e5f90ca01bed405503c37edd5b3945622d922	5445580080008000010c00015d5d0000	427177bcfb26c94b	assets/characters/braum/skins/skin24/particles/braum_skin24_q_misglow.tex	League texture	other skin/shared; see reference graph	3f6a40609700ee85.bin;88b5dd6dc0e099bd.bin;8cf62c85e1e2e7f9.bin;992d3c62ff62964c.bin;a582cf4ad353f261.bin;b30d6dd1b38ee53c.bin;c5c66176cca69ad3.bin;caacae9cc35f0267.bin;d3dbd3f84a5b8600.bin
42860c8b1acbb5aa.dds	.dds	C:\Users\etqdo\Downloads\Clash Braum project\Braum.wad\42860c8b1acbb5aa.dds	Braum.wad/42860c8b1acbb5aa.dds	2176	a0a9f05a9feafe7a13de273c9fa3d52b0ba79faf1ee9a17cbdc7a20106ccaacc	444453207c0000000710080040000000	42860c8b1acbb5aa	assets/spells/icons2d/pantheon_aoz.dds	DirectDraw texture	other skin/shared; see reference graph	
4295ebdab1f4b0ac.tex	.tex	C:\Users\etqdo\Downloads\Clash Braum project\Braum.wad\4295ebdab1f4b0ac.tex	Braum.wad/4295ebdab1f4b0ac.tex	5500	72b00a133586c24e44c15311d5ee5301336b5dddab9b04451cc00c8d2c3700bf	5445580040004000010c00014e4e0000	4295ebdab1f4b0ac	assets/characters/braum/skins/skin33/particles/braum_skin33_q_gradient.tex	League texture	other skin/shared; see reference graph	25c2b1d3f80a7166.bin;399a7a520477b139.bin;3a207b8680fc4f78.bin;4af4d37cc3da7630.bin;775c4474dbe4b86c.bin;cf092c39484cec07.bin;f2aa871abddf9427.bin;f5df8e88540921e0.bin;ff9b3266cfca2ba6.bin
42da5603f6c5e9c1.anm	.anm	C:\Users\etqdo\Downloads\Clash Braum project\Braum.wad\42da5603f6c5e9c1.anm	Braum.wad/42da5603f6c5e9c1.anm	121304	ad9143dbb202092762c614627db886a45fad25b17e6557d0c1bdfef9ee804e2c	7233643263616e6d01000000ccd90100	42da5603f6c5e9c1		Animation tracks	other skin/shared; see reference graph	
42ee6bdbfc9d170b.bin	.bin	C:\Users\etqdo\Downloads\Clash Braum project\Braum.wad\42ee6bdbfc9d170b.bin	Braum.wad/42ee6bdbfc9d170b.bin	80623	816de83efbd638e66c2c14e2ddcd6b676d0da12f91d4adbffc57c5b7162c0cab	50524f50030000000c0000003f034441	42ee6bdbfc9d170b	data/characters/braum/skins/skin11.bin	Property configuration and asset links	other skin/shared; see reference graph	
42f25b703b2122c8.tex	.tex	C:\Users\etqdo\Downloads\Clash Braum project\Braum.wad\42f25b703b2122c8.tex	Braum.wad/42f25b703b2122c8.tex	8204	ec9d11bda063435a74dc29f18cded4e7cb3d5b37bc717e5aff27322e6d3b00fb	5445580080008000010a000001000000	42f25b703b2122c8	assets/characters/braum/hud/braum_square.tex	League texture	other skin/shared; see reference graph	03e78a116663752e.bin;07f65b37fb75e834.bin;087454f36df0c471.bin;08e5b232f3994eee.bin;1eb4979be4e9320c.bin;21c14331eb9e3fdd.bin;23b85b75eb659166.bin;25c2b1d3f80a7166.bin;26fe02fb42fe5d0f.bin;3079df1f381a87bc.bin;36b00af025f54940.bin;399a7a520477b139.bin;3a207b8680fc4f78.bin;3e345a7cf645a903.bin;3f6a40609700ee85.bin;42ee6bdbfc9d170b.bin;4af4d37cc3da7630.bin;4b8cf46e9a27ff51.bin;4fe453abcf9c5181.bin;4fed391540044397.bin;5665076b09fc85c9.bin;5d7e7a1984eb745d.bin;60bd129d627e731e.bin;69066dbc18657bec.bin;6c66319ffa4bb738.bin;6d6176ab099f3064.bin;70c57eae58af6c94.bin;775c4474dbe4b86c.bin;7b9824cbef34ed4d.bin;7ca837cacce9639a.bin;812e1da9fe14f1ec.bin;88b5dd6dc0e099bd.bin;8cf62c85e1e2e7f9.bin;992d3c62ff62964c.bin;99f61b5c2dd61e45.bin;a44281cd843a8348.bin;a485c4b46181b64d.bin;a497a5055810256b.bin;a582cf4ad353f261.bin;b30d6dd1b38ee53c.bin;b4470b8fb5a238f6.bin;b511ce2cc52d55a4.bin;bb8b47c7d87589f7.bin;c5c66176cca69ad3.bin;caacae9cc35f0267.bin;cf092c39484cec07.bin;d01bf01d5611bc53.bin;d0b441e03335be65.bin;d3dbd3f84a5b8600.bin;d56c87aaf7fac0ee.bin;d8a52eb470baa538.bin;e1dfd1a549890037.bin;e250f290f6212f81.bin;e4dae9eea59fb2f8.bin;e63e7a9cbb51a42f.bin;eb9d53354a504663.bin;ed7ecf9170cfaaf8.bin;f2aa871abddf9427.bin;f5df8e88540921e0.bin;f63b31a3da327a4f.bin;fbd72592f4eee68e.bin;ff9b3266cfca2ba6.bin
4309948fc686cc47.tex	.tex	C:\Users\etqdo\Downloads\Clash Braum project\Braum.wad\4309948fc686cc47.tex	Braum.wad/4309948fc686cc47.tex	2756	62d7886c808ba67a76007e5d1f420c8d6510097168b2f6c6f05cc43a4ab1e2e7	5445580040004000010a0001d49cd09c	4309948fc686cc47	assets/characters/braum/skins/skin01/particles/braum_skin01_e_shield_rgba.tex	League texture	other skin/shared; see reference graph	1eb4979be4e9320c.bin;26fe02fb42fe5d0f.bin;3e345a7cf645a903.bin;4b8cf46e9a27ff51.bin;4fed391540044397.bin;5d7e7a1984eb745d.bin;69066dbc18657bec.bin;7b9824cbef34ed4d.bin;812e1da9fe14f1ec.bin;a497a5055810256b.bin;e250f290f6212f81.bin
4327f063d32ce435.tex	.tex	C:\Users\etqdo\Downloads\Clash Braum project\Braum.wad\4327f063d32ce435.tex	Braum.wad/4327f063d32ce435.tex	699076	848d8efe9fd03027c218887c8abf0bd4c9723949b0ce3fcc94d2062b8c04d1fe	5445580000040004010a00014d934d72	4327f063d32ce435	assets/characters/braum/skins/skin38/braum_skin38_shield_tx_cm.tex	League texture	other skin/shared; see reference graph	f2aa871abddf9427.bin
43385e90d33de8a3.tex	.tex	C:\Users\etqdo\Downloads\Clash Braum project\Braum.wad\43385e90d33de8a3.tex	Braum.wad/43385e90d33de8a3.tex	10948	4b68aa8dbe217efa2da183a8c84bb5d8db2d4a8cc80d540e3f3d5af8eb75ba46	5445580080008000010a000144214410	43385e90d33de8a3	assets/characters/braum/skins/skin42/particles/braum_skin42_glow02_01.tex	League texture	other skin/shared; see reference graph	ab5fbb4cdcdfb2ef.bin
433e4ca7ef3f5af6.scb	.scb	C:\Users\etqdo\Downloads\Clash Braum project\Braum.wad\433e4ca7ef3f5af6.scb	Braum.wad/433e4ca7ef3f5af6.scb	57820	4dde489412a3cae8750175264f8b15fdb92026496b50b1f5068703b2b50a949e	723364324d65736802000200653a5c72	433e4ca7ef3f5af6	assets/characters/braum/skins/skin33/particles/braum_skin33_e_block_shock.scb	Static mesh, commonly VFX geometry	other skin/shared; see reference graph	ac2d2bd054d44f09.bin
434e9c84e462dccd.tex	.tex	C:\Users\etqdo\Downloads\Clash Braum project\Braum.wad\434e9c84e462dccd.tex	Braum.wad/434e9c84e462dccd.tex	87420	0663632204bcca0eae207a70de8a9aee2a8fc310ef788de1ae4bf2a4ff3ccd18	5445580000010001010c000111110000	434e9c84e462dccd	assets/characters/braum/skins/skin24/particles/braum_skin24_r_dirt_spatter1.tex	League texture	other skin/shared; see reference graph	3f6a40609700ee85.bin;88b5dd6dc0e099bd.bin;8cf62c85e1e2e7f9.bin;992d3c62ff62964c.bin;a582cf4ad353f261.bin;b30d6dd1b38ee53c.bin;c5c66176cca69ad3.bin;caacae9cc35f0267.bin;d3dbd3f84a5b8600.bin
4363dac2d1f32ab9.tex	.tex	C:\Users\etqdo\Downloads\Clash Braum project\Braum.wad\4363dac2d1f32ab9.tex	Braum.wad/4363dac2d1f32ab9.tex	174804	66bccf5eeddf95cb2c04d7278183af3926594de3dab1233de5077e393dbfe0d2	5445580000010004010a000141280108	4363dac2d1f32ab9	assets/characters/braum/skins/skin42/particles/braum_skin42_r_indicator_side02.tex	League texture	other skin/shared; see reference graph	ab5fbb4cdcdfb2ef.bin
437c8b7788f92c16.tex	.tex	C:\Users\etqdo\Downloads\Clash Braum project\Braum.wad\437c8b7788f92c16.tex	Braum.wad/437c8b7788f92c16.tex	87420	74362e1a2724a296e731677d0c654188df2f2d5d2b8ca54ff68d0a031cf66abc	5445580000010001010c000127270000	437c8b7788f92c16	assets/characters/braum/skins/skin02/particles/braum_skin02_ba_trail_cas.tex	League texture	other skin/shared; see reference graph	d0b441e03335be65.bin
438f6b767d705965.anm	.anm	C:\Users\etqdo\Downloads\Clash Braum project\Braum.wad\438f6b767d705965.anm	Braum.wad/438f6b767d705965.anm	124226	927752888f617837cbd7753770b1b4eadc012efce8be1c8c7d87b01ab164f2ca	7233643263616e6d0100000036e50100	438f6b767d705965	assets/characters/braum/skins/skin02/animations/braum_skin02_recall.anm	Animation tracks	other skin/shared; see reference graph	6c0cf3da2d377385.bin
43e3d1ae4c0765b3.scb	.scb	C:\Users\etqdo\Downloads\Clash Braum project\Braum.wad\43e3d1ae4c0765b3.scb	Braum.wad/43e3d1ae4c0765b3.scb	5578	97651e8c5c7ba6fcc41a3d2de1963cb0e35f16647b532892c339cc76c648f863	723364324d6573680300020000000000	43e3d1ae4c0765b3	assets/characters/braum/skins/skin02/particles/braum_skin02_p_ice_shards.scb	Static mesh, commonly VFX geometry	other skin/shared; see reference graph	d0b441e03335be65.bin
43e9d74593dfbaec.tex	.tex	C:\Users\etqdo\Downloads\Clash Braum project\Braum.wad\43e9d74593dfbaec.tex	Braum.wad/43e9d74593dfbaec.tex	10948	ad806ed2e43cfea03b53ccfd687a1f1a72bec6faa5fad0ae445cc60d385f49e8	5445580080008000010a000161206100	43e9d74593dfbaec	assets/characters/braum/skins/skin51/particles/rainbowhalo_01.tex	League texture	other skin/shared; see reference graph	7a1193b055eb059a.bin
43ed74e7edac8385.tex	.tex	C:\Users\etqdo\Downloads\Clash Braum project\Braum.wad\43ed74e7edac8385.tex	Braum.wad/43ed74e7edac8385.tex	349556	de9b2627289d2e3e3099854e8dc5578869b9922531107d4278d6170f717edc7c	5445580000040002010a000127422631	43ed74e7edac8385	assets/characters/braum/skins/skin09/braum_skin09_tx_cm.tex	League texture	other skin/shared; see reference graph	4b8cf46e9a27ff51.bin
43f4001233eaf741.tex	.tex	C:\Users\etqdo\Downloads\Clash Braum project\Braum.wad\43f4001233eaf741.tex	Braum.wad/43f4001233eaf741.tex	5492	649b00e1539f1acf478407aa93ef6b8a19a79c5f896a77a0a5ed8d84337bbc06	5445580080004000010a00010f8c0f7c	43f4001233eaf741	assets/characters/braum/skins/skin33/particles/braum_skin33_colorgrad.tex	League texture	other skin/shared; see reference graph	25c2b1d3f80a7166.bin;399a7a520477b139.bin;3a207b8680fc4f78.bin;4af4d37cc3da7630.bin;775c4474dbe4b86c.bin;cf092c39484cec07.bin;f2aa871abddf9427.bin;f5df8e88540921e0.bin;ff9b3266cfca2ba6.bin
44227a63982a0ad4.tex	.tex	C:\Users\etqdo\Downloads\Clash Braum project\Braum.wad\44227a63982a0ad4.tex	Braum.wad/44227a63982a0ad4.tex	21884	f510636fe3f009aa29ed707b828adfb178b63ce2c90b17a2d0282a0df5973e8a	5445580080008000010c000131310000	44227a63982a0ad4	assets/characters/braum/skins/skin33/particles/braum_skin33_einstein_04_mult.tex	League texture	other skin/shared; see reference graph	ac2d2bd054d44f09.bin
4439c5976f5bac10.tex	.tex	C:\Users\etqdo\Downloads\Clash Braum project\Braum.wad\4439c5976f5bac10.tex	Braum.wad/4439c5976f5bac10.tex	87420	054c17bae4ecbc914394f0da1881af53a450d2307252fc56b7d466b3ee739447	5445580000010001010c00010d0d0000	4439c5976f5bac10	assets/characters/braum/skins/skin51/particles/braum_skin51_r_tar_flipbook.tex	League texture	other skin/shared; see reference graph	7a1193b055eb059a.bin
4442dece4d1199fe.tex	.tex	C:\Users\etqdo\Downloads\Clash Braum project\Braum.wad\4442dece4d1199fe.tex	Braum.wad/4442dece4d1199fe.tex	87420	eb40760b9e72baba71d9e5ee7a5ff7b20185891a441acfa793251d96bf031525	5445580000010001010c00011b1b0000	4442dece4d1199fe	assets/characters/braum/skins/skin51/particles/braum_skin51_decal_11.tex	League texture	other skin/shared; see reference graph	7a1193b055eb059a.bin
4448c677d16f89c4.scb	.scb	C:\Users\etqdo\Downloads\Clash Braum project\Braum.wad\4448c677d16f89c4.scb	Braum.wad/4448c677d16f89c4.scb	9628	835b0bfe16338037573a3fb188a5827221ec7106e6773fd9e6777e3aa43e57f0	723364324d65736802000200653a5c72	4448c677d16f89c4	assets/characters/braum/skins/skin42/particles/braum_skin42_base_q_knock_up_tar.scb	Static mesh, commonly VFX geometry	other skin/shared; see reference graph	ab5fbb4cdcdfb2ef.bin
44549545beac8b48.tex	.tex	C:\Users\etqdo\Downloads\Clash Braum project\Braum.wad\44549545beac8b48.tex	Braum.wad/44549545beac8b48.tex	349564	0acd75772efbddf974e7fee2481f7ab9b0f5da53115743fd9db7d32fdc45a03a	5445580000020002010c000108080000	44549545beac8b48	assets/characters/braum/skins/skin30/particles/braum_skin30_q_cookie_shard.tex	League texture	other skin/shared; see reference graph	a582cf4ad353f261.bin
44e294508e8559a6.tex	.tex	C:\Users\etqdo\Downloads\Clash Braum project\Braum.wad\44e294508e8559a6.tex	Braum.wad/44e294508e8559a6.tex	699100	f2fda180e4488dd20e6f17e4d143782805c0b6b539852cf5984b1d14fb9bd628	5445580000040002010c0001ffff0000	44e294508e8559a6	assets/characters/braum/skins/skin29/braum_skin29_tx_cm.tex	League texture	other skin/shared; see reference graph	caacae9cc35f0267.bin
44f606d7da315811.anm	.anm	C:\Users\etqdo\Downloads\Clash Braum project\Braum.wad\44f606d7da315811.anm	Braum.wad/44f606d7da315811.anm	964	b29858e885414a88291bde293c106234b3d8c3c5a01480cadc0ce636ed420542	7233643263616e6d01000000b8030000	44f606d7da315811	assets/characters/braum/skins/skin24/particles/braum_skin24_r_cake_shard_05.anm	Animation tracks	other skin/shared; see reference graph	3f6a40609700ee85.bin;88b5dd6dc0e099bd.bin;8cf62c85e1e2e7f9.bin;992d3c62ff62964c.bin;a582cf4ad353f261.bin;b30d6dd1b38ee53c.bin;c5c66176cca69ad3.bin;caacae9cc35f0267.bin;d3dbd3f84a5b8600.bin
44fb3b4973d360d4.tex	.tex	C:\Users\etqdo\Downloads\Clash Braum project\Braum.wad\44fb3b4973d360d4.tex	Braum.wad/44fb3b4973d360d4.tex	21884	ecb0b6217daa22a3de11cbbe88c6dee01a994fb1852a9828cf5ec6fe6f054651	5445580080008000010c000147470000	44fb3b4973d360d4	assets/characters/braum/skins/skin02/particles/braum_skin02_i_clumps.tex	League texture	other skin/shared; see reference graph	d0b441e03335be65.bin
4552fe0e631c4c7f.tex	.tex	C:\Users\etqdo\Downloads\Clash Braum project\Braum.wad\4552fe0e631c4c7f.tex	Braum.wad/4552fe0e631c4c7f.tex	21884	d534b50f0312b7d672ab3fd06be6e6a1c4ae36dd66688fd4a92bf6211de8cd54	5445580080008000010c000135350000	4552fe0e631c4c7f	assets/characters/braum/skins/skin51/particles/braum_ball32_02.tex	League texture	other skin/shared; see reference graph	07f65b37fb75e834.bin;08e5b232f3994eee.bin;3079df1f381a87bc.bin;6c66319ffa4bb738.bin;6d6176ab099f3064.bin;70c57eae58af6c94.bin;7a1193b055eb059a.bin;7ca837cacce9639a.bin;b511ce2cc52d55a4.bin;d01bf01d5611bc53.bin;d56c87aaf7fac0ee.bin
459545630e6abb6d.tex	.tex	C:\Users\etqdo\Downloads\Clash Braum project\Braum.wad\459545630e6abb6d.tex	Braum.wad/459545630e6abb6d.tex	21884	d84d32d7dae9670c7020aaa52c101594a9cb5a0412662dbd6feeefa047592acc	5445580080008000010c00011e1e0000	459545630e6abb6d	assets/characters/braum/skins/base/particles/braum_base_p_cooldowntimer.tex	League texture	base or shared candidate	b8bd8d39ea1d1810.bin;f63b31a3da327a4f.bin
45e29ab8cb66f6bf.tex	.tex	C:\Users\etqdo\Downloads\Clash Braum project\Braum.wad\45e29ab8cb66f6bf.tex	Braum.wad/45e29ab8cb66f6bf.tex	21884	86d879874e299d3955ea4caeb41022e2a84f59696ce4d800787e5899f52dbb96	5445580080008000010c000139390000	45e29ab8cb66f6bf	assets/characters/braum/skins/base/particles/braum_base_ba_hit_distort_circle.tex	League texture	base or shared candidate	2dc39c165f3aa923.bin;f63b31a3da327a4f.bin
45efe87628d4bf51.tex	.tex	C:\Users\etqdo\Downloads\Clash Braum project\Braum.wad\45efe87628d4bf51.tex	Braum.wad/45efe87628d4bf51.tex	43716	6e49f663d5fc8e9ee964b7716923a66e936334ea1dca828c4cbeaea9f9dfd5b7	5445580000010001010a000121204200	45efe87628d4bf51	assets/characters/braum/skins/skin24/particles/spark_edit_1.tex	League texture	other skin/shared; see reference graph	02ab7e4623adf97e.bin;3f6a40609700ee85.bin;88b5dd6dc0e099bd.bin;8cf62c85e1e2e7f9.bin;992d3c62ff62964c.bin;a582cf4ad353f261.bin;b30d6dd1b38ee53c.bin;c5c66176cca69ad3.bin;caacae9cc35f0267.bin;d3dbd3f84a5b8600.bin
461cf0ddf294442f.tex	.tex	C:\Users\etqdo\Downloads\Clash Braum project\Braum.wad\461cf0ddf294442f.tex	Braum.wad/461cf0ddf294442f.tex	87420	b88b32764444c0be51d8754fbb168b5a95c72e476d3192962f27dce2ea47c3f0	5445580000010001010c000113130000	461cf0ddf294442f	assets/characters/braum/skins/skin01/particles/braum_skin01_e_shield_smoke.tex	League texture	other skin/shared; see reference graph	fca448d5ff3861b5.bin
461d0a901a3fc5bd.scb	.scb	C:\Users\etqdo\Downloads\Clash Braum project\Braum.wad\461d0a901a3fc5bd.scb	Braum.wad/461d0a901a3fc5bd.scb	2184	04792953808547bf84e60110b443a5914b12f451cc07ca98a823a981aa5d7158	723364324d6573680300020000000000	461d0a901a3fc5bd	assets/characters/braum/skins/skin51/particles/braum_skin51_cast_tendrils_z01.scb	Static mesh, commonly VFX geometry	other skin/shared; see reference graph	07f65b37fb75e834.bin;08e5b232f3994eee.bin;3079df1f381a87bc.bin;6c66319ffa4bb738.bin;6d6176ab099f3064.bin;70c57eae58af6c94.bin;7ca837cacce9639a.bin;b511ce2cc52d55a4.bin;d01bf01d5611bc53.bin;d56c87aaf7fac0ee.bin
462a034dae84a379.tex	.tex	C:\Users\etqdo\Downloads\Clash Braum project\Braum.wad\462a034dae84a379.tex	Braum.wad/462a034dae84a379.tex	87420	6513cc73cdb5737ffa49c18f5664fbd28d0c6707da551de9b91cf695b361b70f	5445580000010001010c00010c0c0000	462a034dae84a379	assets/characters/braum/skins/skin51/particles/seraphine_skin24_glassshapes01.tex	League texture	other skin/shared; see reference graph	7a1193b055eb059a.bin
463202d2f26bc8e2.tex	.tex	C:\Users\etqdo\Downloads\Clash Braum project\Braum.wad\463202d2f26bc8e2.tex	Braum.wad/463202d2f26bc8e2.tex	43716	681b51e5b11220bc53bb800757cbcbf5416198a1591d57acf19a2b8a2700e45c	5445580000010001010a0001494a8529	463202d2f26bc8e2	assets/characters/braum/skins/skin42/particles/braum_skin42_q_revive_erosion.tex	League texture	other skin/shared; see reference graph	ab5fbb4cdcdfb2ef.bin
463c11014e7156cb.tex	.tex	C:\Users\etqdo\Downloads\Clash Braum project\Braum.wad\463c11014e7156cb.tex	Braum.wad/463c11014e7156cb.tex	5500	0bf0e5dc7784bae37619591d8e1d34f308f05cf5fcbc7274ae5ca3a702db794c	5445580040004000010c0001eded0000	463c11014e7156cb	assets/characters/braum/skins/skin10/particles/braum_base_r_teamhardbell_rgba.tex	League texture	other skin/shared; see reference graph	b8bd8d39ea1d1810.bin
464b5c4a30af21b7.tex	.tex	C:\Users\etqdo\Downloads\Clash Braum project\Braum.wad\464b5c4a30af21b7.tex	Braum.wad/464b5c4a30af21b7.tex	21884	ace11abff4b1832f5704f833ef65eaaf46f85972c2ee1456257fe8418be39863	5445580080008000010c000108080000	464b5c4a30af21b7	assets/characters/braum/skins/skin33/particles/braum_skin33_r_waterbullet.tex	League texture	other skin/shared; see reference graph	25c2b1d3f80a7166.bin;399a7a520477b139.bin;3a207b8680fc4f78.bin;4af4d37cc3da7630.bin;775c4474dbe4b86c.bin;ac2d2bd054d44f09.bin;cf092c39484cec07.bin;f2aa871abddf9427.bin;f5df8e88540921e0.bin;ff9b3266cfca2ba6.bin
467a258b162390fc.tex	.tex	C:\Users\etqdo\Downloads\Clash Braum project\Braum.wad\467a258b162390fc.tex	Braum.wad/467a258b162390fc.tex	21884	e372725609481ca0348a15d6f8f326970de4b05773b0d9c00fb28641137df460	5445580080008000010c000135350000	467a258b162390fc	assets/characters/braum/skins/skin51/particles/braum_skin51_glow_01.tex	League texture	other skin/shared; see reference graph	07f65b37fb75e834.bin;08e5b232f3994eee.bin;3079df1f381a87bc.bin;6c66319ffa4bb738.bin;6d6176ab099f3064.bin;70c57eae58af6c94.bin;7a1193b055eb059a.bin;7ca837cacce9639a.bin;b511ce2cc52d55a4.bin;d01bf01d5611bc53.bin;d56c87aaf7fac0ee.bin
469b7ba3b10193ee.tex	.tex	C:\Users\etqdo\Downloads\Clash Braum project\Braum.wad\469b7ba3b10193ee.tex	Braum.wad/469b7ba3b10193ee.tex	349556	aa5d368225da098e62749d3fa027f897a564879939998242db5ef13594535f7f	5445580000040002010a00010649e729	469b7ba3b10193ee	assets/characters/braum/skins/skin03/braum_skin03_tx_cm.tex	League texture	other skin/shared; see reference graph	03e78a116663752e.bin
46c651b8314466a5.tex	.tex	C:\Users\etqdo\Downloads\Clash Braum project\Braum.wad\46c651b8314466a5.tex	Braum.wad/46c651b8314466a5.tex	349556	c58047212518d94968d74414492b3932733bf79f2306ac72c43c578e068b84ec	5445580000040002010a00018739a328	46c651b8314466a5	assets/characters/braum/skins/skin20/braum_skin20_tx_cm.tex	League texture	other skin/shared; see reference graph	3e345a7cf645a903.bin
475d346c6b721c19.tex	.tex	C:\Users\etqdo\Downloads\Clash Braum project\Braum.wad\475d346c6b721c19.tex	Braum.wad/475d346c6b721c19.tex	87420	bd9e150ecf7fc98a99c1a7b9a30ea949475c2a8a0f9b8d30903eb7dcb98f3d29	5445580000010001010c000116160000	475d346c6b721c19	assets/characters/braum/skins/skin42/particles/braum_skin42_p_bone04.tex	League texture	other skin/shared; see reference graph	ab5fbb4cdcdfb2ef.bin
47a4e5706c56fe15.tex	.tex	C:\Users\etqdo\Downloads\Clash Braum project\Braum.wad\47a4e5706c56fe15.tex	Braum.wad/47a4e5706c56fe15.tex	43740	ba1ae3ddc9b5fd78f0df6b8c840a05078fdceca12f6d6ccc2ee07170ab1e3202	5445580000018000010c0001ffff0000	47a4e5706c56fe15	assets/characters/braum/skins/skin02/particles/braum_skin02_ba_flash_tar.tex	League texture	other skin/shared; see reference graph	d0b441e03335be65.bin
47ea695c34c4445d.skn	.skn	C:\Users\etqdo\Downloads\Clash Braum project\Braum.wad\47ea695c34c4445d.skn	Braum.wad/47ea695c34c4445d.skn	6860	74f3e454fd70665ef7f30715384e8829705f3642c522f087f5c2b671a0ebb0b0	3322110004000100010000006c616d62	47ea695c34c4445d	assets/characters/braum/skins/skin33/particles/r_fish_03.skn	Skinned mesh with submeshes and vertex weights	other skin/shared; see reference graph	25c2b1d3f80a7166.bin;399a7a520477b139.bin;3a207b8680fc4f78.bin;4af4d37cc3da7630.bin;775c4474dbe4b86c.bin;cf092c39484cec07.bin;f2aa871abddf9427.bin;f5df8e88540921e0.bin;ff9b3266cfca2ba6.bin
47f822652c3d3374.tex	.tex	C:\Users\etqdo\Downloads\Clash Braum project\Braum.wad\47f822652c3d3374.tex	Braum.wad/47f822652c3d3374.tex	87420	1d65157c0735f2f67ee92fde41d9bacad23355ce2a6683601486bb8cbd3672fd	5445580000010001010c0001caca0000	47f822652c3d3374	assets/characters/braum/skins/base/braum_base_poro_tx_cm.tex	League texture	base or shared candidate	eb9d53354a504663.bin
4800ed5f2f6dfcf7.tex	.tex	C:\Users\etqdo\Downloads\Clash Braum project\Braum.wad\4800ed5f2f6dfcf7.tex	Braum.wad/4800ed5f2f6dfcf7.tex	21876	deb32bd3ddad217bfe80e8afb4d3b3810608e9b03559a8f7e4bdf1f38bd98b4c	5445580000018000010a0001a410a008	4800ed5f2f6dfcf7	assets/characters/braum/skins/skin10/particles/braum_base_ba_flash_tar.tex	League texture	other skin/shared; see reference graph	2974de4048ee048b.bin;2dc39c165f3aa923.bin
4802036804e3035f.scb	.scb	C:\Users\etqdo\Downloads\Clash Braum project\Braum.wad\4802036804e3035f.scb	Braum.wad/4802036804e3035f.scb	6472	d50cf7b1c19c602dfd0674f63f23e2c2da06ed54c9b1675af8535e18820156c6	723364324d6573680300020000000000	4802036804e3035f	assets/characters/braum/skins/skin33/particles/braum_skin33_e_palmtree_leafs.scb	Static mesh, commonly VFX geometry	other skin/shared; see reference graph	25c2b1d3f80a7166.bin;399a7a520477b139.bin;3a207b8680fc4f78.bin;4af4d37cc3da7630.bin;775c4474dbe4b86c.bin;cf092c39484cec07.bin;f2aa871abddf9427.bin;f5df8e88540921e0.bin;ff9b3266cfca2ba6.bin
48163c79bdbd9e46.tex	.tex	C:\Users\etqdo\Downloads\Clash Braum project\Braum.wad\48163c79bdbd9e46.tex	Braum.wad/48163c79bdbd9e46.tex	87420	3ba2bcc99bbe4867d411c536946faf532c50ba7feac2330e87abfcf8974f504e	5445580000010001010c000163630000	48163c79bdbd9e46	assets/characters/braum/skins/base/particles/braum_base_r_ground_crack_02.tex	League texture	base or shared candidate	2dc39c165f3aa923.bin
4828505b5c6cc7d9.tex	.tex	C:\Users\etqdo\Downloads\Clash Braum project\Braum.wad\4828505b5c6cc7d9.tex	Braum.wad/4828505b5c6cc7d9.tex	21884	41241eafa700d7aa8a280bc7d943c090005324d146d33777a5b8b4bda3ab977b	5445580080008000010c000139390000	4828505b5c6cc7d9	assets/characters/braum/skins/base/particles/common_aura_self.tex	League texture	base or shared candidate	2974de4048ee048b.bin;2ac87759d2643dea.bin;2dc39c165f3aa923.bin;d0b441e03335be65.bin;f2ef4463d62600e6.bin;f63b31a3da327a4f.bin;fca448d5ff3861b5.bin
48408d88f9dae89b.tex	.tex	C:\Users\etqdo\Downloads\Clash Braum project\Braum.wad\48408d88f9dae89b.tex	Braum.wad/48408d88f9dae89b.tex	21884	b9a388cde0688e413bab13a0a4fb1319de0de08fc57936187e9ddb4f3188fd94	5445580080008000010c00013c3c0000	48408d88f9dae89b	assets/characters/braum/skins/skin42/particles/braum_skin42_soft_glow.tex	League texture	other skin/shared; see reference graph	ab5fbb4cdcdfb2ef.bin
486c20ede7f05d07.tex	.tex	C:\Users\etqdo\Downloads\Clash Braum project\Braum.wad\486c20ede7f05d07.tex	Braum.wad/486c20ede7f05d07.tex	699076	e4b476b1476c02e2db61c44010701746f7bf3b595dadd247bcd3024aa544761c	5445580000040004010a0001246a4259	486c20ede7f05d07	assets/characters/braum/skins/skin10/braum_skin10_sleigh_tx_cm.tex	League texture	other skin/shared; see reference graph	f63b31a3da327a4f.bin
486dab292e0701f0.tex	.tex	C:\Users\etqdo\Downloads\Clash Braum project\Braum.wad\486dab292e0701f0.tex	Braum.wad/486dab292e0701f0.tex	349556	b1cceed7e868a44355a18f9709c9c1496b326f603e56d44dc111c9162776619e	5445580000040002010a0001727b6e5b	486dab292e0701f0	assets/characters/braum/skins/skin32/braum_skin32_tx_cm.tex	League texture	other skin/shared; see reference graph	8cf62c85e1e2e7f9.bin
48945882dd92deb6.tex	.tex	C:\Users\etqdo\Downloads\Clash Braum project\Braum.wad\48945882dd92deb6.tex	Braum.wad/48945882dd92deb6.tex	10964	e9418da0c69407ec9d346773bb069447b05abbe0d2bc6fea5650250618e5cab3	5445580000014000010a0001cf93cb83	48945882dd92deb6	assets/characters/braum/skins/skin24/particles/braum_skin24_gradient_rgb.tex	League texture	other skin/shared; see reference graph	02ab7e4623adf97e.bin
48f77d5899fbd0e4.tex	.tex	C:\Users\etqdo\Downloads\Clash Braum project\Braum.wad\48f77d5899fbd0e4.tex	Braum.wad/48f77d5899fbd0e4.tex	5500	823941857a0837ae65a721b879433c98741e9a94f1571db4968fe8c33da3f35c	5445580040004000010c00014e4e0000	48f77d5899fbd0e4	assets/characters/braum/skins/skin42/particles/braum_skin42_distort_rgba.tex	League texture	other skin/shared; see reference graph	ab5fbb4cdcdfb2ef.bin
4917bdb63bec1ff9.tex	.tex	C:\Users\etqdo\Downloads\Clash Braum project\Braum.wad\4917bdb63bec1ff9.tex	Braum.wad/4917bdb63bec1ff9.tex	43740	33cd6d16b7995918acd7764223ee986baff43a637e9df009ecef952a8bf339bc	5445580000018000010c000158580000	4917bdb63bec1ff9	assets/characters/braum/skins/skin42/particles/braum_skin42_ba_trail_03.tex	League texture	other skin/shared; see reference graph	ab5fbb4cdcdfb2ef.bin
4927eedb0664bf24.tex	.tex	C:\Users\etqdo\Downloads\Clash Braum project\Braum.wad\4927eedb0664bf24.tex	Braum.wad/4927eedb0664bf24.tex	349564	613bc09de74e5c36dca8f792fcfdf691f9905fb1d797f29abe6c876596801d71	5445580000020002010c000154540000	4927eedb0664bf24	assets/characters/braum/skins/skin54/particles/braum_skin54_braum_skin54_shield_05.tex	League texture	other skin/shared; see reference graph	07f65b37fb75e834.bin
49322d0a3be65aa3.tex	.tex	C:\Users\etqdo\Downloads\Clash Braum project\Braum.wad\49322d0a3be65aa3.tex	Braum.wad/49322d0a3be65aa3.tex	21884	d86354ac7e2006c91333a72c933188534c21f1da85717500b8142c67bb7b156a	5445580080008000010c000128280000	49322d0a3be65aa3	assets/characters/braum/skins/skin33/particles/braum_skin33_q_rgb_2.tex	League texture	other skin/shared; see reference graph	25c2b1d3f80a7166.bin;399a7a520477b139.bin;3a207b8680fc4f78.bin;4af4d37cc3da7630.bin;775c4474dbe4b86c.bin;cf092c39484cec07.bin;f2aa871abddf9427.bin;f5df8e88540921e0.bin;ff9b3266cfca2ba6.bin
493b41043fc56dfa.tex	.tex	C:\Users\etqdo\Downloads\Clash Braum project\Braum.wad\493b41043fc56dfa.tex	Braum.wad/493b41043fc56dfa.tex	43740	e0a8f3f11f07a30694090c0b627be6fb01891f3b7f1a999d296599d77ad912d5	5445580000018000010c0001ffff0000	493b41043fc56dfa	assets/characters/braum/skins/skin29/particles/braum_skin29_e_shield_override_01.tex	League texture	other skin/shared; see reference graph	caacae9cc35f0267.bin
49453d0c05af9ba4.tex	.tex	C:\Users\etqdo\Downloads\Clash Braum project\Braum.wad\49453d0c05af9ba4.tex	Braum.wad/49453d0c05af9ba4.tex	87420	74c8d42a8387a685c845d30104ce05788eafb9266823843de63670b1f0fe13de	5445580000010001010c000176760000	49453d0c05af9ba4	assets/characters/braum/skins/skin42/particles/braum_skin42_e_block_mult01.tex	League texture	other skin/shared; see reference graph	ab5fbb4cdcdfb2ef.bin
49db5a4c59445504.tex	.tex	C:\Users\etqdo\Downloads\Clash Braum project\Braum.wad\49db5a4c59445504.tex	Braum.wad/49db5a4c59445504.tex	349564	613bc09de74e5c36dca8f792fcfdf691f9905fb1d797f29abe6c876596801d71	5445580000020002010c000154540000	49db5a4c59445504	assets/characters/braum/skins/skin53/particles/braum_skin53_braum_skin53_shield_05.tex	League texture	other skin/shared; see reference graph	7ca837cacce9639a.bin
4a0ccc3c4d94cd5d.tex	.tex	C:\Users\etqdo\Downloads\Clash Braum project\Braum.wad\4a0ccc3c4d94cd5d.tex	Braum.wad/4a0ccc3c4d94cd5d.tex	87420	f8b7677d0d4b2b2b97d4a651d8a40da123434b20e0dd5215d3598395f851b060	5445580000010001010c00018f8f0000	4a0ccc3c4d94cd5d	assets/characters/braum/skins/skin42/particles/braum_skin42_perks_tunnelsion_erosion.tex	League texture	other skin/shared; see reference graph	ab5fbb4cdcdfb2ef.bin
4a1faad2104e01c6.tex	.tex	C:\Users\etqdo\Downloads\Clash Braum project\Braum.wad\4a1faad2104e01c6.tex	Braum.wad/4a1faad2104e01c6.tex	21876	48307dfe5ef214c0cb97690ae1d00a968f58bbad1f30aba77cbc6a4099c7d01e	5445580000018000010a0001e028e040	4a1faad2104e01c6	assets/characters/braum/skins/skin01/particles/braum_skin01_i_shield_trail.tex	League texture	other skin/shared; see reference graph	fca448d5ff3861b5.bin
4a2819104ffbe119.tex	.tex	C:\Users\etqdo\Downloads\Clash Braum project\Braum.wad\4a2819104ffbe119.tex	Braum.wad/4a2819104ffbe119.tex	5500	de1637ce0db20e2b66760feff39082874f32c69068baae626efb333aa8c8137c	5445580040004000010c0001ffff0000	4a2819104ffbe119	assets/characters/braum/skins/skin51/particles/braum_skin51_rainbow.tex	League texture	other skin/shared; see reference graph	7a1193b055eb059a.bin
4a4fa4c362985f27.tex	.tex	C:\Users\etqdo\Downloads\Clash Braum project\Braum.wad\4a4fa4c362985f27.tex	Braum.wad/4a4fa4c362985f27.tex	43716	68527569e61716ee93532d18c9347bb5aeae9e1e259ba7ddef54bd2b6edb3425	5445580000010001010a0001273a2a52	4a4fa4c362985f27	assets/characters/braum/skins/skin51/particles/braum_skin51_z_ring_00_erosion.tex	League texture	other skin/shared; see reference graph	7a1193b055eb059a.bin
4a9318de6e4dffbb.tex	.tex	C:\Users\etqdo\Downloads\Clash Braum project\Braum.wad\4a9318de6e4dffbb.tex	Braum.wad/4a9318de6e4dffbb.tex	87420	bdcd22aa4078d220c7c0dd0ebae14bfb9a5d159abd6e23fb39b5005d728b2ca5	5445580000010001010c00017a7a0000	4a9318de6e4dffbb	assets/characters/braum/skins/base/particles/braum_base_i_crack_noise_mult.tex	League texture	base or shared candidate	2974de4048ee048b.bin;2ac87759d2643dea.bin;2dc39c165f3aa923.bin;d0b441e03335be65.bin;f2ef4463d62600e6.bin;fca448d5ff3861b5.bin
4a95b0132b6db552.tex	.tex	C:\Users\etqdo\Downloads\Clash Braum project\Braum.wad\4a95b0132b6db552.tex	Braum.wad/4a95b0132b6db552.tex	699076	b0702b8f10213a8251ce9070e008163b8cdfd609512dcc7ab9d7c1668b2428ef	5445580000040004010a00010962e941	4a95b0132b6db552	assets/characters/braum/skins/skin40/braum_skin40_shield_tx_cm.tex	League texture	other skin/shared; see reference graph	775c4474dbe4b86c.bin
4a992c4379fe90ce.skn	.skn	C:\Users\etqdo\Downloads\Clash Braum project\Braum.wad\4a992c4379fe90ce.skn	Braum.wad/4a992c4379fe90ce.skn	1015828	d57d7fe07f264e35f77efbdcdf66ae284f94998ec00e4c8aa5a161c8c805d0c4	33221100040001000200000042726175	4a992c4379fe90ce	assets/characters/braum/skins/skin11/braum_skin11.skn	Skinned mesh with submeshes and vertex weights	other skin/shared; see reference graph	36b00af025f54940.bin;42ee6bdbfc9d170b.bin;4fe453abcf9c5181.bin;a44281cd843a8348.bin;bb8b47c7d87589f7.bin;d8a52eb470baa538.bin;ed7ecf9170cfaaf8.bin
4a9a5b49ad97e793.tex	.tex	C:\Users\etqdo\Downloads\Clash Braum project\Braum.wad\4a9a5b49ad97e793.tex	Braum.wad/4a9a5b49ad97e793.tex	5500	6251a66108ce6a5ef1c816d2e4632898bf7f28cb24dd8949a89a4ff48d9d3430	5445580040004000010c0001afaf0000	4a9a5b49ad97e793	assets/characters/braum/skins/skin24/particles/common_color-rampdown32.tex	League texture	other skin/shared; see reference graph	02ab7e4623adf97e.bin
4abdc3d3b9c9d70e.scb	.scb	C:\Users\etqdo\Downloads\Clash Braum project\Braum.wad\4abdc3d3b9c9d70e.scb	Braum.wad/4abdc3d3b9c9d70e.scb	8952	cf7a08462398f9001b1f48ad2b86d8c12f8f9c33c8106a4f91a39ede12de8968	723364324d6573680300020000000000	4abdc3d3b9c9d70e	assets/characters/braum/skins/skin24/particles/braum_skin24_p_cooldowntimer.scb	Static mesh, commonly VFX geometry	other skin/shared; see reference graph	02ab7e4623adf97e.bin
4ae13ea215d79ccf.scb	.scb	C:\Users\etqdo\Downloads\Clash Braum project\Braum.wad\4ae13ea215d79ccf.scb	Braum.wad/4ae13ea215d79ccf.scb	69952	acab49eefd93dbccdcf466f00c014969f36b2270766fe9fd6355f6fe3389450e	723364324d6573680300020000000000	4ae13ea215d79ccf	assets/characters/braum/skins/skin33/particles/braum_skin33_w_aoe_waves.scb	Static mesh, commonly VFX geometry	other skin/shared; see reference graph	ac2d2bd054d44f09.bin
4af0a5ca264b2fe4.tex	.tex	C:\Users\etqdo\Downloads\Clash Braum project\Braum.wad\4af0a5ca264b2fe4.tex	Braum.wad/4af0a5ca264b2fe4.tex	21884	b8d690e36bf56f1dc37e871c8cc15183df3e25836b0e7f91ffc2953b2b8c185f	5445580080008000010c000110100000	4af0a5ca264b2fe4	assets/characters/braum/skins/skin42/particles/braum_skin42_bigq_rocks.tex	League texture	other skin/shared; see reference graph	ab5fbb4cdcdfb2ef.bin
4af4d37cc3da7630.bin	.bin	C:\Users\etqdo\Downloads\Clash Braum project\Braum.wad\4af4d37cc3da7630.bin	Braum.wad/4af4d37cc3da7630.bin	188374	c2cd214465a365571159a9f6dad8bc6f290c5e95c0a6326c4c226ccdcacc9a6e	50524f50030000000800000031024441	4af4d37cc3da7630	data/characters/braum/skins/skin37.bin	Property configuration and asset links	other skin/shared; see reference graph	
4b175c304b45537f.tex	.tex	C:\Users\etqdo\Downloads\Clash Braum project\Braum.wad\4b175c304b45537f.tex	Braum.wad/4b175c304b45537f.tex	87420	c17b420040ae806023cf30f156d6d8a9ea9dd06bafba29a2178a09373631b5a6	5445580000010001010c00011d1d0000	4b175c304b45537f	assets/characters/braum/skins/skin10/particles/braum_base_ba_crit_spark_tar.tex	League texture	other skin/shared; see reference graph	f63b31a3da327a4f.bin
4b40c1abc86a3145.tex	.tex	C:\Users\etqdo\Downloads\Clash Braum project\Braum.wad\4b40c1abc86a3145.tex	Braum.wad/4b40c1abc86a3145.tex	36	2045ec159a292a51b46725ab2135ff9e76521870e97a54e22c62c36137f8a6aa	5445580004000400010a000100000100	4b40c1abc86a3145	assets/characters/braum/skins/skin33/particles/common_black.tex	League texture	other skin/shared; see reference graph	ac2d2bd054d44f09.bin
4b4f3ddefeb7c388.tex	.tex	C:\Users\etqdo\Downloads\Clash Braum project\Braum.wad\4b4f3ddefeb7c388.tex	Braum.wad/4b4f3ddefeb7c388.tex	87420	557afb03ad13b761d11c53bfc043071c57cc5144fe038acb68faf26a74eb4cc9	5445580000010001010c00019a9a0000	4b4f3ddefeb7c388	assets/characters/braum/skins/skin51/particles/braum_skin51_r_donut_normal.tex	League texture	other skin/shared; see reference graph	07f65b37fb75e834.bin;08e5b232f3994eee.bin;3079df1f381a87bc.bin;6c66319ffa4bb738.bin;6d6176ab099f3064.bin;70c57eae58af6c94.bin;7a1193b055eb059a.bin;7ca837cacce9639a.bin;b511ce2cc52d55a4.bin;d01bf01d5611bc53.bin;d56c87aaf7fac0ee.bin
4b6dac3a1453d779.tex	.tex	C:\Users\etqdo\Downloads\Clash Braum project\Braum.wad\4b6dac3a1453d779.tex	Braum.wad/4b6dac3a1453d779.tex	87420	0f2bcb76aa857ec429c8d45f58d196594b98aaa78ba73104bc201d7819493d14	5445580000010001010c0001ffff0000	4b6dac3a1453d779	assets/characters/braum/skins/skin51/particles/braum_skin51_shield_bird_mask.tex	League texture	other skin/shared; see reference graph	07f65b37fb75e834.bin;08e5b232f3994eee.bin;3079df1f381a87bc.bin;6c66319ffa4bb738.bin;6d6176ab099f3064.bin;70c57eae58af6c94.bin;7ca837cacce9639a.bin;b511ce2cc52d55a4.bin;d01bf01d5611bc53.bin;d56c87aaf7fac0ee.bin
4b8cf46e9a27ff51.bin	.bin	C:\Users\etqdo\Downloads\Clash Braum project\Braum.wad\4b8cf46e9a27ff51.bin	Braum.wad/4b8cf46e9a27ff51.bin	25259	6c2c772297a7590bf3aaac0ec78510fa991345c7616840eebb04f98e2d1a05b5	50524f5003000000090000003f034441	4b8cf46e9a27ff51	data/characters/braum/skins/skin9.bin	Property configuration and asset links	other skin/shared; see reference graph	
4c10790220438a43.tex	.tex	C:\Users\etqdo\Downloads\Clash Braum project\Braum.wad\4c10790220438a43.tex	Braum.wad/4c10790220438a43.tex	43716	79cad9c46d7eeb6d157401e02c46106efad204c87002c6f51ccb446a97b77377	5445580000010001010a000162082008	4c10790220438a43	assets/characters/braum/skins/skin51/particles/braum_skin51_rainbowray.tex	League texture	other skin/shared; see reference graph	07f65b37fb75e834.bin;08e5b232f3994eee.bin;3079df1f381a87bc.bin;6c66319ffa4bb738.bin;6d6176ab099f3064.bin;70c57eae58af6c94.bin;7a1193b055eb059a.bin;7ca837cacce9639a.bin;b511ce2cc52d55a4.bin;d01bf01d5611bc53.bin;d56c87aaf7fac0ee.bin
4c2e9c0fbd89174f.scb	.scb	C:\Users\etqdo\Downloads\Clash Braum project\Braum.wad\4c2e9c0fbd89174f.scb	Braum.wad/4c2e9c0fbd89174f.scb	2832	7fa88bd7898b5fd71c77018eb7d8c40a3df5c4ac736f554779ec4a1d5697eaf6	723364324d65736803000200633a5c6c	4c2e9c0fbd89174f	assets/characters/braum/skins/skin11/particles/braum_skin11_recall_muzzle.scb	Static mesh, commonly VFX geometry	other skin/shared; see reference graph	2974de4048ee048b.bin
4d3bbf3bd28ea663.tex	.tex	C:\Users\etqdo\Downloads\Clash Braum project\Braum.wad\4d3bbf3bd28ea663.tex	Braum.wad/4d3bbf3bd28ea663.tex	174788	d0a2762165dd64d644a0230197652e7f6aa6e1e9787260211b6cd4375f99bc1a	5445580000020002010a00010e8b0a7b	4d3bbf3bd28ea663	assets/characters/braum/skins/skin34/braum_skin34_poro_tx_cm.tex	League texture	other skin/shared; see reference graph	ff9b3266cfca2ba6.bin
4d95ad41ccb3766e.tex	.tex	C:\Users\etqdo\Downloads\Clash Braum project\Braum.wad\4d95ad41ccb3766e.tex	Braum.wad/4d95ad41ccb3766e.tex	10948	66363fc7ec2b4d4b6a7be8f43ffcd0597eed9a3c2b5371e38805723e9cb6c073	5445580080008000010a0001f06bf084	4d95ad41ccb3766e	assets/characters/braum/skins/skin51/particles/braum_skin51_diamondtexture_3.tex	League texture	other skin/shared; see reference graph	07f65b37fb75e834.bin;08e5b232f3994eee.bin;3079df1f381a87bc.bin;6c66319ffa4bb738.bin;6d6176ab099f3064.bin;70c57eae58af6c94.bin;7ca837cacce9639a.bin;b511ce2cc52d55a4.bin;d01bf01d5611bc53.bin;d56c87aaf7fac0ee.bin
4d9c0b6bcccab11c.tex	.tex	C:\Users\etqdo\Downloads\Clash Braum project\Braum.wad\4d9c0b6bcccab11c.tex	Braum.wad/4d9c0b6bcccab11c.tex	87420	3e50ac730cc6b2e6a080fc63a82279a5b5fb091ee67a5df4ea604bef0d535169	5445580000010001010c000110100000	4d9c0b6bcccab11c	assets/characters/braum/skins/skin51/particles/braum_skin51_decal_13.tex	League texture	other skin/shared; see reference graph	7a1193b055eb059a.bin
4da97c22fc77e083.tex	.tex	C:\Users\etqdo\Downloads\Clash Braum project\Braum.wad\4da97c22fc77e083.tex	Braum.wad/4da97c22fc77e083.tex	87420	5a776dff1d0dfc2896b7bba531cb3e60f869b7cc5e1976e8203d169846ce739c	5445580000010001010c000102020000	4da97c22fc77e083	assets/characters/braum/skins/skin56/particles/braum_skin56_shield_tx_02.tex	League texture	other skin/shared; see reference graph	d56c87aaf7fac0ee.bin
4db2b5d41f743e7d.scb	.scb	C:\Users\etqdo\Downloads\Clash Braum project\Braum.wad\4db2b5d41f743e7d.scb	Braum.wad/4db2b5d41f743e7d.scb	103512	aa527cf1bc4cb3e7fef2e9b5edbeb22b0016f654f28783d663609fe022bf222b	723364324d6573680300020000000000	4db2b5d41f743e7d	assets/characters/braum/skins/skin33/particles/p_cream_plash.scb	Static mesh, commonly VFX geometry	other skin/shared; see reference graph	ac2d2bd054d44f09.bin
4de67c930842ae74.tex	.tex	C:\Users\etqdo\Downloads\Clash Braum project\Braum.wad\4de67c930842ae74.tex	Braum.wad/4de67c930842ae74.tex	43716	bc1072c765615cf42f7037cdf1bceac99aaada10d9eaed46488c49b7594d74ec	5445580000010001010a0001c318c218	4de67c930842ae74	assets/characters/braum/skins/skin51/particles/braum_skin51_66.tex	League texture	other skin/shared; see reference graph	7a1193b055eb059a.bin
4e0e0bb8edc987d7.tex	.tex	C:\Users\etqdo\Downloads\Clash Braum project\Braum.wad\4e0e0bb8edc987d7.tex	Braum.wad/4e0e0bb8edc987d7.tex	87420	55ea829bd310ad5845e3189d5e8adb34c7e128fbc5988a7ab6318e0e87746d11	5445580000010001010c000167670000	4e0e0bb8edc987d7	assets/characters/braum/skins/skin42/particles/braum_skin42_q_groundliquid01.tex	League texture	other skin/shared; see reference graph	ab5fbb4cdcdfb2ef.bin
4e2315aff549393a.anm	.anm	C:\Users\etqdo\Downloads\Clash Braum project\Braum.wad\4e2315aff549393a.anm	Braum.wad/4e2315aff549393a.anm	35570	ceef5ccdbaaa2ede67b74899abaebef63326232ef47f839ea23c0de8c3fa5e80	72336432616e6d6405000000e68a0000	4e2315aff549393a	assets/characters/braum/skins/base/animations/braum_spell4.anm	Animation tracks	base or shared candidate	0b01eaec2c944f55.bin;57bea13d59e2af1a.bin;5e21202a9a0cef1a.bin;6c0cf3da2d377385.bin;72028fe917890575.bin;aa0aa8a7dd53a131.bin;d0fe19959c26552d.bin;de78a7f6bf5c9803.bin
4e3155fa912369ac.tex	.tex	C:\Users\etqdo\Downloads\Clash Braum project\Braum.wad\4e3155fa912369ac.tex	Braum.wad/4e3155fa912369ac.tex	87420	05c59da1acc47354b3058dd3145f59f8750d04274a0e88476957320ba6a061c7	5445580000010001010c00017f7f0000	4e3155fa912369ac	assets/characters/braum/skins/skin42/particles/braum_skin42_026r_aoe_decal_side.tex	League texture	other skin/shared; see reference graph	ab5fbb4cdcdfb2ef.bin
4e39c2b7f8fb2101.skn	.skn	C:\Users\etqdo\Downloads\Clash Braum project\Braum.wad\4e39c2b7f8fb2101.skn	Braum.wad/4e39c2b7f8fb2101.skn	6016	00e4560dada41c43337d9ec614daf15e277264fc9b6b7e6215f69847fea4a3c8	3322110002000100010000006c616d62	4e39c2b7f8fb2101	assets/characters/braum/skins/base/particles/braum_base_r_ice_shard.skn	Skinned mesh with submeshes and vertex weights	base or shared candidate	2dc39c165f3aa923.bin
4e47b8346d6b2eba.tex	.tex	C:\Users\etqdo\Downloads\Clash Braum project\Braum.wad\4e47b8346d6b2eba.tex	Braum.wad/4e47b8346d6b2eba.tex	21884	0cefffe7b42a2cd5d39245ae3340c36dbe94a279072031c2c0fe9ddd81284b2d	5445580080008000010c00016d6d0000	4e47b8346d6b2eba	assets/characters/braum/skins/skin40/particles/braum_skin40_hat.tex	League texture	other skin/shared; see reference graph	775c4474dbe4b86c.bin
4e8263c38538fbb4.tex	.tex	C:\Users\etqdo\Downloads\Clash Braum project\Braum.wad\4e8263c38538fbb4.tex	Braum.wad/4e8263c38538fbb4.tex	5500	7a3cbfe13914e325aa742d869f2dc71b0484422f27b0c7f9b361b42b91d04d39	5445580040004000010c000189890000	4e8263c38538fbb4	assets/characters/braum/skins/skin51/particles/braum_skin51_w_ground_deca_ringl_rgba.tex	League texture	other skin/shared; see reference graph	7a1193b055eb059a.bin
4e88952b8d532499.tex	.tex	C:\Users\etqdo\Downloads\Clash Braum project\Braum.wad\4e88952b8d532499.tex	Braum.wad/4e88952b8d532499.tex	21884	f182afbed0ea875d3e2b50dd3e51c6dfc4372c602f3006048977375c2e161016	5445580080008000010c0001d6d60000	4e88952b8d532499	assets/characters/braum/skins/skin10/particles/env_mb_brazierfire_mult.tex	League texture	other skin/shared; see reference graph	f63b31a3da327a4f.bin
4e9a99bc20c4b563.tex	.tex	C:\Users\etqdo\Downloads\Clash Braum project\Braum.wad\4e9a99bc20c4b563.tex	Braum.wad/4e9a99bc20c4b563.tex	87420	a15bb71a37ce412d820702b1ecaaa939d2c01c1a3b032219175bdca7980313cd	5445580000010001010c000133330000	4e9a99bc20c4b563	assets/characters/braum/skins/skin24/particles/braum_skin24_q_shield_glow.tex	League texture	other skin/shared; see reference graph	3f6a40609700ee85.bin;88b5dd6dc0e099bd.bin;8cf62c85e1e2e7f9.bin;992d3c62ff62964c.bin;a582cf4ad353f261.bin;b30d6dd1b38ee53c.bin;c5c66176cca69ad3.bin;caacae9cc35f0267.bin;d3dbd3f84a5b8600.bin
4f1855c09464e84a.tex	.tex	C:\Users\etqdo\Downloads\Clash Braum project\Braum.wad\4f1855c09464e84a.tex	Braum.wad/4f1855c09464e84a.tex	87420	77544afc6280ec9472bf79a6d8eef9a5e331a9fbf00e83d491813a686b13a8cb	5445580000010001010c000123230000	4f1855c09464e84a	assets/characters/braum/skins/skin02/particles/braum_skin02_p_ice_shards.tex	League texture	other skin/shared; see reference graph	d0b441e03335be65.bin
4f37f1cfd731a1d2.scb	.scb	C:\Users\etqdo\Downloads\Clash Braum project\Braum.wad\4f37f1cfd731a1d2.scb	Braum.wad/4f37f1cfd731a1d2.scb	77204	ce711a598a3a788b8535c60c6c6f943cf3c512919ce6c956c7771e75f910b0ec	723364324d6573680300020000000000	4f37f1cfd731a1d2	assets/characters/braum/skins/skin51/particles/braum_skin51_cylinder_02.scb	Static mesh, commonly VFX geometry	other skin/shared; see reference graph	07f65b37fb75e834.bin;08e5b232f3994eee.bin;3079df1f381a87bc.bin;6c66319ffa4bb738.bin;6d6176ab099f3064.bin;70c57eae58af6c94.bin;7ca837cacce9639a.bin;b511ce2cc52d55a4.bin;d01bf01d5611bc53.bin;d56c87aaf7fac0ee.bin
4fb4f55f9c35d9c8.tex	.tex	C:\Users\etqdo\Downloads\Clash Braum project\Braum.wad\4fb4f55f9c35d9c8.tex	Braum.wad/4fb4f55f9c35d9c8.tex	87420	777bcb8c06c73f3ce13e26e296503086fe51040720fc9a35aab8e1ec0d976e5c	5445580000010001010c000159590000	4fb4f55f9c35d9c8	assets/characters/braum/skins/skin10/particles/braum_skin10_r_aoe_ringbig.tex	League texture	other skin/shared; see reference graph	f63b31a3da327a4f.bin
4fe453abcf9c5181.bin	.bin	C:\Users\etqdo\Downloads\Clash Braum project\Braum.wad\4fe453abcf9c5181.bin	Braum.wad/4fe453abcf9c5181.bin	80656	69fe2a8d7d1f6b9675d05f5f66d33784c55d5097452ff5713139dbf879b6f6ce	50524f50030000000c0000003f034441	4fe453abcf9c5181	data/characters/braum/skins/skin14.bin	Property configuration and asset links	other skin/shared; see reference graph	
4fed391540044397.bin	.bin	C:\Users\etqdo\Downloads\Clash Braum project\Braum.wad\4fed391540044397.bin	Braum.wad/4fed391540044397.bin	25259	e5dc5860ef45b62e5ba641a6b3c0124da5d4aaeb95e3fd55b348fe57dcba8e91	50524f5003000000090000003f034441	4fed391540044397	data/characters/braum/skins/skin8.bin	Property configuration and asset links	other skin/shared; see reference graph	
504e4324df2cde61.tex	.tex	C:\Users\etqdo\Downloads\Clash Braum project\Braum.wad\504e4324df2cde61.tex	Braum.wad/504e4324df2cde61.tex	349556	1893335fbb12907b8c9e9248a4da2b1ce9b4ef2c3167385e869a6216534f00af	5445580000040002010a0001c651c231	504e4324df2cde61	assets/characters/braum/skins/skin08/particles/braum_skin08_e_shield_override.tex	League texture	other skin/shared; see reference graph	4fed391540044397.bin
5076c9f7c5f2f4ed.tex	.tex	C:\Users\etqdo\Downloads\Clash Braum project\Braum.wad\5076c9f7c5f2f4ed.tex	Braum.wad/5076c9f7c5f2f4ed.tex	174788	9664d33331a9a2d466ccc15e48c7e12c51309c3819af4a59b4551fa8da2b44ce	5445580000020002010a0001c792e671	5076c9f7c5f2f4ed	assets/characters/braum/skins/skin27/particles/braum_skin27_r_cake_shard.tex	League texture	other skin/shared; see reference graph	992d3c62ff62964c.bin
50c18c70cfcd2274.tex	.tex	C:\Users\etqdo\Downloads\Clash Braum project\Braum.wad\50c18c70cfcd2274.tex	Braum.wad/50c18c70cfcd2274.tex	21884	b03f193fcd13473d50bc613f4f2d9fc107b71d0dea6ea713b375b4f0342bfc1f	5445580080008000010c0001e8e80000	50c18c70cfcd2274	assets/characters/braum/skins/skin38/particles/braum_skin38_e_shield_mult_texture_2.tex	League texture	other skin/shared; see reference graph	f2aa871abddf9427.bin
50c2f81eb074d359.tex	.tex	C:\Users\etqdo\Downloads\Clash Braum project\Braum.wad\50c2f81eb074d359.tex	Braum.wad/50c2f81eb074d359.tex	43716	3dda0e8e221df688e07cfa053a11d72dede3a4bf2eb3a841cf2f03f1e7d2394f	5445580000010001010a000108222611	50c2f81eb074d359	assets/characters/braum/skins/skin24/particles/braum_skin24_q_ini_ring.tex	League texture	other skin/shared; see reference graph	3f6a40609700ee85.bin;88b5dd6dc0e099bd.bin;8cf62c85e1e2e7f9.bin;992d3c62ff62964c.bin;a582cf4ad353f261.bin;b30d6dd1b38ee53c.bin;c5c66176cca69ad3.bin;caacae9cc35f0267.bin;d3dbd3f84a5b8600.bin
50cb9333c7645235.tex	.tex	C:\Users\etqdo\Downloads\Clash Braum project\Braum.wad\50cb9333c7645235.tex	Braum.wad/50cb9333c7645235.tex	87420	ecdeb2df488adf9b3bd9405335e2527159da63bd95b05ad349b13d9041858c1a	5445580000010001010c000123230000	50cb9333c7645235	assets/characters/braum/skins/skin11/particles/braum_skin11_p_ice_shards.tex	League texture	other skin/shared; see reference graph	2974de4048ee048b.bin
511dfb6ea04134b2.tex	.tex	C:\Users\etqdo\Downloads\Clash Braum project\Braum.wad\511dfb6ea04134b2.tex	Braum.wad/511dfb6ea04134b2.tex	43716	05282114d32a274d535e65994cffc1db9d791d45c28fe506da0ec8651fe6c7ab	5445580000010001010a00018d638d43	511dfb6ea04134b2	assets/characters/braum/skins/skin51/particles/color-spectralbell_basic.tex	League texture	other skin/shared; see reference graph	07f65b37fb75e834.bin;08e5b232f3994eee.bin;3079df1f381a87bc.bin;6c66319ffa4bb738.bin;6d6176ab099f3064.bin;70c57eae58af6c94.bin;7a1193b055eb059a.bin;7ca837cacce9639a.bin;b511ce2cc52d55a4.bin;d01bf01d5611bc53.bin;d56c87aaf7fac0ee.bin
51347292dfe21577.tex	.tex	C:\Users\etqdo\Downloads\Clash Braum project\Braum.wad\51347292dfe21577.tex	Braum.wad/51347292dfe21577.tex	43716	60f29f50b470be24e582661b7d3522ddd6f9b840fcd4093d1f43348e18e2add1	5445580000010001010a000145296108	51347292dfe21577	assets/characters/braum/skins/skin11/particles/braum_skin11_recall_lightshaft.tex	League texture	other skin/shared; see reference graph	2974de4048ee048b.bin
513b1a3b92163382.tex	.tex	C:\Users\etqdo\Downloads\Clash Braum project\Braum.wad\513b1a3b92163382.tex	Braum.wad/513b1a3b92163382.tex	87420	c17b420040ae806023cf30f156d6d8a9ea9dd06bafba29a2178a09373631b5a6	5445580000010001010c00011d1d0000	513b1a3b92163382	assets/characters/braum/skins/base/particles/braum_base_ba_crit_spark_tar.tex	League texture	base or shared candidate	2dc39c165f3aa923.bin
5142ed28f570cb4c.scb	.scb	C:\Users\etqdo\Downloads\Clash Braum project\Braum.wad\5142ed28f570cb4c.scb	Braum.wad/5142ed28f570cb4c.scb	46432	2d5bbfbd9a111d739ede6bffed8cebf9facc9305249c8505601ad17fb45f35e4	723364324d6573680300020000000000	5142ed28f570cb4c	assets/characters/braum/skins/skin24/particles/braum_candy.scb	Static mesh, commonly VFX geometry	other skin/shared; see reference graph	02ab7e4623adf97e.bin
5158f48744a8f8be.tex	.tex	C:\Users\etqdo\Downloads\Clash Braum project\Braum.wad\5158f48744a8f8be.tex	Braum.wad/5158f48744a8f8be.tex	5500	be74c785325dcbcc305f061dfa2d702a43bb4220d353976d28a59fa443e90123	5445580040004000010c0001eded0000	5158f48744a8f8be	assets/characters/braum/skins/skin24/particles/braum_skin24_r_teamhardbell_rgba_yellow.tex	League texture	other skin/shared; see reference graph	02ab7e4623adf97e.bin
518d82cc02be0943.tex	.tex	C:\Users\etqdo\Downloads\Clash Braum project\Braum.wad\518d82cc02be0943.tex	Braum.wad/518d82cc02be0943.tex	87420	9d12b154cceb23e2022ab59e4d6c0cff8740dcd4cfda6845dd53cbd376ba9f48	5445580000010001010c000125250000	518d82cc02be0943	assets/characters/braum/skins/skin42/particles/braum_skin42_r_explosion_erosion.tex	League texture	other skin/shared; see reference graph	ab5fbb4cdcdfb2ef.bin
51e55b2b4bc244b1.tex	.tex	C:\Users\etqdo\Downloads\Clash Braum project\Braum.wad\51e55b2b4bc244b1.tex	Braum.wad/51e55b2b4bc244b1.tex	86252	03c38caae49ff0c7e8e4a9a13ee7ceee410cb7cdc5918d9aedf5d651e92763ea	5445580034013002010a000041080000	51e55b2b4bc244b1	assets/characters/braum/skins/skin11/braumloadscreen_11.tex	League texture	other skin/shared; see reference graph	23b85b75eb659166.bin;36b00af025f54940.bin;42ee6bdbfc9d170b.bin;4fe453abcf9c5181.bin;a44281cd843a8348.bin;bb8b47c7d87589f7.bin;d8a52eb470baa538.bin;e1dfd1a549890037.bin;ed7ecf9170cfaaf8.bin
521ea82751951d0f.tex	.tex	C:\Users\etqdo\Downloads\Clash Braum project\Braum.wad\521ea82751951d0f.tex	Braum.wad/521ea82751951d0f.tex	87420	333b138fbdcbc7ec5e9eac089acda93aac90785a3b1e0fbe6f70b02502eafaea	5445580000010001010c00011e1e0000	521ea82751951d0f	assets/characters/braum/skins/skin11/particles/braum_skin11_ba_trail_cas.tex	League texture	other skin/shared; see reference graph	2974de4048ee048b.bin
522bfb5348cbe905.tex	.tex	C:\Users\etqdo\Downloads\Clash Braum project\Braum.wad\522bfb5348cbe905.tex	Braum.wad/522bfb5348cbe905.tex	87420	5a5dc48e908881439ab20f27fbd31bc260eae3d65f0694a946f941575a0ef010	5445580000010001010c0001ffff0000	522bfb5348cbe905	assets/characters/braum/skins/skin51/particles/braum_skin51_shield_bird_mask_02.tex	League texture	other skin/shared; see reference graph	07f65b37fb75e834.bin;08e5b232f3994eee.bin;3079df1f381a87bc.bin;6c66319ffa4bb738.bin;6d6176ab099f3064.bin;70c57eae58af6c94.bin;7ca837cacce9639a.bin;b511ce2cc52d55a4.bin;d01bf01d5611bc53.bin;d56c87aaf7fac0ee.bin
52493553f9dfa0c0.tex	.tex	C:\Users\etqdo\Downloads\Clash Braum project\Braum.wad\52493553f9dfa0c0.tex	Braum.wad/52493553f9dfa0c0.tex	21884	90c8fd4c2a287fb568529c6cb932e5cb8d039030b9ab61af05822f8368a13f6e	5445580080008000010c0001e8e80000	52493553f9dfa0c0	assets/characters/braum/skins/skin39/particles/braum_skin39_e_shield_mult_texture_2.tex	League texture	other skin/shared; see reference graph	cf092c39484cec07.bin
52cb622539484ff2.tex	.tex	C:\Users\etqdo\Downloads\Clash Braum project\Braum.wad\52cb622539484ff2.tex	Braum.wad/52cb622539484ff2.tex	349564	00fe07887de769056d6334bfdb2b65e907348f45632f61de6f0c297573af95ef	5445580000020002010c0001f3f30000	52cb622539484ff2	assets/characters/braum/skins/skin53/particles/braum_skin53_shield_tx_03.tex	League texture	other skin/shared; see reference graph	7ca837cacce9639a.bin
52d36b20890112f7.bin	.bin	C:\Users\etqdo\Downloads\Clash Braum project\Braum.wad\52d36b20890112f7.bin	Braum.wad/52d36b20890112f7.bin	38918	7c225c658ff1a2493d5b5948afdea5144382f918045e756ac7e089402ad0190a	50524f5003000000000000003f000000	52d36b20890112f7	data/characters/braum/braum.bin	Property configuration and asset links	base or shared candidate	03e78a116663752e.bin;07f65b37fb75e834.bin;087454f36df0c471.bin;08e5b232f3994eee.bin;1eb4979be4e9320c.bin;21c14331eb9e3fdd.bin;23b85b75eb659166.bin;25c2b1d3f80a7166.bin;26fe02fb42fe5d0f.bin;3079df1f381a87bc.bin;36b00af025f54940.bin;399a7a520477b139.bin;3a207b8680fc4f78.bin;3e345a7cf645a903.bin;3f6a40609700ee85.bin;42ee6bdbfc9d170b.bin;4af4d37cc3da7630.bin;4b8cf46e9a27ff51.bin;4fe453abcf9c5181.bin;4fed391540044397.bin;5665076b09fc85c9.bin;5d7e7a1984eb745d.bin;60bd129d627e731e.bin;69066dbc18657bec.bin;6c66319ffa4bb738.bin;6d6176ab099f3064.bin;70c57eae58af6c94.bin;775c4474dbe4b86c.bin;7b9824cbef34ed4d.bin;7ca837cacce9639a.bin;812e1da9fe14f1ec.bin;88b5dd6dc0e099bd.bin;8cf62c85e1e2e7f9.bin;992d3c62ff62964c.bin;99f61b5c2dd61e45.bin;a44281cd843a8348.bin;a485c4b46181b64d.bin;a497a5055810256b.bin;a582cf4ad353f261.bin;b30d6dd1b38ee53c.bin;b4470b8fb5a238f6.bin;b511ce2cc52d55a4.bin;bb8b47c7d87589f7.bin;c5c66176cca69ad3.bin;caacae9cc35f0267.bin;cf092c39484cec07.bin;d01bf01d5611bc53.bin;d0b441e03335be65.bin;d3dbd3f84a5b8600.bin;d56c87aaf7fac0ee.bin;d8a52eb470baa538.bin;e1dfd1a549890037.bin;e250f290f6212f81.bin;e4dae9eea59fb2f8.bin;e63e7a9cbb51a42f.bin;eb9d53354a504663.bin;ed7ecf9170cfaaf8.bin;f2aa871abddf9427.bin;f5df8e88540921e0.bin;f63b31a3da327a4f.bin;fbd72592f4eee68e.bin;ff9b3266cfca2ba6.bin
5335e067f87267f1.tex	.tex	C:\Users\etqdo\Downloads\Clash Braum project\Braum.wad\5335e067f87267f1.tex	Braum.wad/5335e067f87267f1.tex	349564	ef4f160670653b8959dbc0838f624a1f0aa00c302137d9be79df7119e08ce362	5445580000020002010c0001fafa0000	5335e067f87267f1	assets/characters/braum/skins/skin36/braum_skin36_crab_tx_cm.tex	League texture	other skin/shared; see reference graph	25c2b1d3f80a7166.bin
536ee87bbf5864e1.scb	.scb	C:\Users\etqdo\Downloads\Clash Braum project\Braum.wad\536ee87bbf5864e1.scb	Braum.wad/536ee87bbf5864e1.scb	118208	5d45230e7c7be53e069ba427c9481631f2f80d37c6242072b38731cfc2c8dba9	723364324d6573680300020000000000	536ee87bbf5864e1	assets/characters/braum/skins/skin33/particles/braum_skin33_r_lv5_pbaoe_cas_watersplash.scb	Static mesh, commonly VFX geometry	other skin/shared; see reference graph	ac2d2bd054d44f09.bin
538f654cb6cd094c.tex	.tex	C:\Users\etqdo\Downloads\Clash Braum project\Braum.wad\538f654cb6cd094c.tex	Braum.wad/538f654cb6cd094c.tex	349564	22b27bb862cea69675d39c7651371438bb05950b05e812168bcb116d0330c8a3	5445580000020002010c00013f3f0000	538f654cb6cd094c	assets/characters/braum/skins/skin51/particles/braum_skin51_w_crack7.tex	League texture	other skin/shared; see reference graph	7a1193b055eb059a.bin
539194be71fe5ba1.tex	.tex	C:\Users\etqdo\Downloads\Clash Braum project\Braum.wad\539194be71fe5ba1.tex	Braum.wad/539194be71fe5ba1.tex	174788	a69d6aec0ae0b5797c5c2dccd2cbf3e1349454713034f0c760c905769133f7e0	5445580000020002010a00012e6b0e84	539194be71fe5ba1	assets/characters/braum/skins/skin39/braum_skin39_poro_tx_cm.tex	League texture	other skin/shared; see reference graph	cf092c39484cec07.bin
5392a26c194552c1.scb	.scb	C:\Users\etqdo\Downloads\Clash Braum project\Braum.wad\5392a26c194552c1.scb	Braum.wad/5392a26c194552c1.scb	34352	5084453ae6f52581caebb54b0ddfc910415fea748a4dd095d350530c077c3633	723364324d65736803000200653a5c72	5392a26c194552c1	assets/characters/braum/skins/skin24/particles/braum_skin24_q_slow_ring.scb	Static mesh, commonly VFX geometry	other skin/shared; see reference graph	02ab7e4623adf97e.bin
541aaf8cd8f82ba5.tex	.tex	C:\Users\etqdo\Downloads\Clash Braum project\Braum.wad\541aaf8cd8f82ba5.tex	Braum.wad/541aaf8cd8f82ba5.tex	349564	613bc09de74e5c36dca8f792fcfdf691f9905fb1d797f29abe6c876596801d71	5445580000020002010c000154540000	541aaf8cd8f82ba5	assets/characters/braum/skins/skin59/particles/braum_skin59_braum_skin59_shield_05.tex	League texture	other skin/shared; see reference graph	3079df1f381a87bc.bin
5435269919bb794a.scb	.scb	C:\Users\etqdo\Downloads\Clash Braum project\Braum.wad\5435269919bb794a.scb	Braum.wad/5435269919bb794a.scb	104512	7bb4feebf7c5ed428550b937afaeb1f56103df795d6cab388bf0c15ec0421f10	723364324d65736803000200653a5c6c	5435269919bb794a	assets/characters/braum/skins/skin02/particles/braum_skin02_q_ini_ring.scb	Static mesh, commonly VFX geometry	other skin/shared; see reference graph	23b85b75eb659166.bin;36b00af025f54940.bin;42ee6bdbfc9d170b.bin;4fe453abcf9c5181.bin;a44281cd843a8348.bin;bb8b47c7d87589f7.bin;d0b441e03335be65.bin;d8a52eb470baa538.bin;e1dfd1a549890037.bin;ed7ecf9170cfaaf8.bin
5435a9379384b8a6.scb	.scb	C:\Users\etqdo\Downloads\Clash Braum project\Braum.wad\5435a9379384b8a6.scb	Braum.wad/5435a9379384b8a6.scb	50064	c53af1d41726d6bc65235a6404884e81c466d869711b8f96302f38b13949eaa9	723364324d65736803000200643a5c70	5435a9379384b8a6	assets/characters/braum/skins/skin51/particles/braum_skin51_q_fireball.scb	Static mesh, commonly VFX geometry	other skin/shared; see reference graph	07f65b37fb75e834.bin;08e5b232f3994eee.bin;3079df1f381a87bc.bin;6c66319ffa4bb738.bin;6d6176ab099f3064.bin;70c57eae58af6c94.bin;7ca837cacce9639a.bin;b511ce2cc52d55a4.bin;d01bf01d5611bc53.bin;d56c87aaf7fac0ee.bin
548796675b0850c9.tex	.tex	C:\Users\etqdo\Downloads\Clash Braum project\Braum.wad\548796675b0850c9.tex	Braum.wad/548796675b0850c9.tex	87420	eac8274c02573c675c455fbf047dbf02a12616a0aab323f7d488af3b9f548467	5445580000010001010c000118180000	548796675b0850c9	assets/characters/braum/skins/skin42/particles/braum_skin42_ba_cas_star03.tex	League texture	other skin/shared; see reference graph	ab5fbb4cdcdfb2ef.bin
549a0a4f5429742e.tex	.tex	C:\Users\etqdo\Downloads\Clash Braum project\Braum.wad\549a0a4f5429742e.tex	Braum.wad/549a0a4f5429742e.tex	87420	1beee12dff07740afda49a61519c9777bdf17f9bf71ab9503bbe6d5e025b806a	5445580000010001010c0001ffff0000	549a0a4f5429742e	assets/characters/braum/skins/skin11/braum_skin11_poro_tx_cm.tex	League texture	other skin/shared; see reference graph	42ee6bdbfc9d170b.bin
54a7f0854077a785.tex	.tex	C:\Users\etqdo\Downloads\Clash Braum project\Braum.wad\54a7f0854077a785.tex	Braum.wad/54a7f0854077a785.tex	2756	820dac9846df4b5707ee4b52d33f873dfdd5d621c90622483b7eeb2c6518df5d	5445580040004000010a000110331013	54a7f0854077a785	assets/characters/braum/skins/skin42/particles/braum_skin42_e_ice_rgb.tex	League texture	other skin/shared; see reference graph	ab5fbb4cdcdfb2ef.bin
54b4111fcf3b367a.scb	.scb	C:\Users\etqdo\Downloads\Clash Braum project\Braum.wad\54b4111fcf3b367a.scb	Braum.wad/54b4111fcf3b367a.scb	34784	e1b85a332d9036701f0e51c51b6024679972256d165dd492264a1acc41a81129	723364324d65736803000200653a5c72	54b4111fcf3b367a	assets/characters/braum/skins/base/particles/braum_base_e_shield_inchant.scb	Static mesh, commonly VFX geometry	base or shared candidate	03e78a116663752e.bin;eb9d53354a504663.bin
54b9591d562fa7e6.tex	.tex	C:\Users\etqdo\Downloads\Clash Braum project\Braum.wad\54b9591d562fa7e6.tex	Braum.wad/54b9591d562fa7e6.tex	87420	b597308bb48a8c452e3f427b2f5ce1000a2f8e6897a5df2c91e656c57e1ca0b7	5445580000010001010c00014d4d0000	54b9591d562fa7e6	assets/characters/braum/skins/skin01/particles/braum_skin01_i_smoke_seq.tex	League texture	other skin/shared; see reference graph	d0b441e03335be65.bin;fca448d5ff3861b5.bin
54cf715c69391b2a.tex	.tex	C:\Users\etqdo\Downloads\Clash Braum project\Braum.wad\54cf715c69391b2a.tex	Braum.wad/54cf715c69391b2a.tex	21876	5aec8190d22522721fac6032b9eb9e35ee1d3042b7cf079e9b36f9b1596fbc86	5445580000018000010a000149028501	54cf715c69391b2a	assets/characters/braum/skins/base/particles/braum_base_i_shield_trail.tex	League texture	base or shared candidate	03e78a116663752e.bin;a3a397bd08e96cae.bin
55242363442629ec.tex	.tex	C:\Users\etqdo\Downloads\Clash Braum project\Braum.wad\55242363442629ec.tex	Braum.wad/55242363442629ec.tex	43716	06c0e2bbe9f25d606b52c47a3a38160019ddae8ade932b22b70bb35fc0df8563	5445580000010001010a0001a2102108	55242363442629ec	assets/characters/braum/skins/skin51/particles/braum_skin51_w_ring_tar.tex	League texture	other skin/shared; see reference graph	7a1193b055eb059a.bin
552bb9dc6fe887bf.tex	.tex	C:\Users\etqdo\Downloads\Clash Braum project\Braum.wad\552bb9dc6fe887bf.tex	Braum.wad/552bb9dc6fe887bf.tex	10948	e7c891d6bdb17963ca73f8d1a57b4554dd7b56538de42736dceb59320402af36	5445580080008000010a000161106008	552bb9dc6fe887bf	assets/characters/braum/skins/skin51/particles/braum_skin51_89.tex	League texture	other skin/shared; see reference graph	07f65b37fb75e834.bin;08e5b232f3994eee.bin;3079df1f381a87bc.bin;6c66319ffa4bb738.bin;6d6176ab099f3064.bin;70c57eae58af6c94.bin;7a1193b055eb059a.bin;7ca837cacce9639a.bin;b511ce2cc52d55a4.bin;d01bf01d5611bc53.bin;d56c87aaf7fac0ee.bin
554569d0133e4e4b.scb	.scb	C:\Users\etqdo\Downloads\Clash Braum project\Braum.wad\554569d0133e4e4b.scb	Braum.wad/554569d0133e4e4b.scb	5304	c5c7fe43f62f2a0193e4835354bb58308d1f0e30b5258890bb141cc6d99dc331	723364324d65736803000200653a5c72	554569d0133e4e4b	assets/characters/braum/skins/skin01/particles/braum_skin01_e_shield_break_01.scb	Static mesh, commonly VFX geometry	other skin/shared; see reference graph	fca448d5ff3861b5.bin
555f0757faca4787.bin	.bin	C:\Users\etqdo\Downloads\Clash Braum project\Braum.wad\555f0757faca4787.bin	Braum.wad/555f0757faca4787.bin	400	8c05da2d53cbf90aa81a3b0d3ce65986809d8d79220348bca8b317b2a0566c12	50524f50030000000000000001000000	555f0757faca4787	data/characters/braum/braum_multi_skins_skin0_skins_skin1_skins_skin10_skins_skin11_skins_skin12_skins_skin13_skins_skin14_skins_skin15_skins_skin16_skins_skin17_skins_skin18_skins_skin19_skins_skin2_skins_skin20_skins_skin21_skins_skin22_skins_skin23_skins_skin3_skins_skin4_skins_skin5_skins_skin6_skins_skin7_skins_skin8_skins_skin9.bin	Property configuration and asset links	other skin/shared; see reference graph	03e78a116663752e.bin;1eb4979be4e9320c.bin;23b85b75eb659166.bin;26fe02fb42fe5d0f.bin;36b00af025f54940.bin;3e345a7cf645a903.bin;42ee6bdbfc9d170b.bin;4b8cf46e9a27ff51.bin;4fe453abcf9c5181.bin;4fed391540044397.bin;5d7e7a1984eb745d.bin;69066dbc18657bec.bin;7b9824cbef34ed4d.bin;812e1da9fe14f1ec.bin;a44281cd843a8348.bin;a497a5055810256b.bin;bb8b47c7d87589f7.bin;d0b441e03335be65.bin;d8a52eb470baa538.bin;e1dfd1a549890037.bin;e250f290f6212f81.bin;eb9d53354a504663.bin;ed7ecf9170cfaaf8.bin;f63b31a3da327a4f.bin
5576d53099cb212b.tex	.tex	C:\Users\etqdo\Downloads\Clash Braum project\Braum.wad\5576d53099cb212b.tex	Braum.wad/5576d53099cb212b.tex	21884	74eced45c0ad2325a9b5df0416a26c8f1a69d97f076dbb13869a821f433b4333	5445580080008000010c00013d3d0000	5576d53099cb212b	assets/characters/braum/skins/skin33/particles/braum_skin33_q_flash_01.tex	League texture	other skin/shared; see reference graph	25c2b1d3f80a7166.bin;399a7a520477b139.bin;3a207b8680fc4f78.bin;4af4d37cc3da7630.bin;775c4474dbe4b86c.bin;cf092c39484cec07.bin;f2aa871abddf9427.bin;f5df8e88540921e0.bin;ff9b3266cfca2ba6.bin
55b5d46776387920.tex	.tex	C:\Users\etqdo\Downloads\Clash Braum project\Braum.wad\55b5d46776387920.tex	Braum.wad/55b5d46776387920.tex	349556	c99591f60b139394db032b6d3bc039ce3af4d7edb80c1251f8ad3b1d70096132	5445580000040002010a000186398539	55b5d46776387920	assets/characters/braum/skins/base/braum_base_tx_cm.tex	League texture	base or shared candidate	eb9d53354a504663.bin
55b5e46f95ad9c1e.anm	.anm	C:\Users\etqdo\Downloads\Clash Braum project\Braum.wad\55b5e46f95ad9c1e.anm	Braum.wad/55b5e46f95ad9c1e.anm	80228	3ea4d9139474ddf931d36e04c19c9c03fdae6239cfae34ddf50cff10dad3edee	72336432616e6d640400000058390100	55b5e46f95ad9c1e	assets/characters/braum/skins/base/animations/braum_spell3_punchleft-179.anm	Animation tracks	base or shared candidate	0b01eaec2c944f55.bin;57bea13d59e2af1a.bin;5e21202a9a0cef1a.bin;6c0cf3da2d377385.bin;72028fe917890575.bin;aa0aa8a7dd53a131.bin;d0fe19959c26552d.bin;de78a7f6bf5c9803.bin;e43dcf714c8a2a42.bin
55b737d81317ddad.tex	.tex	C:\Users\etqdo\Downloads\Clash Braum project\Braum.wad\55b737d81317ddad.tex	Braum.wad/55b737d81317ddad.tex	5500	0bf0e5dc7784bae37619591d8e1d34f308f05cf5fcbc7274ae5ca3a702db794c	5445580040004000010c0001eded0000	55b737d81317ddad	assets/characters/braum/skins/skin33/particles/braum_skin33_r_teamhardbell_rgba.tex	League texture	other skin/shared; see reference graph	ac2d2bd054d44f09.bin
55d0231cfc05b504.tex	.tex	C:\Users\etqdo\Downloads\Clash Braum project\Braum.wad\55d0231cfc05b504.tex	Braum.wad/55d0231cfc05b504.tex	43716	ddfe0fc756eade25db774d6c0f9cbf2a97bd976677ac009f4047410fcaa3807c	5445580000010001010a000130933073	55d0231cfc05b504	assets/characters/braum/skins/skin38/particles/braum_skin38_poro_tx_cm.tex	League texture	other skin/shared; see reference graph	f2aa871abddf9427.bin
55ed578095afdbdd.scb	.scb	C:\Users\etqdo\Downloads\Clash Braum project\Braum.wad\55ed578095afdbdd.scb	Braum.wad/55ed578095afdbdd.scb	8952	cf7a08462398f9001b1f48ad2b86d8c12f8f9c33c8106a4f91a39ede12de8968	723364324d6573680300020000000000	55ed578095afdbdd	assets/characters/braum/skins/base/particles/braum_base_p_cooldowntimer.scb	Static mesh, commonly VFX geometry	base or shared candidate	b8bd8d39ea1d1810.bin;f63b31a3da327a4f.bin
55f7a483d261ba47.scb	.scb	C:\Users\etqdo\Downloads\Clash Braum project\Braum.wad\55f7a483d261ba47.scb	Braum.wad/55f7a483d261ba47.scb	155388	f13197f298c73cabe4adf5bb8cbd367721b9b66e153fa18d1b5512c1d0b13a1e	723364324d6573680300020000000000	55f7a483d261ba47	assets/characters/braum/skins/skin42/particles/braum_skin42_q_burrito01.scb	Static mesh, commonly VFX geometry	other skin/shared; see reference graph	ab5fbb4cdcdfb2ef.bin
563625814b7fd537.scb	.scb	C:\Users\etqdo\Downloads\Clash Braum project\Braum.wad\563625814b7fd537.scb	Braum.wad/563625814b7fd537.scb	15744	1cd4183ffb6ee7f0ad5f0a89d9622b23f91e8d668cee5a4209c76e87f8d99708	723364324d6573680300020000000000	563625814b7fd537	assets/characters/braum/skins/skin51/particles/braum_skin51_z_lightning.scb	Static mesh, commonly VFX geometry	other skin/shared; see reference graph	7a1193b055eb059a.bin
5665076b09fc85c9.bin	.bin	C:\Users\etqdo\Downloads\Clash Braum project\Braum.wad\5665076b09fc85c9.bin	Braum.wad/5665076b09fc85c9.bin	11080	7499d6594672ded4adeb10300a2877ec7cdee953313f62bf5f6af2a9c568bf58	50524f5003000000040000009a004441	5665076b09fc85c9	data/characters/braum/skins/skin47.bin	Property configuration and asset links	other skin/shared; see reference graph	
568de6803ebe4f14.bnk	.bnk	C:\Users\etqdo\Downloads\Clash Braum project\Braum.wad\568de6803ebe4f14.bnk	Braum.wad/568de6803ebe4f14.bnk	15821	c723ef0128d2ab5c68df1653eecc187ac597b4e14e172aceea10054057807c06	424b48442800000091000000ce6fc69c	568de6803ebe4f14	assets/sounds/wwise2016/sfx/characters/braum/skins/skin42/braum_skin42_sfx_events.bnk	Wwise event graph or embedded audio bank	other skin/shared; see reference graph	087454f36df0c471.bin;21c14331eb9e3fdd.bin;5665076b09fc85c9.bin;60bd129d627e731e.bin;99f61b5c2dd61e45.bin;a485c4b46181b64d.bin;b4470b8fb5a238f6.bin;e4dae9eea59fb2f8.bin;fbd72592f4eee68e.bin
56a5ae6e2f75ff70.anm	.anm	C:\Users\etqdo\Downloads\Clash Braum project\Braum.wad\56a5ae6e2f75ff70.anm	Braum.wad/56a5ae6e2f75ff70.anm	1034	2f9cee6c1845f76ddc3919121b9c321cdbb8d8163fb470dceea2c8a3971e4f87	7233643263616e6d01000000fe030000	56a5ae6e2f75ff70	assets/characters/braum/skins/skin42/particles/braum_skin42_castle_1_amin.anm	Animation tracks	other skin/shared; see reference graph	ab5fbb4cdcdfb2ef.bin
56d2308b66377436.tex	.tex	C:\Users\etqdo\Downloads\Clash Braum project\Braum.wad\56d2308b66377436.tex	Braum.wad/56d2308b66377436.tex	43716	9721404b2c7650046a50029b356275e8d57e250929b249239436092c216aa754	5445580000010001010a000141396128	56d2308b66377436	assets/characters/braum/skins/skin42/particles/braum_skin42_ba_solar_circle01.tex	League texture	other skin/shared; see reference graph	ab5fbb4cdcdfb2ef.bin
573044d8021887ab.tex	.tex	C:\Users\etqdo\Downloads\Clash Braum project\Braum.wad\573044d8021887ab.tex	Braum.wad/573044d8021887ab.tex	21884	bcc84c23168d48d00ab4bef576438a8878c61e408dd98f583e63f955c5be869c	5445580080008000010c0001b7b70000	573044d8021887ab	assets/characters/braum/skins/skin51/particles/braum_skin51_ramp_51.tex	League texture	other skin/shared; see reference graph	07f65b37fb75e834.bin;08e5b232f3994eee.bin;3079df1f381a87bc.bin;6c66319ffa4bb738.bin;6d6176ab099f3064.bin;70c57eae58af6c94.bin;7ca837cacce9639a.bin;b511ce2cc52d55a4.bin;d01bf01d5611bc53.bin;d56c87aaf7fac0ee.bin
57605ec9b566a1f6.tex	.tex	C:\Users\etqdo\Downloads\Clash Braum project\Braum.wad\57605ec9b566a1f6.tex	Braum.wad/57605ec9b566a1f6.tex	174788	4b3a1a8e5f838fda188af5d34e8192ca59e07ef1ab988baa59625f53675fd936	5445580000020002010a0001487a466a	57605ec9b566a1f6	assets/characters/braum/skins/skin29/particles/braum_skin29_r_cake_shard.tex	League texture	other skin/shared; see reference graph	caacae9cc35f0267.bin
57be64cffaf3ee57.tex	.tex	C:\Users\etqdo\Downloads\Clash Braum project\Braum.wad\57be64cffaf3ee57.tex	Braum.wad/57be64cffaf3ee57.tex	349564	f9f72d295e670de11591edd0baa37ac46a9cbbe2916902228ce1a3f4562d245b	5445580000020002010c000113130000	57be64cffaf3ee57	assets/characters/braum/skins/skin02/particles/braum_skin02_p_stack_02.tex	League texture	other skin/shared; see reference graph	d0b441e03335be65.bin
57bea13d59e2af1a.bin	.bin	C:\Users\etqdo\Downloads\Clash Braum project\Braum.wad\57bea13d59e2af1a.bin	Braum.wad/57bea13d59e2af1a.bin	57237	f307fc4a824ecdc094f9f33143be2f34235ef200e229dea28fab7c361833de1f	50524f50030000000000000001000000	57bea13d59e2af1a	data/characters/braum/animations/skin10.bin	Property configuration and asset links	other skin/shared; see reference graph	f63b31a3da327a4f.bin
57cf8c1ceecaded4.tex	.tex	C:\Users\etqdo\Downloads\Clash Braum project\Braum.wad\57cf8c1ceecaded4.tex	Braum.wad/57cf8c1ceecaded4.tex	87420	598d1edb4d7e5d667b3fd7c23a057be2e81b5b89f6f599e1177153824c0c64ca	5445580000010001010c00011c1c0000	57cf8c1ceecaded4	assets/characters/braum/skins/skin11/particles/braum_skin11_ba_trail_cas_02.tex	League texture	other skin/shared; see reference graph	2974de4048ee048b.bin
58d5ce992a58b5c7.tex	.tex	C:\Users\etqdo\Downloads\Clash Braum project\Braum.wad\58d5ce992a58b5c7.tex	Braum.wad/58d5ce992a58b5c7.tex	43716	b05bad9a1e2abed063f87591c3aca49c34658a1260fc62c74c8dd7c76f584b0f	5445580000010001010a0001e418e318	58d5ce992a58b5c7	assets/characters/braum/skins/base/particles/braum_base_p_flash_tar.tex	League texture	base or shared candidate	03e78a116663752e.bin;23b85b75eb659166.bin;2974de4048ee048b.bin;2dc39c165f3aa923.bin;36b00af025f54940.bin;42ee6bdbfc9d170b.bin;4fe453abcf9c5181.bin;a44281cd843a8348.bin;b8d6f27624ae797b.bin;bb8b47c7d87589f7.bin;d8a52eb470baa538.bin;e1dfd1a549890037.bin;eb9d53354a504663.bin;ed7ecf9170cfaaf8.bin;f2ef4463d62600e6.bin;f63b31a3da327a4f.bin
5902dc359d0b92a9.tex	.tex	C:\Users\etqdo\Downloads\Clash Braum project\Braum.wad\5902dc359d0b92a9.tex	Braum.wad/5902dc359d0b92a9.tex	124	cf589f62041fec1401d8737e05736f60ba8fc54b56f2a5d72019712451039037	5445580008000800010c0001f9f90000	5902dc359d0b92a9	assets/characters/braum/skins/skin33/particles/base_white_rgb.tex	League texture	other skin/shared; see reference graph	25c2b1d3f80a7166.bin;399a7a520477b139.bin;3a207b8680fc4f78.bin;4af4d37cc3da7630.bin;775c4474dbe4b86c.bin;cf092c39484cec07.bin;f2aa871abddf9427.bin;f5df8e88540921e0.bin;ff9b3266cfca2ba6.bin
59430a76599ad83e.tex	.tex	C:\Users\etqdo\Downloads\Clash Braum project\Braum.wad\59430a76599ad83e.tex	Braum.wad/59430a76599ad83e.tex	87420	f33863274102921781942e27321f213201dc1dc0886f92e08114f91b089ca0e3	5445580000010001010c00012d2d0000	59430a76599ad83e	assets/characters/braum/skins/skin02/particles/braum_skin02_r_normal.tex	League texture	other skin/shared; see reference graph	23b85b75eb659166.bin;36b00af025f54940.bin;42ee6bdbfc9d170b.bin;4fe453abcf9c5181.bin;a44281cd843a8348.bin;bb8b47c7d87589f7.bin;d0b441e03335be65.bin;d8a52eb470baa538.bin;e1dfd1a549890037.bin;ed7ecf9170cfaaf8.bin
5947e8aad444894f.tex	.tex	C:\Users\etqdo\Downloads\Clash Braum project\Braum.wad\5947e8aad444894f.tex	Braum.wad/5947e8aad444894f.tex	21884	31543e17d94608a8021c46e7284634f9398a0ad1b34cc0cded5278fb3117496b	5445580080008000010c00016b6b0000	5947e8aad444894f	assets/characters/braum/skins/skin51/particles/taliyah_skin21_q_gradientv.tex	League texture	other skin/shared; see reference graph	07f65b37fb75e834.bin;08e5b232f3994eee.bin;3079df1f381a87bc.bin;6c66319ffa4bb738.bin;6d6176ab099f3064.bin;70c57eae58af6c94.bin;7a1193b055eb059a.bin;7ca837cacce9639a.bin;b511ce2cc52d55a4.bin;d01bf01d5611bc53.bin;d56c87aaf7fac0ee.bin
596d0369e0b0779b.tex	.tex	C:\Users\etqdo\Downloads\Clash Braum project\Braum.wad\596d0369e0b0779b.tex	Braum.wad/596d0369e0b0779b.tex	1556	8bfc660b75aabfc8abcbcbd40ef486dc6d43e17d3aacceb128097f107232f5dd	5445580000010800010a0001b26caf6b	596d0369e0b0779b	assets/shared/materials/default_gradient.tex	League texture	other skin/shared; see reference graph	07f65b37fb75e834.bin;08e5b232f3994eee.bin;3079df1f381a87bc.bin;6c66319ffa4bb738.bin;6d6176ab099f3064.bin;70c57eae58af6c94.bin;7ca837cacce9639a.bin;b511ce2cc52d55a4.bin;d01bf01d5611bc53.bin;d56c87aaf7fac0ee.bin
5971c76d69356797.tex	.tex	C:\Users\etqdo\Downloads\Clash Braum project\Braum.wad\5971c76d69356797.tex	Braum.wad/5971c76d69356797.tex	86252	8fec20d58ba1bc5236d134dc3ed5acc40f32f95fb0aaf6473f308e429510e1ec	5445580034013002010a000021000000	5971c76d69356797		League texture	other skin/shared; see reference graph	
59cd38e0bcee4550.tex	.tex	C:\Users\etqdo\Downloads\Clash Braum project\Braum.wad\59cd38e0bcee4550.tex	Braum.wad/59cd38e0bcee4550.tex	21884	0085449926b77054eea83ec571014f111ce8c569cbe31c4fe92aec8013d0406c	5445580080008000010c00010e0e0000	59cd38e0bcee4550	assets/characters/braum/skins/skin51/particles/braum_skin51_z_sparkles.tex	League texture	other skin/shared; see reference graph	7a1193b055eb059a.bin
59ec06be62e1fa6b.tex	.tex	C:\Users\etqdo\Downloads\Clash Braum project\Braum.wad\59ec06be62e1fa6b.tex	Braum.wad/59ec06be62e1fa6b.tex	10948	4b8ac0a5eed232afc37dad3e4bcad3d475ec9887a2d5991fd0292424748762a4	5445580080008000010a0001c320a329	59ec06be62e1fa6b	assets/characters/braum/skins/skin51/particles/braum_skin51_q_erosionpack01.tex	League texture	other skin/shared; see reference graph	07f65b37fb75e834.bin;08e5b232f3994eee.bin;3079df1f381a87bc.bin;6c66319ffa4bb738.bin;6d6176ab099f3064.bin;70c57eae58af6c94.bin;7ca837cacce9639a.bin;b511ce2cc52d55a4.bin;d01bf01d5611bc53.bin;d56c87aaf7fac0ee.bin
59f9c55a28d5c4fe.tex	.tex	C:\Users\etqdo\Downloads\Clash Braum project\Braum.wad\59f9c55a28d5c4fe.tex	Braum.wad/59f9c55a28d5c4fe.tex	21884	b2f66a5a83544ab46f1f46ac37453033fb4861c4707cf4a7a2763a9b2882fbff	5445580080008000010c00012c2c0000	59f9c55a28d5c4fe	assets/characters/braum/skins/skin51/particles/leona_skin50_blastring.tex	League texture	other skin/shared; see reference graph	07f65b37fb75e834.bin;08e5b232f3994eee.bin;3079df1f381a87bc.bin;6c66319ffa4bb738.bin;6d6176ab099f3064.bin;70c57eae58af6c94.bin;7ca837cacce9639a.bin;b511ce2cc52d55a4.bin;d01bf01d5611bc53.bin;d56c87aaf7fac0ee.bin
5a1df68a762fb278.tex	.tex	C:\Users\etqdo\Downloads\Clash Braum project\Braum.wad\5a1df68a762fb278.tex	Braum.wad/5a1df68a762fb278.tex	43716	36b9efcbcf04a5162d8aec5f763aeadd01a092fb01456b02da1c8342c2c64141	5445580000010001010a00012e6b0e84	5a1df68a762fb278	assets/characters/braum/skins/skin39/particles/braum_skin39_poro_tx_cm.tex	League texture	other skin/shared; see reference graph	cf092c39484cec07.bin
5a373314f38f97b9.tex	.tex	C:\Users\etqdo\Downloads\Clash Braum project\Braum.wad\5a373314f38f97b9.tex	Braum.wad/5a373314f38f97b9.tex	10948	3e09eb6218b3b15409aa238c3f7ed77f2cb4674dd65e9a3c3fa857fa2b38efd6	5445580080008000010a000162106108	5a373314f38f97b9	assets/characters/braum/skins/skin33/particles/braum_skin33_p_poro_mustache.tex	League texture	other skin/shared; see reference graph	ac2d2bd054d44f09.bin
5a63e9166d2dbd80.tex	.tex	C:\Users\etqdo\Downloads\Clash Braum project\Braum.wad\5a63e9166d2dbd80.tex	Braum.wad/5a63e9166d2dbd80.tex	43716	25b523da61e89b579097b7c23780d36abe33a0381fa04e941f26adc5ef996947	5445580000010001010a0001c739c318	5a63e9166d2dbd80	assets/characters/braum/skins/skin51/particles/braum_skin51_w_decal_blur.tex	League texture	other skin/shared; see reference graph	7a1193b055eb059a.bin
5a67f510acad9893.tex	.tex	C:\Users\etqdo\Downloads\Clash Braum project\Braum.wad\5a67f510acad9893.tex	Braum.wad/5a67f510acad9893.tex	21884	5e89d16d1ad75d20bc16dd7b18a76c459e4e6809b0a4500b95323e9a2d366388	5445580080008000010c0001ffff0000	5a67f510acad9893	assets/characters/braum/skins/skin38/particles/braum_skin38_r_fish.tex	League texture	other skin/shared; see reference graph	f2aa871abddf9427.bin
5a7f6869d7275bc8.tex	.tex	C:\Users\etqdo\Downloads\Clash Braum project\Braum.wad\5a7f6869d7275bc8.tex	Braum.wad/5a7f6869d7275bc8.tex	174788	cc547cc30e4b27c3cd2c7dfffbb99ba7beb60f9d3eef1eab0980b190f4ade768	5445580000020002010a0001a762a751	5a7f6869d7275bc8	assets/characters/braum/skins/skin41/braum_skin41_coconut_tx_cm.tex	League texture	other skin/shared; see reference graph	f5df8e88540921e0.bin
5a7fff4539714c9f.tex	.tex	C:\Users\etqdo\Downloads\Clash Braum project\Braum.wad\5a7fff4539714c9f.tex	Braum.wad/5a7fff4539714c9f.tex	87420	a15bb71a37ce412d820702b1ecaaa939d2c01c1a3b032219175bdca7980313cd	5445580000010001010c000133330000	5a7fff4539714c9f	assets/characters/braum/skins/skin01/particles/braum_skin01_i_shield_glow.tex	League texture	other skin/shared; see reference graph	fca448d5ff3861b5.bin
5aa7399f8bad6ddc.tex	.tex	C:\Users\etqdo\Downloads\Clash Braum project\Braum.wad\5aa7399f8bad6ddc.tex	Braum.wad/5aa7399f8bad6ddc.tex	21884	402dbc2999fefa8cf5576da67f7882afcb0115b734a6c1b7f4dd6e24bb4ddb8c	5445580080008000010c000158580000	5aa7399f8bad6ddc	assets/characters/braum/skins/skin42/particles/braum_skin42_q_backdrop.tex	League texture	other skin/shared; see reference graph	ab5fbb4cdcdfb2ef.bin
5ab7bf2785589f83.tex	.tex	C:\Users\etqdo\Downloads\Clash Braum project\Braum.wad\5ab7bf2785589f83.tex	Braum.wad/5ab7bf2785589f83.tex	21884	a311328b3857d4b039dbb78b9a9c50b68fce0c4412397a3a3fe758c3b475fcd8	5445580080008000010c000150500000	5ab7bf2785589f83	assets/characters/braum/skins/skin51/particles/3026_items_noise_02.tex	League texture	other skin/shared; see reference graph	07f65b37fb75e834.bin;08e5b232f3994eee.bin;3079df1f381a87bc.bin;6c66319ffa4bb738.bin;6d6176ab099f3064.bin;70c57eae58af6c94.bin;7a1193b055eb059a.bin;7ca837cacce9639a.bin;b511ce2cc52d55a4.bin;d01bf01d5611bc53.bin;d56c87aaf7fac0ee.bin
5adff70adec2bf00.tex	.tex	C:\Users\etqdo\Downloads\Clash Braum project\Braum.wad\5adff70adec2bf00.tex	Braum.wad/5adff70adec2bf00.tex	87420	c89e76a6645f5ac7762301eafa159982153a7a6abbb02f4e3d80d54b65a56631	5445580000010001010c00011a1a0000	5adff70adec2bf00	assets/characters/braum/skins/skin51/particles/braum_skin51_ba_lightning02.tex	League texture	other skin/shared; see reference graph	7a1193b055eb059a.bin
5b193906cbb096b0.tex	.tex	C:\Users\etqdo\Downloads\Clash Braum project\Braum.wad\5b193906cbb096b0.tex	Braum.wad/5b193906cbb096b0.tex	10948	966cdc0aad6a7fd41b69ef95b896d97c859efed49b5b1522457b0dbe9c71fd55	5445580080008000010a00017dc69dc5	5b193906cbb096b0	assets/characters/braum/skins/skin51/particles/braum_skin51_colorgrad_04.tex	League texture	other skin/shared; see reference graph	07f65b37fb75e834.bin;08e5b232f3994eee.bin;3079df1f381a87bc.bin;6c66319ffa4bb738.bin;6d6176ab099f3064.bin;70c57eae58af6c94.bin;7a1193b055eb059a.bin;7ca837cacce9639a.bin;b511ce2cc52d55a4.bin;d01bf01d5611bc53.bin;d56c87aaf7fac0ee.bin
5b3c1a3fedbe6b0f.tex	.tex	C:\Users\etqdo\Downloads\Clash Braum project\Braum.wad\5b3c1a3fedbe6b0f.tex	Braum.wad/5b3c1a3fedbe6b0f.tex	87420	1a56ce7595af2b19bdff0ee0348bb7a9caf132784a7422ca31d4a4b034b65207	5445580000010001010c0001ffff0000	5b3c1a3fedbe6b0f	assets/characters/braum/skins/skin11/particles/braum_skin11_r_nova.tex	League texture	other skin/shared; see reference graph	2974de4048ee048b.bin
5b5473dabe4f30c9.skn	.skn	C:\Users\etqdo\Downloads\Clash Braum project\Braum.wad\5b5473dabe4f30c9.skn	Braum.wad/5b5473dabe4f30c9.skn	10444	51b6ee00df08b0f522c318babba5416655b288b2e5929acd43b4509feda48d7f	3322110004000100010000006c616d62	5b5473dabe4f30c9	assets/characters/braum/skins/skin33/particles/r_fish_01.skn	Skinned mesh with submeshes and vertex weights	other skin/shared; see reference graph	25c2b1d3f80a7166.bin;399a7a520477b139.bin;3a207b8680fc4f78.bin;4af4d37cc3da7630.bin;775c4474dbe4b86c.bin;cf092c39484cec07.bin;f2aa871abddf9427.bin;f5df8e88540921e0.bin;ff9b3266cfca2ba6.bin
5b751b4ec53e8277.tex	.tex	C:\Users\etqdo\Downloads\Clash Braum project\Braum.wad\5b751b4ec53e8277.tex	Braum.wad/5b751b4ec53e8277.tex	43740	04a28df0c980f4e429f3df01b421ed2af1ef039bae1d7a23afeced7bfaf73d26	5445580080000001010c000146460000	5b751b4ec53e8277	assets/characters/braum/skins/skin24/particles/braum_skin24_ba_swipe_03.tex	League texture	other skin/shared; see reference graph	02ab7e4623adf97e.bin
5bad8b437bb512e3.scb	.scb	C:\Users\etqdo\Downloads\Clash Braum project\Braum.wad\5bad8b437bb512e3.scb	Braum.wad/5bad8b437bb512e3.scb	19540	a8755a4a796fe154ff240348bc263073647b9be7952f62e38094680ac440f07e	723364324d6573680300020000000000	5bad8b437bb512e3	assets/characters/braum/skins/skin51/particles/braum_skin51_z_aoe_waves_012.scb	Static mesh, commonly VFX geometry	other skin/shared; see reference graph	7a1193b055eb059a.bin
5bd12fcd4f8d1529.tex	.tex	C:\Users\etqdo\Downloads\Clash Braum project\Braum.wad\5bd12fcd4f8d1529.tex	Braum.wad/5bd12fcd4f8d1529.tex	21884	86d879874e299d3955ea4caeb41022e2a84f59696ce4d800787e5899f52dbb96	5445580080008000010c000139390000	5bd12fcd4f8d1529	assets/characters/braum/skins/skin24/particles/braum_skin24_ba_hit_distort_circle.tex	League texture	other skin/shared; see reference graph	02ab7e4623adf97e.bin;3f6a40609700ee85.bin;88b5dd6dc0e099bd.bin;8cf62c85e1e2e7f9.bin;992d3c62ff62964c.bin;a582cf4ad353f261.bin;b30d6dd1b38ee53c.bin;c5c66176cca69ad3.bin;caacae9cc35f0267.bin;d3dbd3f84a5b8600.bin
5bd8d81d595c1f88.tex	.tex	C:\Users\etqdo\Downloads\Clash Braum project\Braum.wad\5bd8d81d595c1f88.tex	Braum.wad/5bd8d81d595c1f88.tex	43716	ac1cf38f6091aede0c9fd49308547d8bbe0b6810a25f79ccaf087fd5290e5f68	5445580000010001010a000184418742	5bd8d81d595c1f88	assets/characters/braum/skins/skin42/particles/braum_skin42_p_bone06.tex	League texture	other skin/shared; see reference graph	ab5fbb4cdcdfb2ef.bin
5be96d3d9b91cee5.tex	.tex	C:\Users\etqdo\Downloads\Clash Braum project\Braum.wad\5be96d3d9b91cee5.tex	Braum.wad/5be96d3d9b91cee5.tex	21884	51dd61bd53f27bd702c9d2a94bafd37f725d03337642a6e1a5b6ec37adfbbbd5	5445580080008000010c00016c6c0000	5be96d3d9b91cee5	assets/characters/braum/skins/skin51/particles/braum_skin51_p_erosion_pack.tex	League texture	other skin/shared; see reference graph	7a1193b055eb059a.bin
5bfe455fdfd6dfbd.tex	.tex	C:\Users\etqdo\Downloads\Clash Braum project\Braum.wad\5bfe455fdfd6dfbd.tex	Braum.wad/5bfe455fdfd6dfbd.tex	87420	6fd0ea6cf81191c26f66a612114bddada7fe75dd27a43be907ec03ec263aa242	5445580000010001010c00010c0c0000	5bfe455fdfd6dfbd	assets/characters/braum/skins/skin42/particles/braum_skin42_p_bone02.tex	League texture	other skin/shared; see reference graph	ab5fbb4cdcdfb2ef.bin
5c2e9cf6294a9031.tex	.tex	C:\Users\etqdo\Downloads\Clash Braum project\Braum.wad\5c2e9cf6294a9031.tex	Braum.wad/5c2e9cf6294a9031.tex	349564	1e58b11beece6a2c8e611b23e171fef10ae38b1a3e12df7afffb856658cf9664	5445580000020002010c0001caca0000	5c2e9cf6294a9031	assets/characters/braum/skins/base/particles/braum_base_e_shield_override.tex	League texture	base or shared candidate	2974de4048ee048b.bin;eb9d53354a504663.bin
5c4e471163fb715c.tex	.tex	C:\Users\etqdo\Downloads\Clash Braum project\Braum.wad\5c4e471163fb715c.tex	Braum.wad/5c4e471163fb715c.tex	349556	198f6a0d5067386e2348f543b7474fb0929175ea4fb56a9e6767a3733c50c100	5445580000040002010a000105410522	5c4e471163fb715c	assets/characters/braum/skins/skin21/braum_skin21_tx_cm.tex	League texture	other skin/shared; see reference graph	a497a5055810256b.bin
5c5eafc5c41f3f1f.scb	.scb	C:\Users\etqdo\Downloads\Clash Braum project\Braum.wad\5c5eafc5c41f3f1f.scb	Braum.wad/5c5eafc5c41f3f1f.scb	136572	090c2703d5846b3bd62ded2d6601ea40fa408b329389b9d7bf5312812e05f8b2	723364324d6573680300020000000000	5c5eafc5c41f3f1f	assets/characters/braum/skins/skin10/particles/braum_skin10_p_poro.scb	Static mesh, commonly VFX geometry	other skin/shared; see reference graph	f63b31a3da327a4f.bin
5c7327ce0ac9ff40.tex	.tex	C:\Users\etqdo\Downloads\Clash Braum project\Braum.wad\5c7327ce0ac9ff40.tex	Braum.wad/5c7327ce0ac9ff40.tex	87420	4f2f78556021df507a990d162415cb949a713ce453afdd2792238d69105393c4	5445580000010001010c000137370000	5c7327ce0ac9ff40	assets/characters/braum/skins/skin24/particles/braum_skin24_e_shield_ice_smoke.tex	League texture	other skin/shared; see reference graph	02ab7e4623adf97e.bin;3f6a40609700ee85.bin;88b5dd6dc0e099bd.bin;8cf62c85e1e2e7f9.bin;992d3c62ff62964c.bin;a582cf4ad353f261.bin;b30d6dd1b38ee53c.bin;c5c66176cca69ad3.bin;caacae9cc35f0267.bin;d3dbd3f84a5b8600.bin
5c79ff2967555c7d.tex	.tex	C:\Users\etqdo\Downloads\Clash Braum project\Braum.wad\5c79ff2967555c7d.tex	Braum.wad/5c79ff2967555c7d.tex	174788	292a3f5b29ffb6a3f9bbd8dfb54381641c95e53bbc2b40a918e4ccd8bf31a251	5445580000020002010a000163936172	5c79ff2967555c7d	assets/characters/braum/skins/skin13/particles/braum_skin13_q_mis.tex	League texture	other skin/shared; see reference graph	a44281cd843a8348.bin
5c8ff0e491e7a831.tex	.tex	C:\Users\etqdo\Downloads\Clash Braum project\Braum.wad\5c8ff0e491e7a831.tex	Braum.wad/5c8ff0e491e7a831.tex	87420	4f2f78556021df507a990d162415cb949a713ce453afdd2792238d69105393c4	5445580000010001010c000137370000	5c8ff0e491e7a831	assets/characters/braum/skins/skin11/particles/braum_skin11_e_shield_ice_smoke.tex	League texture	other skin/shared; see reference graph	2974de4048ee048b.bin
5cb32206c4c4f89a.tex	.tex	C:\Users\etqdo\Downloads\Clash Braum project\Braum.wad\5cb32206c4c4f89a.tex	Braum.wad/5cb32206c4c4f89a.tex	349556	38738f0320c2b176054e984685deafbe14c38fc3c46dd21ff248b093827cf2ed	5445580000040002010a0001e7510932	5cb32206c4c4f89a	assets/characters/braum/skins/skin18/braum_skin18_tx_cm.tex	League texture	other skin/shared; see reference graph	36b00af025f54940.bin
5cd3403644ae2e17.anm	.anm	C:\Users\etqdo\Downloads\Clash Braum project\Braum.wad\5cd3403644ae2e17.anm	Braum.wad/5cd3403644ae2e17.anm	43122	5d7df325022cdbf42b5ef7754cfb5e088cca8cbedf28532b1d0f74554cb6615d	72336432616e6d640500000066a80000	5cd3403644ae2e17		Animation tracks	other skin/shared; see reference graph	
5cd44f325dd2cb5e.tex	.tex	C:\Users\etqdo\Downloads\Clash Braum project\Braum.wad\5cd44f325dd2cb5e.tex	Braum.wad/5cd44f325dd2cb5e.tex	10948	6220ddf4ac3657acdbdb77ad3c6720ae36dc23312b48d99a6f7fa571b5ca501b	5445580080008000010a000142082100	5cd44f325dd2cb5e	assets/characters/braum/skins/skin51/particles/braum_skin51_ba_stars.tex	League texture	other skin/shared; see reference graph	7a1193b055eb059a.bin
5d090535a9f9b84d.tex	.tex	C:\Users\etqdo\Downloads\Clash Braum project\Braum.wad\5d090535a9f9b84d.tex	Braum.wad/5d090535a9f9b84d.tex	699076	12cd195e39f548ac408d7ca9508b0a623e04e3e317e279705697db58130d6420	5445580000040004010a0001495b6952	5d090535a9f9b84d	assets/characters/braum/skins/skin41/braum_skin41_shield_tx_cm.tex	League texture	other skin/shared; see reference graph	f5df8e88540921e0.bin
5d40eee3fe19b90f.skl	.skl	C:\Users\etqdo\Downloads\Clash Braum project\Braum.wad\5d40eee3fe19b90f.skl	Braum.wad/5d40eee3fe19b90f.skl	304	1f61b6924e577983e7fb7f2eddb4312bfbe340c349a89f0258fe10ef49bfd8ad	30010000c34ffd220000000000000200	5d40eee3fe19b90f	assets/characters/braum/skins/skin24/particles/braum_skin24_r_cake_shard_06.skl	Skeleton, bind transforms and influence palette	other skin/shared; see reference graph	3f6a40609700ee85.bin;88b5dd6dc0e099bd.bin;8cf62c85e1e2e7f9.bin;992d3c62ff62964c.bin;a582cf4ad353f261.bin;b30d6dd1b38ee53c.bin;c5c66176cca69ad3.bin;caacae9cc35f0267.bin;d3dbd3f84a5b8600.bin
5d4f2977ddcabb27.tex	.tex	C:\Users\etqdo\Downloads\Clash Braum project\Braum.wad\5d4f2977ddcabb27.tex	Braum.wad/5d4f2977ddcabb27.tex	43732	026ea9f4108175eacc0302b6bda6af0f79a6997452d3b64b703b4e80d9d7848a	5445580000028000010a0001a94aa949	5d4f2977ddcabb27	assets/characters/braum/skins/skin33/particles/braum_skin33_splash_mesh_erosion.tex	League texture	other skin/shared; see reference graph	ac2d2bd054d44f09.bin
5d66d0912e54439a.tex	.tex	C:\Users\etqdo\Downloads\Clash Braum project\Braum.wad\5d66d0912e54439a.tex	Braum.wad/5d66d0912e54439a.tex	2756	3fac764e02b2cb8dc91ff01feb7401681e8dffd631f9661a3452d210eea43220	5445580040004000010a0001f0830e74	5d66d0912e54439a	assets/characters/braum/skins/skin33/particles/color-rampdown_del.tex	League texture	other skin/shared; see reference graph	ac2d2bd054d44f09.bin
5d7b47a27ddfd71d.tex	.tex	C:\Users\etqdo\Downloads\Clash Braum project\Braum.wad\5d7b47a27ddfd71d.tex	Braum.wad/5d7b47a27ddfd71d.tex	43716	6cb721f63211c59c0cf678b2e655cdb96f86fcd7626d13642a549cf974e8fc1e	5445580000010001010a0001a2102108	5d7b47a27ddfd71d	assets/characters/braum/skins/skin51/particles/braum_skin51_rain_06.tex	League texture	other skin/shared; see reference graph	07f65b37fb75e834.bin;08e5b232f3994eee.bin;3079df1f381a87bc.bin;6c66319ffa4bb738.bin;6d6176ab099f3064.bin;70c57eae58af6c94.bin;7a1193b055eb059a.bin;7ca837cacce9639a.bin;b511ce2cc52d55a4.bin;d01bf01d5611bc53.bin;d56c87aaf7fac0ee.bin
5d7e7a1984eb745d.bin	.bin	C:\Users\etqdo\Downloads\Clash Braum project\Braum.wad\5d7e7a1984eb745d.bin	Braum.wad/5d7e7a1984eb745d.bin	25259	0f644c3a97efb880369e84ff345080f51a6cc1a2e549aad81f4f763826fc48c5	50524f5003000000090000003f034441	5d7e7a1984eb745d	data/characters/braum/skins/skin4.bin	Property configuration and asset links	other skin/shared; see reference graph	
5dcc8e8cfc6441c7.tex	.tex	C:\Users\etqdo\Downloads\Clash Braum project\Braum.wad\5dcc8e8cfc6441c7.tex	Braum.wad/5dcc8e8cfc6441c7.tex	87420	d9a304ff1409aadc23a64442800f75840c2796479b31cff8101b4e58b447d044	5445580000010001010c000112120000	5dcc8e8cfc6441c7	assets/characters/braum/skins/skin10/particles/braum_skin10_p_hitone.tex	League texture	other skin/shared; see reference graph	f63b31a3da327a4f.bin
5de4e7a591456108.scb	.scb	C:\Users\etqdo\Downloads\Clash Braum project\Braum.wad\5de4e7a591456108.scb	Braum.wad/5de4e7a591456108.scb	9640	7f43aa5be4b6c99f06dc61b8f5bc47f2b1125bec904c6c9ef0a44d28bf240b0b	723364324d65736803000200653a5c72	5de4e7a591456108	assets/characters/braum/skins/skin10/particles/braum_base_r_crack_02.scb	Static mesh, commonly VFX geometry	other skin/shared; see reference graph	2974de4048ee048b.bin;2dc39c165f3aa923.bin
5e21202a9a0cef1a.bin	.bin	C:\Users\etqdo\Downloads\Clash Braum project\Braum.wad\5e21202a9a0cef1a.bin	Braum.wad/5e21202a9a0cef1a.bin	57622	e4a482d1c5ac3b7547c78d1d74704e034ad13858cb5d29cc2bb8470dec1e7b40	50524f50030000000000000001000000	5e21202a9a0cef1a	data/characters/braum/animations/skin42.bin	Property configuration and asset links	other skin/shared; see reference graph	087454f36df0c471.bin;21c14331eb9e3fdd.bin;5665076b09fc85c9.bin;60bd129d627e731e.bin;99f61b5c2dd61e45.bin;a485c4b46181b64d.bin;b4470b8fb5a238f6.bin;e4dae9eea59fb2f8.bin;fbd72592f4eee68e.bin
5ea049882cb64369.tex	.tex	C:\Users\etqdo\Downloads\Clash Braum project\Braum.wad\5ea049882cb64369.tex	Braum.wad/5ea049882cb64369.tex	43716	bfc7e1c00deda682a20a00207bdc94d30672aa7d6d425b0dc836a8cf3be692e0	5445580000010001010a000141104008	5ea049882cb64369	assets/characters/braum/skins/skin01/particles/braum_skin01_q_end_spark_mis.tex	League texture	other skin/shared; see reference graph	fca448d5ff3861b5.bin
5eaa885c0207a619.tex	.tex	C:\Users\etqdo\Downloads\Clash Braum project\Braum.wad\5eaa885c0207a619.tex	Braum.wad/5eaa885c0207a619.tex	43740	f32f7c46132bed3ee75a720d5894524fe9bc2808b5a16b29b5d427f4f87b38a4	5445580000018000010c000179790000	5eaa885c0207a619	assets/characters/braum/skins/base/particles/braum_base_w_ice_shard_trail.tex	League texture	base or shared candidate	2dc39c165f3aa923.bin
5ecfe454820feda5.tex	.tex	C:\Users\etqdo\Downloads\Clash Braum project\Braum.wad\5ecfe454820feda5.tex	Braum.wad/5ecfe454820feda5.tex	21884	855cf839c04860ffb6c0875c0e5c2b6e1b012f9bb2e5201692a1022e8333bae1	5445580080008000010c00013d3d0000	5ecfe454820feda5	assets/characters/braum/skins/skin24/particles/braum_skin24_spitdrops32.tex	League texture	other skin/shared; see reference graph	02ab7e4623adf97e.bin
5f01c9d75749b157.tex	.tex	C:\Users\etqdo\Downloads\Clash Braum project\Braum.wad\5f01c9d75749b157.tex	Braum.wad/5f01c9d75749b157.tex	21884	2d9571c3cd7e2593f23575a68312d27144f296a108e78cf47f9de23693db0be2	5445580080008000010c00016d6d0000	5f01c9d75749b157	assets/characters/braum/skins/skin33/particles/braum_skin33_hat.tex	League texture	other skin/shared; see reference graph	3a207b8680fc4f78.bin
5f23996ae2e56017.tex	.tex	C:\Users\etqdo\Downloads\Clash Braum project\Braum.wad\5f23996ae2e56017.tex	Braum.wad/5f23996ae2e56017.tex	87420	b597308bb48a8c452e3f427b2f5ce1000a2f8e6897a5df2c91e656c57e1ca0b7	5445580000010001010c00014d4d0000	5f23996ae2e56017	assets/characters/braum/skins/base/particles/braum_base_i_smoke_seq.tex	League texture	base or shared candidate	2ac87759d2643dea.bin;d0b441e03335be65.bin;f2ef4463d62600e6.bin;fca448d5ff3861b5.bin
5f4abb87e2188d7e.tex	.tex	C:\Users\etqdo\Downloads\Clash Braum project\Braum.wad\5f4abb87e2188d7e.tex	Braum.wad/5f4abb87e2188d7e.tex	5500	823941857a0837ae65a721b879433c98741e9a94f1571db4968fe8c33da3f35c	5445580040004000010c00014e4e0000	5f4abb87e2188d7e	assets/characters/braum/skins/skin24/particles/braum_skin24_distort_rgba.tex	League texture	other skin/shared; see reference graph	02ab7e4623adf97e.bin;3f6a40609700ee85.bin;88b5dd6dc0e099bd.bin;8cf62c85e1e2e7f9.bin;992d3c62ff62964c.bin;a582cf4ad353f261.bin;b30d6dd1b38ee53c.bin;c5c66176cca69ad3.bin;caacae9cc35f0267.bin;d3dbd3f84a5b8600.bin
5f5a72bd7ef59b56.tex	.tex	C:\Users\etqdo\Downloads\Clash Braum project\Braum.wad\5f5a72bd7ef59b56.tex	Braum.wad/5f5a72bd7ef59b56.tex	174788	c0253a0e925b026dd35978f7bd1e23c987e2633b23b4b3f87cec52e73f91b7d9	5445580000020002010a00010e7c0e7b	5f5a72bd7ef59b56		League texture	other skin/shared; see reference graph	
5f6498bf2ea17254.tex	.tex	C:\Users\etqdo\Downloads\Clash Braum project\Braum.wad\5f6498bf2ea17254.tex	Braum.wad/5f6498bf2ea17254.tex	43716	90aa4285e9453ebff15fed5d53a72a530eb9905d7736145597cc5df7e13ca2cf	5445580000010001010a0001a2000100	5f6498bf2ea17254	assets/characters/braum/skins/base/particles/braum_base_e_shield_inchant_flash.tex	League texture	base or shared candidate	03e78a116663752e.bin;2974de4048ee048b.bin;eb9d53354a504663.bin
5f8f7f3e0d080c21.scb	.scb	C:\Users\etqdo\Downloads\Clash Braum project\Braum.wad\5f8f7f3e0d080c21.scb	Braum.wad/5f8f7f3e0d080c21.scb	440	a9e56ae30f242776ea9735af4796e8ca85aae2a51baa738e43796f8b888a28f8	723364324d6573680300020000000000	5f8f7f3e0d080c21	assets/characters/braum/skins/skin42/particles/braum_skin42_q_front_cone_quad_v02.scb	Static mesh, commonly VFX geometry	other skin/shared; see reference graph	ab5fbb4cdcdfb2ef.bin
5fb71c7c2233e4d4.tex	.tex	C:\Users\etqdo\Downloads\Clash Braum project\Braum.wad\5fb71c7c2233e4d4.tex	Braum.wad/5fb71c7c2233e4d4.tex	87420	c9dfe0d85fb8a5137898b68a64d449c8757e38fa27b58eb64184a82c64450534	5445580000010001010c000105050000	5fb71c7c2233e4d4	assets/characters/braum/skins/base/particles/braum_base_r_dirt_spatter.tex	League texture	base or shared candidate	2dc39c165f3aa923.bin;f63b31a3da327a4f.bin
5ff2530148817f34.tex	.tex	C:\Users\etqdo\Downloads\Clash Braum project\Braum.wad\5ff2530148817f34.tex	Braum.wad/5ff2530148817f34.tex	87420	67e94fd3466988535b76977e753d32a6236dff2e0e41330d24373f373ceeadd5	5445580000010001010c00011e1e0000	5ff2530148817f34	assets/shared/particles/zac_skin02_directionalsplash_4x2.tex	League texture	other skin/shared; see reference graph	25c2b1d3f80a7166.bin;399a7a520477b139.bin;3a207b8680fc4f78.bin;4af4d37cc3da7630.bin;775c4474dbe4b86c.bin;ac2d2bd054d44f09.bin;cf092c39484cec07.bin;f2aa871abddf9427.bin;f5df8e88540921e0.bin;ff9b3266cfca2ba6.bin
5ff6c7f93547ff6d.tex	.tex	C:\Users\etqdo\Downloads\Clash Braum project\Braum.wad\5ff6c7f93547ff6d.tex	Braum.wad/5ff6c7f93547ff6d.tex	174788	dd95578c5691ae6f3c644372d8b4bfe4ff170f142216263143902209f70ec0d3	5445580000020002010a00014439275a	5ff6c7f93547ff6d	assets/characters/braum/skins/skin15/particles/braum_skin15_q_mis.tex	League texture	other skin/shared; see reference graph	e1dfd1a549890037.bin
5ffbfd80ca4feaba.tex	.tex	C:\Users\etqdo\Downloads\Clash Braum project\Braum.wad\5ffbfd80ca4feaba.tex	Braum.wad/5ffbfd80ca4feaba.tex	10948	3e09eb6218b3b15409aa238c3f7ed77f2cb4674dd65e9a3c3fa857fa2b38efd6	5445580080008000010a000162106108	5ffbfd80ca4feaba	assets/characters/braum/skins/skin51/particles/braum_skin51_p_poro_mustache.tex	League texture	other skin/shared; see reference graph	7a1193b055eb059a.bin
604a92f7f9b95972.tex	.tex	C:\Users\etqdo\Downloads\Clash Braum project\Braum.wad\604a92f7f9b95972.tex	Braum.wad/604a92f7f9b95972.tex	3100	79512908e6c3de4f702e367b890089a133f14de2c2d6646ee77a644f36bb8bcf	5445580000010800010c000184840000	604a92f7f9b95972	assets/characters/braum/skins/skin33/particles/braum_skin33_z_rockcrater_mult.tex	League texture	other skin/shared; see reference graph	ac2d2bd054d44f09.bin
6086a4c3862080bb.tex	.tex	C:\Users\etqdo\Downloads\Clash Braum project\Braum.wad\6086a4c3862080bb.tex	Braum.wad/6086a4c3862080bb.tex	87420	0b815a38fa807e24ed57588a171f882f0249ff852501cb7d038f5bcb063db2a6	5445580000010001010c000145450000	6086a4c3862080bb	assets/characters/braum/skins/skin51/particles/braum_skin51_w_ground_shield_decal.tex	League texture	other skin/shared; see reference graph	7a1193b055eb059a.bin
60877fbf6682e13e.tex	.tex	C:\Users\etqdo\Downloads\Clash Braum project\Braum.wad\60877fbf6682e13e.tex	Braum.wad/60877fbf6682e13e.tex	21884	86d879874e299d3955ea4caeb41022e2a84f59696ce4d800787e5899f52dbb96	5445580080008000010c000139390000	60877fbf6682e13e	assets/characters/braum/skins/skin01/particles/braum_skin01_r_distortion_cas.tex	League texture	other skin/shared; see reference graph	1eb4979be4e9320c.bin;26fe02fb42fe5d0f.bin;3e345a7cf645a903.bin;4b8cf46e9a27ff51.bin;4fed391540044397.bin;5d7e7a1984eb745d.bin;69066dbc18657bec.bin;7b9824cbef34ed4d.bin;812e1da9fe14f1ec.bin;a497a5055810256b.bin;e250f290f6212f81.bin;fca448d5ff3861b5.bin
60bd129d627e731e.bin	.bin	C:\Users\etqdo\Downloads\Clash Braum project\Braum.wad\60bd129d627e731e.bin	Braum.wad/60bd129d627e731e.bin	11080	0ec23bfbcd69957c260864e840711d68c92ccdc8130809b6029497ea994b7d9b	50524f5003000000040000009a004441	60bd129d627e731e	data/characters/braum/skins/skin49.bin	Property configuration and asset links	other skin/shared; see reference graph	
60c743cdf55dec9e.skl	.skl	C:\Users\etqdo\Downloads\Clash Braum project\Braum.wad\60c743cdf55dec9e.skl	Braum.wad/60c743cdf55dec9e.skl	304	96e0b911c6fbcacb9901cd7c0d3f61611121746dd80296e38bbb187ca40ed437	30010000c34ffd220000000000000200	60c743cdf55dec9e	assets/characters/braum/skins/skin33/particles/braum_skin33_castle_3_amin.skl	Skeleton, bind transforms and influence palette	other skin/shared; see reference graph	ac2d2bd054d44f09.bin
60db93e0d5cd04dd.anm	.anm	C:\Users\etqdo\Downloads\Clash Braum project\Braum.wad\60db93e0d5cd04dd.anm	Braum.wad/60db93e0d5cd04dd.anm	99340	f31f7508397e4df0fab21b24661de29a824b46099597f79d99b5891339957b5c	7233643263616e6d0100000000840100	60db93e0d5cd04dd	assets/characters/braum/skins/base/animations/braum_laugh.anm	Animation tracks	base or shared candidate	0b01eaec2c944f55.bin;57bea13d59e2af1a.bin;6c0cf3da2d377385.bin;72028fe917890575.bin;aa0aa8a7dd53a131.bin;d0fe19959c26552d.bin;de78a7f6bf5c9803.bin
60dc43d25b386515.scb	.scb	C:\Users\etqdo\Downloads\Clash Braum project\Braum.wad\60dc43d25b386515.scb	Braum.wad/60dc43d25b386515.scb	8952	cf7a08462398f9001b1f48ad2b86d8c12f8f9c33c8106a4f91a39ede12de8968	723364324d6573680300020000000000	60dc43d25b386515	assets/characters/braum/skins/skin51/particles/braum_skin51_base_p_cooldowntimer.scb	Static mesh, commonly VFX geometry	other skin/shared; see reference graph	7a1193b055eb059a.bin
6116b83af81ec74e.tex	.tex	C:\Users\etqdo\Downloads\Clash Braum project\Braum.wad\6116b83af81ec74e.tex	Braum.wad/6116b83af81ec74e.tex	5524	5635f534173192cd44dc7c33ea2e7e09f2d4cf89f41bade913c62eb7ec44292e	5445580000012000010a0001ebb30b94	6116b83af81ec74e	assets/characters/braum/skins/skin33/particles/flame_trail_gradient.tex	League texture	other skin/shared; see reference graph	25c2b1d3f80a7166.bin;399a7a520477b139.bin;3a207b8680fc4f78.bin;4af4d37cc3da7630.bin;775c4474dbe4b86c.bin;ac2d2bd054d44f09.bin;cf092c39484cec07.bin;f2aa871abddf9427.bin;f5df8e88540921e0.bin;ff9b3266cfca2ba6.bin
61438a5c92143e5a.scb	.scb	C:\Users\etqdo\Downloads\Clash Braum project\Braum.wad\61438a5c92143e5a.scb	Braum.wad/61438a5c92143e5a.scb	7360	b791ea1620b5af392120509934c0faea847174211d10d7c0e5fbf0db70af1abf	723364324d6573680300020000000000	61438a5c92143e5a	assets/characters/braum/skins/skin33/particles/braum_skin33_q_water_ring.scb	Static mesh, commonly VFX geometry	other skin/shared; see reference graph	25c2b1d3f80a7166.bin;399a7a520477b139.bin;3a207b8680fc4f78.bin;4af4d37cc3da7630.bin;775c4474dbe4b86c.bin;cf092c39484cec07.bin;f2aa871abddf9427.bin;f5df8e88540921e0.bin;ff9b3266cfca2ba6.bin
6156ced3c6a08003.skn	.skn	C:\Users\etqdo\Downloads\Clash Braum project\Braum.wad\6156ced3c6a08003.skn	Braum.wad/6156ced3c6a08003.skn	1074	2df090e1accbc53f3743c408a73fb9347b0bfc18301d524287f8692404007a5a	33221100040001000100000070617374	6156ced3c6a08003	assets/characters/braum/skins/skin24/particles/braum_skin24_r_cake_shard_05.skn	Skinned mesh with submeshes and vertex weights	other skin/shared; see reference graph	3f6a40609700ee85.bin;88b5dd6dc0e099bd.bin;8cf62c85e1e2e7f9.bin;992d3c62ff62964c.bin;a582cf4ad353f261.bin;b30d6dd1b38ee53c.bin;c5c66176cca69ad3.bin;caacae9cc35f0267.bin;d3dbd3f84a5b8600.bin
615d61f160b53f20.tex	.tex	C:\Users\etqdo\Downloads\Clash Braum project\Braum.wad\615d61f160b53f20.tex	Braum.wad/615d61f160b53f20.tex	10948	101a864f4335970358e3775c5ba7f0b755fc074034812203e06c34bc2b3ef31e	5445580080008000010a000144214410	615d61f160b53f20	assets/characters/braum/skins/skin51/particles/braum_skin51_80.tex	League texture	other skin/shared; see reference graph	7a1193b055eb059a.bin
6163c6a316e42cd0.tex	.tex	C:\Users\etqdo\Downloads\Clash Braum project\Braum.wad\6163c6a316e42cd0.tex	Braum.wad/6163c6a316e42cd0.tex	16396	6671000ee1b286a4bdb4430a53f6bc4f5e75367a66d013a724187888f77f24df	5445580080008000010c000000000000	6163c6a316e42cd0		League texture	other skin/shared; see reference graph	
617844b51f13d7b4.tex	.tex	C:\Users\etqdo\Downloads\Clash Braum project\Braum.wad\617844b51f13d7b4.tex	Braum.wad/617844b51f13d7b4.tex	21884	2bfc8f61d38114cf5bc56d2fa1dbab4adc9aa77744eca39ac0c3581774b1dee3	5445580080008000010c00012e2e0000	617844b51f13d7b4	assets/characters/braum/skins/skin33/particles/braum_skin33_glasses.tex	League texture	other skin/shared; see reference graph	25c2b1d3f80a7166.bin;399a7a520477b139.bin;3a207b8680fc4f78.bin;4af4d37cc3da7630.bin;775c4474dbe4b86c.bin;cf092c39484cec07.bin;f2aa871abddf9427.bin;f5df8e88540921e0.bin;ff9b3266cfca2ba6.bin
618fb7714eb7446f.skl	.skl	C:\Users\etqdo\Downloads\Clash Braum project\Braum.wad\618fb7714eb7446f.skl	Braum.wad/618fb7714eb7446f.skl	18904	1046bcee2ce597904f0752c05184c506af98789d446e3c39907609eea8b28112	d8490000c34ffd220000000000009900	618fb7714eb7446f	assets/characters/braum/skins/skin33/braum_skin33.skl	Skeleton, bind transforms and influence palette	other skin/shared; see reference graph	25c2b1d3f80a7166.bin;399a7a520477b139.bin;3a207b8680fc4f78.bin;4af4d37cc3da7630.bin;775c4474dbe4b86c.bin;cf092c39484cec07.bin;f2aa871abddf9427.bin;f5df8e88540921e0.bin;ff9b3266cfca2ba6.bin
61d1ecb0dee6dbac.tex	.tex	C:\Users\etqdo\Downloads\Clash Braum project\Braum.wad\61d1ecb0dee6dbac.tex	Braum.wad/61d1ecb0dee6dbac.tex	21884	ea2be6db61cbf3a991f910b2c3bc970e47f01c87c8a170b78a8125d429c27e3a	5445580080008000010c00012e2e0000	61d1ecb0dee6dbac	assets/characters/braum/skins/skin33/particles/braum_z_doubl0espin_ring_2.tex	League texture	other skin/shared; see reference graph	ac2d2bd054d44f09.bin
6212881a601d0770.scb	.scb	C:\Users\etqdo\Downloads\Clash Braum project\Braum.wad\6212881a601d0770.scb	Braum.wad/6212881a601d0770.scb	73880	14ed95c5b4fe8eef2743daeaf41295b328f0df98611a1ace3fa5e08f1cb86ec8	723364324d6573680300020000000000	6212881a601d0770	assets/characters/braum/skins/skin10/particles/braum_skin10_gift_md.scb	Static mesh, commonly VFX geometry	other skin/shared; see reference graph	f63b31a3da327a4f.bin
621fa66824414dcb.anm	.anm	C:\Users\etqdo\Downloads\Clash Braum project\Braum.wad\621fa66824414dcb.anm	Braum.wad/621fa66824414dcb.anm	80430	6bfda9fc1a3460702c761106b2338eb333a096b87e4b956c7aee61a48e42ca5d	7233643263616e6d01000000223a0100	621fa66824414dcb	assets/characters/braum/skins/skin10/animations/braum_skin04_death.anm	Animation tracks	other skin/shared; see reference graph	57bea13d59e2af1a.bin
622eaa4816ada172.tex	.tex	C:\Users\etqdo\Downloads\Clash Braum project\Braum.wad\622eaa4816ada172.tex	Braum.wad/622eaa4816ada172.tex	87420	c371123f6e07691f850deed1671e7cc208e13a29d714453a87d790756d580a00	5445580000010001010c0001cccc0000	622eaa4816ada172	assets/characters/braum/skins/skin01/particles/braum_skin01_e_shield_mult.tex	League texture	other skin/shared; see reference graph	fca448d5ff3861b5.bin
623e128c2add828b.tex	.tex	C:\Users\etqdo\Downloads\Clash Braum project\Braum.wad\623e128c2add828b.tex	Braum.wad/623e128c2add828b.tex	349564	b997d4144e8239e66cc78f916a446880b6bde6b1f82f638787df5a99c633814c	5445580000020002010c0001ffff0000	623e128c2add828b	assets/characters/braum/skins/skin57/particles/braum_skin57_r_stone_01.tex	League texture	other skin/shared; see reference graph	b511ce2cc52d55a4.bin
6243375b34417d35.tex	.tex	C:\Users\etqdo\Downloads\Clash Braum project\Braum.wad\6243375b34417d35.tex	Braum.wad/6243375b34417d35.tex	349556	061aae62a2389142730e33945c8d169c509e0bd375e39dcdd7aa48f3ad2213c9	5445580000040002010a000149824d71	6243375b34417d35	assets/characters/braum/skins/skin24/braum_skin24_tx_cm.tex	League texture	other skin/shared; see reference graph	d3dbd3f84a5b8600.bin
62530067c489504a.tex	.tex	C:\Users\etqdo\Downloads\Clash Braum project\Braum.wad\62530067c489504a.tex	Braum.wad/62530067c489504a.tex	87420	65e31e186fd2bd720781e3f4aed60b5fa17860f0f82088408d31d6c0e8aa9af4	5445580000010001010c00011c1c0000	62530067c489504a	assets/characters/braum/skins/skin24/particles/braum_skin24_ba_distor_tar.tex	League texture	other skin/shared; see reference graph	02ab7e4623adf97e.bin
6299a56518b35a77.tex	.tex	C:\Users\etqdo\Downloads\Clash Braum project\Braum.wad\6299a56518b35a77.tex	Braum.wad/6299a56518b35a77.tex	349564	2e058acc963f5ae1f9d7476ab5d25ce09ef032eec626a3e67d0c104fe97b5b6b	5445580000020002010c0001adad0000	6299a56518b35a77	assets/characters/braum/skins/skin24/particles/braum_skin24_r_ground_crack.tex	League texture	other skin/shared; see reference graph	3f6a40609700ee85.bin;88b5dd6dc0e099bd.bin;8cf62c85e1e2e7f9.bin;992d3c62ff62964c.bin;a582cf4ad353f261.bin;b30d6dd1b38ee53c.bin;c5c66176cca69ad3.bin;caacae9cc35f0267.bin;d3dbd3f84a5b8600.bin
62dc6c288098413a.tex	.tex	C:\Users\etqdo\Downloads\Clash Braum project\Braum.wad\62dc6c288098413a.tex	Braum.wad/62dc6c288098413a.tex	87420	e0549aa2f5bfadf89f49f5c4bffb616220d2c5175801d6b3efa647c0ec78d94b	5445580000010001010c000105050000	62dc6c288098413a	assets/characters/braum/skins/skin42/particles/braum_skin42_recall_spark04_01.tex	League texture	other skin/shared; see reference graph	ab5fbb4cdcdfb2ef.bin
62e8e3e3ee883202.skl	.skl	C:\Users\etqdo\Downloads\Clash Braum project\Braum.wad\62e8e3e3ee883202.skl	Braum.wad/62e8e3e3ee883202.skl	304	90007dd2b091275e8b2488d17d33014b172ff0368da137d99f811d32a95798a8	30010000c34ffd220000000000000200	62e8e3e3ee883202	assets/characters/braum/skins/skin10/particles/barum_skin10_r_tree.skl	Skeleton, bind transforms and influence palette	other skin/shared; see reference graph	f63b31a3da327a4f.bin
630527b41be36d14.tex	.tex	C:\Users\etqdo\Downloads\Clash Braum project\Braum.wad\630527b41be36d14.tex	Braum.wad/630527b41be36d14.tex	5500	993593f0f9b2e1020db5e15737863e8b58e4fe0306acdafa6c0347094d8c84e4	5445580040004000010c0001aeae0000	630527b41be36d14	assets/characters/braum/skins/skin02/particles/braum_skin02_r_stripe_blast_mult.tex	League texture	other skin/shared; see reference graph	2dc39c165f3aa923.bin;d0b441e03335be65.bin;f63b31a3da327a4f.bin
630c6ae51facbcbf.tex	.tex	C:\Users\etqdo\Downloads\Clash Braum project\Braum.wad\630c6ae51facbcbf.tex	Braum.wad/630c6ae51facbcbf.tex	87420	60ab7d9728d9ab35c6444d5338ced2cf2dfb415251bacba2c38ee07bac710609	5445580000010001010c00011c1c0000	630c6ae51facbcbf	assets/characters/braum/skins/skin51/particles/braum_skin51_ba_trail_cas_02.tex	League texture	other skin/shared; see reference graph	7a1193b055eb059a.bin
638b8ab4cccc5c46.tex	.tex	C:\Users\etqdo\Downloads\Clash Braum project\Braum.wad\638b8ab4cccc5c46.tex	Braum.wad/638b8ab4cccc5c46.tex	174788	e87c5c362e5c0e07ca6b9cd9fce39b22caa2b4bbddecd1826643aa139d6a02a5	5445580000020002010a0001ec8bb06b	638b8ab4cccc5c46	assets/characters/braum/skins/skin19/particles/braum_skin19_q_mis.tex	League texture	other skin/shared; see reference graph	23b85b75eb659166.bin
63b2f23c0b8612ee.tex	.tex	C:\Users\etqdo\Downloads\Clash Braum project\Braum.wad\63b2f23c0b8612ee.tex	Braum.wad/63b2f23c0b8612ee.tex	349564	4e2d23597effb0fd2e3cd8627d3c07f390eb2d6abfbaf381066f0279d78851bf	5445580000020002010c0001e4e40000	63b2f23c0b8612ee	assets/characters/braum/skins/skin39/braum_skin39_palmtree_tx_cm.tex	League texture	other skin/shared; see reference graph	cf092c39484cec07.bin
63bb5355da2c0621.anm	.anm	C:\Users\etqdo\Downloads\Clash Braum project\Braum.wad\63bb5355da2c0621.anm	Braum.wad/63bb5355da2c0621.anm	37670	e5e03fc440f6da6b130da6e25707850c7cd0f787428e55b5bb42d10e2a2b4afc	7233643263616e6d010000001a930000	63bb5355da2c0621	assets/characters/braum/skins/skin11/animations/braum_skin11_spell3_idle90.anm	Animation tracks	other skin/shared; see reference graph	e43dcf714c8a2a42.bin
63c342e997d81acc.tex	.tex	C:\Users\etqdo\Downloads\Clash Braum project\Braum.wad\63c342e997d81acc.tex	Braum.wad/63c342e997d81acc.tex	43716	fc26ff9966e6e07d9521d4efb7a330865d80450f0daf2a80add96035eae904dd	5445580000010001010a000182100000	63c342e997d81acc	assets/characters/braum/skins/skin42/particles/braum_skin42_p_spark01.tex	League texture	other skin/shared; see reference graph	ab5fbb4cdcdfb2ef.bin
64082dc7c77d37ea.scb	.scb	C:\Users\etqdo\Downloads\Clash Braum project\Braum.wad\64082dc7c77d37ea.scb	Braum.wad/64082dc7c77d37ea.scb	34592	9ee102b02c9f51f2ff5c43e5756e52179c7ddf4d325b82ec65c3efe1ef29c438	723364324d6573680300020000000000	64082dc7c77d37ea	assets/characters/braum/skins/skin33/particles/shockwave2.scb	Static mesh, commonly VFX geometry	other skin/shared; see reference graph	ac2d2bd054d44f09.bin
64c132df6adc6e73.scb	.scb	C:\Users\etqdo\Downloads\Clash Braum project\Braum.wad\64c132df6adc6e73.scb	Braum.wad/64c132df6adc6e73.scb	57820	4dde489412a3cae8750175264f8b15fdb92026496b50b1f5068703b2b50a949e	723364324d65736802000200653a5c72	64c132df6adc6e73	assets/characters/braum/skins/skin51/particles/braum_skin51_e_block_shock.scb	Static mesh, commonly VFX geometry	other skin/shared; see reference graph	7a1193b055eb059a.bin
64d4fc8ae5426f84.tex	.tex	C:\Users\etqdo\Downloads\Clash Braum project\Braum.wad\64d4fc8ae5426f84.tex	Braum.wad/64d4fc8ae5426f84.tex	87420	f68e65c54404785381fe2e14a33f37d1827e1e3bc61ec4850fdfd74ff06ee703	5445580000010001010c000126260000	64d4fc8ae5426f84	assets/characters/braum/skins/skin02/particles/braum_skin02_r_flying_shards.tex	League texture	other skin/shared; see reference graph	d0b441e03335be65.bin
64f8485c6fc7518f.tex	.tex	C:\Users\etqdo\Downloads\Clash Braum project\Braum.wad\64f8485c6fc7518f.tex	Braum.wad/64f8485c6fc7518f.tex	1398140	f1d4adc6b12485711233be5408b4b886cc8021afad63490eb4fb9e4d07737a48	5445580000040004010c0001ffff0000	64f8485c6fc7518f	assets/characters/braum/skins/skin40/braum_skin40_body_tx_cm.tex	League texture	other skin/shared; see reference graph	775c4474dbe4b86c.bin
650382c792bf527e.tex	.tex	C:\Users\etqdo\Downloads\Clash Braum project\Braum.wad\650382c792bf527e.tex	Braum.wad/650382c792bf527e.tex	349564	c6e94f30df5538a9b7976f07ed011a62acb9a285bc118ee67f727589c597e215	5445580000020002010c0001ffff0000	650382c792bf527e	assets/characters/braum/skins/skin60/particles/braum_skin60_r_stone_01.tex	League texture	other skin/shared; see reference graph	6c66319ffa4bb738.bin
651ff9c2f7ddf8ee.tex	.tex	C:\Users\etqdo\Downloads\Clash Braum project\Braum.wad\651ff9c2f7ddf8ee.tex	Braum.wad/651ff9c2f7ddf8ee.tex	5500	4fbefb9a6b3059ed4563fac540e5ae77e3dba20f73a6df62a1e48e353ebfca6c	5445580040004000010c000195950000	651ff9c2f7ddf8ee	assets/characters/braum/skins/skin01/particles/braum_skin01_r_spatter_rgba.tex	League texture	other skin/shared; see reference graph	fca448d5ff3861b5.bin
6528748b5a90faab.tex	.tex	C:\Users\etqdo\Downloads\Clash Braum project\Braum.wad\6528748b5a90faab.tex	Braum.wad/6528748b5a90faab.tex	16396	536a283fd2669478ac9fae7142696d1544eb0015fee0cfcc67e90e924372113d	5445580080008000010c000000000000	6528748b5a90faab	assets/characters/braum/hud/braum_circle_11.tex	League texture	other skin/shared; see reference graph	23b85b75eb659166.bin;36b00af025f54940.bin;42ee6bdbfc9d170b.bin;4fe453abcf9c5181.bin;a44281cd843a8348.bin;bb8b47c7d87589f7.bin;d8a52eb470baa538.bin;e1dfd1a549890037.bin;ed7ecf9170cfaaf8.bin
655107fc0fbc0036.tex	.tex	C:\Users\etqdo\Downloads\Clash Braum project\Braum.wad\655107fc0fbc0036.tex	Braum.wad/655107fc0fbc0036.tex	43716	06c0e2bbe9f25d606b52c47a3a38160019ddae8ade932b22b70bb35fc0df8563	5445580000010001010a0001a2102108	655107fc0fbc0036	assets/characters/braum/skins/skin42/particles/braum_skin42_ba_ring_tar.tex	League texture	other skin/shared; see reference graph	ab5fbb4cdcdfb2ef.bin
65d1acbc8cba8f61.tex	.tex	C:\Users\etqdo\Downloads\Clash Braum project\Braum.wad\65d1acbc8cba8f61.tex	Braum.wad/65d1acbc8cba8f61.tex	87420	271221226d7891644d0a1b21ffe61f7c5c76954f282f3439f25273ae077fb87e	5445580000010001010c00013b3b0000	65d1acbc8cba8f61	assets/characters/braum/skins/skin02/particles/braum_skin02_r_frozen_ground_mis.tex	League texture	other skin/shared; see reference graph	d0b441e03335be65.bin
663ae5eb62376bdf.tex	.tex	C:\Users\etqdo\Downloads\Clash Braum project\Braum.wad\663ae5eb62376bdf.tex	Braum.wad/663ae5eb62376bdf.tex	43716	b05bad9a1e2abed063f87591c3aca49c34658a1260fc62c74c8dd7c76f584b0f	5445580000010001010a0001e418e318	663ae5eb62376bdf	assets/characters/braum/skins/skin51/particles/braum_skin51_w_flash_tar.tex	League texture	other skin/shared; see reference graph	07f65b37fb75e834.bin;08e5b232f3994eee.bin;3079df1f381a87bc.bin;6c66319ffa4bb738.bin;6d6176ab099f3064.bin;70c57eae58af6c94.bin;7a1193b055eb059a.bin;7ca837cacce9639a.bin;b511ce2cc52d55a4.bin;d01bf01d5611bc53.bin;d56c87aaf7fac0ee.bin
664404d94a9ade93.scb	.scb	C:\Users\etqdo\Downloads\Clash Braum project\Braum.wad\664404d94a9ade93.scb	Braum.wad/664404d94a9ade93.scb	20780	17b299c34848a52804d56bbc2121c45a77a5306abda83cf9dcc6b93b89dcb352	723364324d6573680300020000000000	664404d94a9ade93	assets/characters/braum/skins/skin11/particles/braum_skin11_e_shield.scb	Static mesh, commonly VFX geometry	other skin/shared; see reference graph	2974de4048ee048b.bin
664c8746e491e8f0.tex	.tex	C:\Users\etqdo\Downloads\Clash Braum project\Braum.wad\664c8746e491e8f0.tex	Braum.wad/664c8746e491e8f0.tex	21876	deb32bd3ddad217bfe80e8afb4d3b3810608e9b03559a8f7e4bdf1f38bd98b4c	5445580000018000010a0001a410a008	664c8746e491e8f0	assets/characters/braum/skins/skin33/particles/braum_skin33_q_flash_tar.tex	League texture	other skin/shared; see reference graph	25c2b1d3f80a7166.bin;399a7a520477b139.bin;3a207b8680fc4f78.bin;4af4d37cc3da7630.bin;775c4474dbe4b86c.bin;ac2d2bd054d44f09.bin;cf092c39484cec07.bin;f2aa871abddf9427.bin;f5df8e88540921e0.bin;ff9b3266cfca2ba6.bin
6658c333d5783f60.tex	.tex	C:\Users\etqdo\Downloads\Clash Braum project\Braum.wad\6658c333d5783f60.tex	Braum.wad/6658c333d5783f60.tex	87420	aa581cc955565289a957ebb7ec46c36532d6a1ea701d560c8541f2957397a7a7	5445580000010001010c000133330000	6658c333d5783f60	assets/characters/braum/skins/skin24/particles/braum_skin24_w_shield_glow.tex	League texture	other skin/shared; see reference graph	02ab7e4623adf97e.bin
6661acbb44fb4e90.tex	.tex	C:\Users\etqdo\Downloads\Clash Braum project\Braum.wad\6661acbb44fb4e90.tex	Braum.wad/6661acbb44fb4e90.tex	87420	cb4e79dac2a5cbb6048a2a58ac145db56b7a3491f27be2961f938c31d3a83c7a	5445580000010001010c000119190000	6661acbb44fb4e90	assets/characters/braum/skins/skin24/particles/braum_skin24_ba_hit_circle_tar.tex	League texture	other skin/shared; see reference graph	02ab7e4623adf97e.bin
666a980b864e0327.scb	.scb	C:\Users\etqdo\Downloads\Clash Braum project\Braum.wad\666a980b864e0327.scb	Braum.wad/666a980b864e0327.scb	9640	7f43aa5be4b6c99f06dc61b8f5bc47f2b1125bec904c6c9ef0a44d28bf240b0b	723364324d65736803000200653a5c72	666a980b864e0327	assets/characters/braum/skins/skin01/particles/braum_skin01_r_crack_02.scb	Static mesh, commonly VFX geometry	other skin/shared; see reference graph	fca448d5ff3861b5.bin
6673bc03eab8d9e2.tex	.tex	C:\Users\etqdo\Downloads\Clash Braum project\Braum.wad\6673bc03eab8d9e2.tex	Braum.wad/6673bc03eab8d9e2.tex	87420	2463a66762208a867391da20912a6889d25735c3c9f7c12818f2b00ee28f8513	5445580000010001010c000169690000	6673bc03eab8d9e2	assets/characters/braum/skins/skin53/particles/braum_skin53_r_crack_04.tex	League texture	other skin/shared; see reference graph	7ca837cacce9639a.bin
667b99faa7ebfc07.tex	.tex	C:\Users\etqdo\Downloads\Clash Braum project\Braum.wad\667b99faa7ebfc07.tex	Braum.wad/667b99faa7ebfc07.tex	43716	25b523da61e89b579097b7c23780d36abe33a0381fa04e941f26adc5ef996947	5445580000010001010a0001c739c318	667b99faa7ebfc07	assets/characters/braum/skins/base/particles/braum_base_w_decal_blur.tex	League texture	base or shared candidate	2974de4048ee048b.bin;2dc39c165f3aa923.bin
668ac17b89a8d8ea.bnk	.bnk	C:\Users\etqdo\Downloads\Clash Braum project\Braum.wad\668ac17b89a8d8ea.bnk	Braum.wad/668ac17b89a8d8ea.bnk	1747712	ff0c24d3e5d98ad4a8d35011d05a773b95e29d131683b9b4aabe2e3599ba67ce	424b48443000000091000000872a71d5	668ac17b89a8d8ea	assets/sounds/wwise2016/sfx/characters/braum/skins/base/braum_base_sfx_audio.bnk	Wwise event graph or embedded audio bank	base or shared candidate	03e78a116663752e.bin;1eb4979be4e9320c.bin;23b85b75eb659166.bin;26fe02fb42fe5d0f.bin;36b00af025f54940.bin;3e345a7cf645a903.bin;42ee6bdbfc9d170b.bin;4b8cf46e9a27ff51.bin;4fe453abcf9c5181.bin;4fed391540044397.bin;5d7e7a1984eb745d.bin;69066dbc18657bec.bin;7b9824cbef34ed4d.bin;812e1da9fe14f1ec.bin;a44281cd843a8348.bin;a497a5055810256b.bin;bb8b47c7d87589f7.bin;d0b441e03335be65.bin;d8a52eb470baa538.bin;e1dfd1a549890037.bin;e250f290f6212f81.bin;e63e7a9cbb51a42f.bin;eb9d53354a504663.bin;ed7ecf9170cfaaf8.bin;f63b31a3da327a4f.bin
6698b0b7d26df0ef.anm	.anm	C:\Users\etqdo\Downloads\Clash Braum project\Braum.wad\6698b0b7d26df0ef.anm	Braum.wad/6698b0b7d26df0ef.anm	39950	a3dbf5ba47fcd1944b97b664bbd37f8d6198cc958f7d907e71ddcbed2cf4e93a	7233643263616e6d01000000029c0000	6698b0b7d26df0ef	assets/characters/braum/skins/skin11/animations/braum_skin11_spell3_run179.anm	Animation tracks	other skin/shared; see reference graph	e43dcf714c8a2a42.bin
66cf663525d6b3a2.tex	.tex	C:\Users\etqdo\Downloads\Clash Braum project\Braum.wad\66cf663525d6b3a2.tex	Braum.wad/66cf663525d6b3a2.tex	349564	613bc09de74e5c36dca8f792fcfdf691f9905fb1d797f29abe6c876596801d71	5445580000020002010c000154540000	66cf663525d6b3a2	assets/characters/braum/skins/skin55/particles/braum_skin55_braum_skin55_shield_05.tex	League texture	other skin/shared; see reference graph	6d6176ab099f3064.bin
66dbc01615f38148.tex	.tex	C:\Users\etqdo\Downloads\Clash Braum project\Braum.wad\66dbc01615f38148.tex	Braum.wad/66dbc01615f38148.tex	86252	bdb134aaf6fce1095166c2f71ea5d95ff1210b646e1a114450754d9014508265	5445580034013002010a000000004108	66dbc01615f38148	assets/characters/braum/skins/skin10/braumloadscreen_10.tex	League texture	other skin/shared; see reference graph	f63b31a3da327a4f.bin
66e4ad04cfe351c7.tex	.tex	C:\Users\etqdo\Downloads\Clash Braum project\Braum.wad\66e4ad04cfe351c7.tex	Braum.wad/66e4ad04cfe351c7.tex	1044	442f722c5c31806a106ee8df4ff955b03b4e73cd286e3950763c6ec2e92a74a0	5445580000010400010a000107120711	66e4ad04cfe351c7	assets/characters/braum/skins/skin33/particles/braum_skin33_w_waves_color.tex	League texture	other skin/shared; see reference graph	ac2d2bd054d44f09.bin
67258436cac8f423.tex	.tex	C:\Users\etqdo\Downloads\Clash Braum project\Braum.wad\67258436cac8f423.tex	Braum.wad/67258436cac8f423.tex	349564	d3b2cb3b8c80bb3cf2570adda4ab0a766a1f6159653b12b468e65cda711f5f1b	5445580000020002010c0001ffff0000	67258436cac8f423	assets/characters/braum/skins/skin56/particles/braum_skin56_r_stone_01.tex	League texture	other skin/shared; see reference graph	d56c87aaf7fac0ee.bin
6729ed45ce9040f7.tex	.tex	C:\Users\etqdo\Downloads\Clash Braum project\Braum.wad\6729ed45ce9040f7.tex	Braum.wad/6729ed45ce9040f7.tex	349564	4e2d23597effb0fd2e3cd8627d3c07f390eb2d6abfbaf381066f0279d78851bf	5445580000020002010c0001e4e40000	6729ed45ce9040f7	assets/characters/braum/skins/skin40/braum_skin40_palmtree_tx_cm.tex	League texture	other skin/shared; see reference graph	775c4474dbe4b86c.bin
672a909d4e5283b1.tex	.tex	C:\Users\etqdo\Downloads\Clash Braum project\Braum.wad\672a909d4e5283b1.tex	Braum.wad/672a909d4e5283b1.tex	43716	b05bad9a1e2abed063f87591c3aca49c34658a1260fc62c74c8dd7c76f584b0f	5445580000010001010a0001e418e318	672a909d4e5283b1	assets/characters/braum/skins/skin10/particles/braum_base_p_flash_tar.tex	League texture	other skin/shared; see reference graph	2974de4048ee048b.bin;eb9d53354a504663.bin
677ccdd8a7237552.tex	.tex	C:\Users\etqdo\Downloads\Clash Braum project\Braum.wad\677ccdd8a7237552.tex	Braum.wad/677ccdd8a7237552.tex	87420	8891f49f35db6c80782d6e483f17546a2b531f5b7264d9327bbdce3b40a141c3	5445580000010001010c00011f1f0000	677ccdd8a7237552	assets/characters/braum/skins/skin02/particles/braum_skin02_q_ini_ring_02.tex	League texture	other skin/shared; see reference graph	23b85b75eb659166.bin;36b00af025f54940.bin;42ee6bdbfc9d170b.bin;4fe453abcf9c5181.bin;a44281cd843a8348.bin;bb8b47c7d87589f7.bin;d0b441e03335be65.bin;d8a52eb470baa538.bin;e1dfd1a549890037.bin;ed7ecf9170cfaaf8.bin
6782cbad801cdd6e.tex	.tex	C:\Users\etqdo\Downloads\Clash Braum project\Braum.wad\6782cbad801cdd6e.tex	Braum.wad/6782cbad801cdd6e.tex	87420	488d1c86b03d09a84f6ce174698f4d97dc5f2b9911dd78ba864917d0f89d8fb7	5445580000010001010c000131310000	6782cbad801cdd6e	assets/characters/braum/skins/skin10/particles/braum_base_r_smoke_mult.tex	League texture	other skin/shared; see reference graph	2974de4048ee048b.bin;2dc39c165f3aa923.bin
67c63f0d84a7f14e.tex	.tex	C:\Users\etqdo\Downloads\Clash Braum project\Braum.wad\67c63f0d84a7f14e.tex	Braum.wad/67c63f0d84a7f14e.tex	43716	b05bad9a1e2abed063f87591c3aca49c34658a1260fc62c74c8dd7c76f584b0f	5445580000010001010a0001e418e318	67c63f0d84a7f14e	assets/characters/braum/skins/skin42/particles/braum_skin42_p_flash_tar.tex	League texture	other skin/shared; see reference graph	ab5fbb4cdcdfb2ef.bin
67f5ee035cc13a07.scb	.scb	C:\Users\etqdo\Downloads\Clash Braum project\Braum.wad\67f5ee035cc13a07.scb	Braum.wad/67f5ee035cc13a07.scb	5304	c5c7fe43f62f2a0193e4835354bb58308d1f0e30b5258890bb141cc6d99dc331	723364324d65736803000200653a5c72	67f5ee035cc13a07	assets/characters/braum/skins/skin33/particles/braum_skin33_e_shield_break_01.scb	Static mesh, commonly VFX geometry	other skin/shared; see reference graph	25c2b1d3f80a7166.bin;399a7a520477b139.bin;3a207b8680fc4f78.bin;4af4d37cc3da7630.bin;775c4474dbe4b86c.bin;cf092c39484cec07.bin;f2aa871abddf9427.bin;f5df8e88540921e0.bin;ff9b3266cfca2ba6.bin
680bcf3367abf5a5.tex	.tex	C:\Users\etqdo\Downloads\Clash Braum project\Braum.wad\680bcf3367abf5a5.tex	Braum.wad/680bcf3367abf5a5.tex	87420	aa7768a4b85ba32a64e2e8b396140e3428be467706110c44be1541f2e2c1ebdd	5445580000010001010c000173730000	680bcf3367abf5a5	assets/characters/braum/skins/skin42/particles/braum_skin42_r_groundoil01.tex	League texture	other skin/shared; see reference graph	ab5fbb4cdcdfb2ef.bin
6831bfbf74af8717.anm	.anm	C:\Users\etqdo\Downloads\Clash Braum project\Braum.wad\6831bfbf74af8717.anm	Braum.wad/6831bfbf74af8717.anm	1508	1e6c2253aee21ac9f51cb4bd9ae0ce23aa03d7290ed7f21eca7ec781935604e0	7233643263616e6d01000000d8050000	6831bfbf74af8717	assets/characters/braum/skins/skin33/particles/r_fish_03.anm	Animation tracks	other skin/shared; see reference graph	25c2b1d3f80a7166.bin;399a7a520477b139.bin;3a207b8680fc4f78.bin;4af4d37cc3da7630.bin;775c4474dbe4b86c.bin;cf092c39484cec07.bin;f2aa871abddf9427.bin;f5df8e88540921e0.bin;ff9b3266cfca2ba6.bin
6835fbfcc77c2b18.tex	.tex	C:\Users\etqdo\Downloads\Clash Braum project\Braum.wad\6835fbfcc77c2b18.tex	Braum.wad/6835fbfcc77c2b18.tex	87420	00172692cf995ebf66d1f9b137a592c1610e928308138afcf84416cd23bb5135	5445580000010001010c0001aeae0000	6835fbfcc77c2b18	assets/characters/braum/skins/skin11/particles/braum_skin11_z_radialmult.tex	League texture	other skin/shared; see reference graph	2974de4048ee048b.bin
683fdba8e709e301.anm	.anm	C:\Users\etqdo\Downloads\Clash Braum project\Braum.wad\683fdba8e709e301.anm	Braum.wad/683fdba8e709e301.anm	325308	4cc9e70c07c6f3a2de60bbbd4e868f73ae2044bf6f9ee88ea19d681d356a84df	72336432616e6d6405000000b0f60400	683fdba8e709e301		Animation tracks	other skin/shared; see reference graph	
684fdd2b69127190.tex	.tex	C:\Users\etqdo\Downloads\Clash Braum project\Braum.wad\684fdd2b69127190.tex	Braum.wad/684fdd2b69127190.tex	21884	504e5b3b62ce5859e0453339a1b404f31ca31fe9744a7e2a5b2dbd0c9d80c018	5445580080008000010c000166660000	684fdd2b69127190	assets/characters/braum/skins/skin51/particles/braum_skin51_62.tex	League texture	other skin/shared; see reference graph	7a1193b055eb059a.bin
687dbfe04be1a15c.tex	.tex	C:\Users\etqdo\Downloads\Clash Braum project\Braum.wad\687dbfe04be1a15c.tex	Braum.wad/687dbfe04be1a15c.tex	349564	b839194b9d1c24b22b435fd4b01f1f540892d3b74aa645e8699d9f2946cd5649	5445580000020002010c0001f3f30000	687dbfe04be1a15c	assets/characters/braum/skins/skin54/particles/braum_skin54_shield_tx_03.tex	League texture	other skin/shared; see reference graph	07f65b37fb75e834.bin
687ed48bee1f9926.tex	.tex	C:\Users\etqdo\Downloads\Clash Braum project\Braum.wad\687ed48bee1f9926.tex	Braum.wad/687ed48bee1f9926.tex	21884	4d144154db2621d58f854c4c58abde3753e930c1e2b87914ec3a668d26a3f040	5445580080008000010c000129290000	687ed48bee1f9926	assets/characters/braum/skins/skin42/particles/braum_skin42_r_slowswirls01.tex	League texture	other skin/shared; see reference graph	ab5fbb4cdcdfb2ef.bin
6880267f68a21b3e.tex	.tex	C:\Users\etqdo\Downloads\Clash Braum project\Braum.wad\6880267f68a21b3e.tex	Braum.wad/6880267f68a21b3e.tex	5500	7a3cbfe13914e325aa742d869f2dc71b0484422f27b0c7f9b361b42b91d04d39	5445580040004000010c000189890000	6880267f68a21b3e	assets/characters/braum/skins/skin24/particles/braum_skin24_w_ground_deca_ringl_rgba.tex	League texture	other skin/shared; see reference graph	02ab7e4623adf97e.bin
68ceb80701053e71.tex	.tex	C:\Users\etqdo\Downloads\Clash Braum project\Braum.wad\68ceb80701053e71.tex	Braum.wad/68ceb80701053e71.tex	87420	c105eec1738613d7b650f8e3d8df8260daed24ec936533a2599d61427665b65a	5445580000010001010c00012d2d0000	68ceb80701053e71	assets/characters/braum/skins/skin42/particles/braum_skin42_r_normal.tex	League texture	other skin/shared; see reference graph	ab5fbb4cdcdfb2ef.bin
68d8ebffcf7a067b.tex	.tex	C:\Users\etqdo\Downloads\Clash Braum project\Braum.wad\68d8ebffcf7a067b.tex	Braum.wad/68d8ebffcf7a067b.tex	5500	4308d25b09ab436ac6c3df751428d6ec5832ba521cbfa3e73e9e620c56ca866f	5445580040004000010c00015b5b0000	68d8ebffcf7a067b	assets/characters/braum/skins/skin42/particles/braum_skin42_q_distort_rgba_2.tex	League texture	other skin/shared; see reference graph	ab5fbb4cdcdfb2ef.bin
68f51bc37f2f34f1.tex	.tex	C:\Users\etqdo\Downloads\Clash Braum project\Braum.wad\68f51bc37f2f34f1.tex	Braum.wad/68f51bc37f2f34f1.tex	21884	1269e3528d9bc2fdf7a7b06a05937ec4a63ab6863531ff5ae46e7adb4e79e3c9	5445580080008000010c00013d3d0000	68f51bc37f2f34f1	assets/characters/braum/skins/skin11/particles/braum_skin11_z_radgrad.tex	League texture	other skin/shared; see reference graph	23b85b75eb659166.bin;2974de4048ee048b.bin;36b00af025f54940.bin;42ee6bdbfc9d170b.bin;4fe453abcf9c5181.bin;a44281cd843a8348.bin;bb8b47c7d87589f7.bin;d8a52eb470baa538.bin;e1dfd1a549890037.bin;ed7ecf9170cfaaf8.bin
68fa6cfece24a0c1.dds	.dds	C:\Users\etqdo\Downloads\Clash Braum project\Braum.wad\68fa6cfece24a0c1.dds	Braum.wad/68fa6cfece24a0c1.dds	2176	0e272b38fb1ea386a96b22e37ff8115faa18fe0fb609dd33ee12b73e5a4ba7af	444453207c0000000710080040000000	68fa6cfece24a0c1	assets/characters/braum/hud/icons2d/braum_r.dds	DirectDraw texture	other skin/shared; see reference graph	52d36b20890112f7.bin
69066dbc18657bec.bin	.bin	C:\Users\etqdo\Downloads\Clash Braum project\Braum.wad\69066dbc18657bec.bin	Braum.wad/69066dbc18657bec.bin	25259	5e428a6e6225a6ce9844fd0f00005198226c5b972bea24a9ae4759e73f51f8f6	50524f5003000000090000003f034441	69066dbc18657bec	data/characters/braum/skins/skin6.bin	Property configuration and asset links	other skin/shared; see reference graph	
691c9b59196d5d2c.tex	.tex	C:\Users\etqdo\Downloads\Clash Braum project\Braum.wad\691c9b59196d5d2c.tex	Braum.wad/691c9b59196d5d2c.tex	87420	75071ee6bf19c48d3f8ca6174cb3c624c8b8473167cd008e60b0bb323d4d1a80	5445580000010001010c000102020000	691c9b59196d5d2c	assets/characters/braum/skins/skin53/particles/braum_skin53_shield_tx_02.tex	League texture	other skin/shared; see reference graph	7ca837cacce9639a.bin
693559040cc05278.tex	.tex	C:\Users\etqdo\Downloads\Clash Braum project\Braum.wad\693559040cc05278.tex	Braum.wad/693559040cc05278.tex	21884	1cf1795912f0e7a0d29da6c916231b3f4e666febdeaa25874af50625aa9d141b	5445580080008000010c00017a7a0000	693559040cc05278	assets/characters/braum/skins/skin11/particles/braum_skin11_recall_mult.tex	League texture	other skin/shared; see reference graph	2974de4048ee048b.bin
6937645dd8966307.anm	.anm	C:\Users\etqdo\Downloads\Clash Braum project\Braum.wad\6937645dd8966307.anm	Braum.wad/6937645dd8966307.anm	228982	aa8820374a6f7a05e4e1b884139b4f8e18448bfc7adc7df599ac10b1194902db	7233643263616e6d010000006a7e0300	6937645dd8966307	assets/characters/braum/skins/base/animations/braum_dance_loop.anm	Animation tracks	base or shared candidate	0b01eaec2c944f55.bin;57bea13d59e2af1a.bin;5e21202a9a0cef1a.bin;6c0cf3da2d377385.bin;72028fe917890575.bin;aa0aa8a7dd53a131.bin;d0fe19959c26552d.bin;de78a7f6bf5c9803.bin
6937af0b660ceb0b.tex	.tex	C:\Users\etqdo\Downloads\Clash Braum project\Braum.wad\6937af0b660ceb0b.tex	Braum.wad/6937af0b660ceb0b.tex	5500	b7328720ed7804e1e02ed8254f4f7d07a1ca9fb8a197b22782886cf4e9adbd18	5445580040004000010c000175750000	6937af0b660ceb0b	assets/characters/braum/skins/skin51/particles/braum_skin51_z_wave_texture.tex	League texture	other skin/shared; see reference graph	7a1193b055eb059a.bin
69511c655ea98dee.bnk	.bnk	C:\Users\etqdo\Downloads\Clash Braum project\Braum.wad\69511c655ea98dee.bnk	Braum.wad/69511c655ea98dee.bnk	1052454	e55ca050d9717f9668a7ecaf4baebc190b55a8d161ddc6dc7d3ec717444c4467	424b48443400000091000000a559a71d	69511c655ea98dee	assets/sounds/wwise2016/sfx/characters/braum/skins/skin33/braum_skin33_sfx_audio.bnk	Wwise event graph or embedded audio bank	other skin/shared; see reference graph	25c2b1d3f80a7166.bin;399a7a520477b139.bin;3a207b8680fc4f78.bin;4af4d37cc3da7630.bin;775c4474dbe4b86c.bin;cf092c39484cec07.bin;f2aa871abddf9427.bin;f5df8e88540921e0.bin;ff9b3266cfca2ba6.bin
696c747e4495e803.tex	.tex	C:\Users\etqdo\Downloads\Clash Braum project\Braum.wad\696c747e4495e803.tex	Braum.wad/696c747e4495e803.tex	87420	90f97c172638d27750104b8fc056391290b22cb2190055c6ffa0fd9a2a4055a1	5445580000010001010c00018a8a0000	696c747e4495e803	assets/characters/braum/skins/skin51/particles/braum_skin51_crater_01.tex	League texture	other skin/shared; see reference graph	07f65b37fb75e834.bin;08e5b232f3994eee.bin;3079df1f381a87bc.bin;6c66319ffa4bb738.bin;6d6176ab099f3064.bin;70c57eae58af6c94.bin;7ca837cacce9639a.bin;b511ce2cc52d55a4.bin;d01bf01d5611bc53.bin;d56c87aaf7fac0ee.bin
699a1f27798395aa.tex	.tex	C:\Users\etqdo\Downloads\Clash Braum project\Braum.wad\699a1f27798395aa.tex	Braum.wad/699a1f27798395aa.tex	174788	30243a8c5775bf65da4b46d311ad51c81e586e3e4335976ed83de007fa08118c	5445580000020002010a0001e3490549	699a1f27798395aa	assets/characters/braum/skins/skin01/braum_skin01_poro_tx_cm.tex	League texture	other skin/shared; see reference graph	1eb4979be4e9320c.bin;26fe02fb42fe5d0f.bin;3e345a7cf645a903.bin;4b8cf46e9a27ff51.bin;4fed391540044397.bin;5d7e7a1984eb745d.bin;69066dbc18657bec.bin;7b9824cbef34ed4d.bin;812e1da9fe14f1ec.bin;a497a5055810256b.bin;e250f290f6212f81.bin
6a0cd1a55c7df583.bnk	.bnk	C:\Users\etqdo\Downloads\Clash Braum project\Braum.wad\6a0cd1a55c7df583.bnk	Braum.wad/6a0cd1a55c7df583.bnk	20707	ac2776d10f1eae9eb71fb812cab8ef654016bce797467e4a4b8866b7307314cd	424b4844280000009100000008b11b37	6a0cd1a55c7df583	assets/sounds/wwise2016/sfx/characters/braum/skins/base/braum_base_sfx_events.bnk	Wwise event graph or embedded audio bank	base or shared candidate	03e78a116663752e.bin;1eb4979be4e9320c.bin;23b85b75eb659166.bin;26fe02fb42fe5d0f.bin;36b00af025f54940.bin;3e345a7cf645a903.bin;42ee6bdbfc9d170b.bin;4b8cf46e9a27ff51.bin;4fe453abcf9c5181.bin;4fed391540044397.bin;5d7e7a1984eb745d.bin;69066dbc18657bec.bin;7b9824cbef34ed4d.bin;812e1da9fe14f1ec.bin;a44281cd843a8348.bin;a497a5055810256b.bin;bb8b47c7d87589f7.bin;d0b441e03335be65.bin;d8a52eb470baa538.bin;e1dfd1a549890037.bin;e250f290f6212f81.bin;e63e7a9cbb51a42f.bin;eb9d53354a504663.bin;ed7ecf9170cfaaf8.bin;f63b31a3da327a4f.bin
6a21e6eb7958f8a5.tex	.tex	C:\Users\etqdo\Downloads\Clash Braum project\Braum.wad\6a21e6eb7958f8a5.tex	Braum.wad/6a21e6eb7958f8a5.tex	349564	9254b054e21efb8303448b7c9e9dd9a67cbef2abbf49e57669ce862b042f4d9e	5445580000020002010c0001f3f30000	6a21e6eb7958f8a5	assets/characters/braum/skins/skin58/particles/braum_skin58_shield_tx_03.tex	League texture	other skin/shared; see reference graph	08e5b232f3994eee.bin
6a54ac15d5340192.tex	.tex	C:\Users\etqdo\Downloads\Clash Braum project\Braum.wad\6a54ac15d5340192.tex	Braum.wad/6a54ac15d5340192.tex	87452	82226221d0da8f895ccd9dbc531657d99946d5277ce88d09b79caaf06979572e	5445580000028000010c00011e1e0000	6a54ac15d5340192	assets/characters/braum/skins/skin42/particles/braum_skin42_q_hit_orbit_tar.tex	League texture	other skin/shared; see reference graph	ab5fbb4cdcdfb2ef.bin
6ad966ab60d9c85f.bnk	.bnk	C:\Users\etqdo\Downloads\Clash Braum project\Braum.wad\6ad966ab60d9c85f.bnk	Braum.wad/6ad966ab60d9c85f.bnk	1363184	343765e1d0e0956db8d6572b6155a8101072f2a1a5ee6d6d12c49ebcee846477	424b484430000000910000005d636b80	6ad966ab60d9c85f	assets/sounds/wwise2016/sfx/characters/braum/skins/skin24/braum_skin24_sfx_audio.bnk	Wwise event graph or embedded audio bank	other skin/shared; see reference graph	3f6a40609700ee85.bin;88b5dd6dc0e099bd.bin;8cf62c85e1e2e7f9.bin;992d3c62ff62964c.bin;a582cf4ad353f261.bin;b30d6dd1b38ee53c.bin;c5c66176cca69ad3.bin;caacae9cc35f0267.bin;d3dbd3f84a5b8600.bin
6adb8fbf5244e3e1.tex	.tex	C:\Users\etqdo\Downloads\Clash Braum project\Braum.wad\6adb8fbf5244e3e1.tex	Braum.wad/6adb8fbf5244e3e1.tex	87420	4f2f78556021df507a990d162415cb949a713ce453afdd2792238d69105393c4	5445580000010001010c000137370000	6adb8fbf5244e3e1	assets/characters/braum/skins/skin10/particles/braum_base_e_shield_ice_smoke.tex	League texture	other skin/shared; see reference graph	2974de4048ee048b.bin;eb9d53354a504663.bin
6aff3c31a9420203.tex	.tex	C:\Users\etqdo\Downloads\Clash Braum project\Braum.wad\6aff3c31a9420203.tex	Braum.wad/6aff3c31a9420203.tex	1398140	4c29a95a787e752774e67be1118b4b35c19990b9a121b7f7bd87785a8f3c3239	5445580000040004010c0001ffff0000	6aff3c31a9420203		League texture	other skin/shared; see reference graph	
6b261355222fb3af.scb	.scb	C:\Users\etqdo\Downloads\Clash Braum project\Braum.wad\6b261355222fb3af.scb	Braum.wad/6b261355222fb3af.scb	5578	97651e8c5c7ba6fcc41a3d2de1963cb0e35f16647b532892c339cc76c648f863	723364324d6573680300020000000000	6b261355222fb3af	assets/characters/braum/skins/skin24/particles/braum_skin24_r_ice_shards.scb	Static mesh, commonly VFX geometry	other skin/shared; see reference graph	02ab7e4623adf97e.bin
6b385662ce787116.tex	.tex	C:\Users\etqdo\Downloads\Clash Braum project\Braum.wad\6b385662ce787116.tex	Braum.wad/6b385662ce787116.tex	87420	cdc39ccfd6bb5ad5197508a7602d58ea9e44dae27669303bdd36188575b0c437	5445580000010001010c000137370000	6b385662ce787116	assets/characters/braum/skins/skin10/particles/braum_base_ba_spikes_tar.tex	League texture	other skin/shared; see reference graph	2dc39c165f3aa923.bin
6b8620b32ac00fb4.anm	.anm	C:\Users\etqdo\Downloads\Clash Braum project\Braum.wad\6b8620b32ac00fb4.anm	Braum.wad/6b8620b32ac00fb4.anm	82764	f43edbc28790b8b6a81c9f068b3ef12ae89603ed9ff83d90148ac65ad0f39208	72336432616e6d640400000040430100	6b8620b32ac00fb4	assets/characters/braum/skins/base/animations/braum_spell3_punchright179.anm	Animation tracks	base or shared candidate	0b01eaec2c944f55.bin;57bea13d59e2af1a.bin;5e21202a9a0cef1a.bin;6c0cf3da2d377385.bin;72028fe917890575.bin;aa0aa8a7dd53a131.bin;d0fe19959c26552d.bin;de78a7f6bf5c9803.bin;e43dcf714c8a2a42.bin
6bb0fac8186dd9ba.scb	.scb	C:\Users\etqdo\Downloads\Clash Braum project\Braum.wad\6bb0fac8186dd9ba.scb	Braum.wad/6bb0fac8186dd9ba.scb	17832	5248d76f6c30a959f01d870cfe327835b501d4eaa89aab091754f0deb5306998	723364324d6573680300020000000000	6bb0fac8186dd9ba	assets/characters/braum/skins/skin42/particles/braum_skin42_r_cas_funnel.scb	Static mesh, commonly VFX geometry	other skin/shared; see reference graph	ab5fbb4cdcdfb2ef.bin
6bbdc5a514425f3b.scb	.scb	C:\Users\etqdo\Downloads\Clash Braum project\Braum.wad\6bbdc5a514425f3b.scb	Braum.wad/6bbdc5a514425f3b.scb	28096	a7f46f31a8799408e8189855f5ec3aa7021126b8399abe462c996b02c7b534eb	723364324d65736803000200653a5c72	6bbdc5a514425f3b	assets/characters/braum/skins/skin24/particles/braum_skin24_ba_trail_02.scb	Static mesh, commonly VFX geometry	other skin/shared; see reference graph	02ab7e4623adf97e.bin
6bbf73557bfdda9e.tex	.tex	C:\Users\etqdo\Downloads\Clash Braum project\Braum.wad\6bbf73557bfdda9e.tex	Braum.wad/6bbf73557bfdda9e.tex	86252	1e7c8543fe834318deef2a8c18e32bc81393c2482048821d1408b38753844d22	5445580034013002010a000001082000	6bbf73557bfdda9e		League texture	other skin/shared; see reference graph	
6bdb52dfb05b465c.tex	.tex	C:\Users\etqdo\Downloads\Clash Braum project\Braum.wad\6bdb52dfb05b465c.tex	Braum.wad/6bdb52dfb05b465c.tex	174788	93d8a1497328dcbf36f403960320e0c0809014af3f9d4514f0ab504bf01da4e0	5445580000020002010a000148624652	6bdb52dfb05b465c	assets/characters/braum/skins/skin33/braum_skin33_coconut_tx_cm.tex	League texture	other skin/shared; see reference graph	3a207b8680fc4f78.bin
6c08041c2b6ed2c1.tex	.tex	C:\Users\etqdo\Downloads\Clash Braum project\Braum.wad\6c08041c2b6ed2c1.tex	Braum.wad/6c08041c2b6ed2c1.tex	349564	6d8e072cbbd943c8bc84c2acdb322265e44ff7a6508d4547ed8efb6530ca48a8	5445580000020002010c0001ffff0000	6c08041c2b6ed2c1	assets/characters/braum/skins/skin11/particles/braum_skin11_e_shieldtex_noalpha.tex	League texture	other skin/shared; see reference graph	23b85b75eb659166.bin;2974de4048ee048b.bin;36b00af025f54940.bin;42ee6bdbfc9d170b.bin;4fe453abcf9c5181.bin;a44281cd843a8348.bin;bb8b47c7d87589f7.bin;d8a52eb470baa538.bin;e1dfd1a549890037.bin;ed7ecf9170cfaaf8.bin
6c0cf3da2d377385.bin	.bin	C:\Users\etqdo\Downloads\Clash Braum project\Braum.wad\6c0cf3da2d377385.bin	Braum.wad/6c0cf3da2d377385.bin	56367	67a88e72837e733d760bb2f3b99ca14aedd8ca94305f5a813f617c828a811558	50524f50030000000000000001000000	6c0cf3da2d377385	data/characters/braum/animations/skin2.bin	Property configuration and asset links	other skin/shared; see reference graph	d0b441e03335be65.bin
6c51530eddd1f41b.tex	.tex	C:\Users\etqdo\Downloads\Clash Braum project\Braum.wad\6c51530eddd1f41b.tex	Braum.wad/6c51530eddd1f41b.tex	21916	dd58c99f12aabd45e976b27a9ad644e1b202c13246cb1821b35fe346499b9050	5445580000014000010c000133330000	6c51530eddd1f41b	assets/characters/braum/skins/skin33/particles/braum_skin33_q_splash_ring_2.tex	League texture	other skin/shared; see reference graph	25c2b1d3f80a7166.bin;399a7a520477b139.bin;3a207b8680fc4f78.bin;4af4d37cc3da7630.bin;775c4474dbe4b86c.bin;ac2d2bd054d44f09.bin;cf092c39484cec07.bin;f2aa871abddf9427.bin;f5df8e88540921e0.bin;ff9b3266cfca2ba6.bin
6c5ea908b38612e6.anm	.anm	C:\Users\etqdo\Downloads\Clash Braum project\Braum.wad\6c5ea908b38612e6.anm	Braum.wad/6c5ea908b38612e6.anm	68436	c1a552886983d7e974d0797e3b0ae2e093b40bb19b5165e10a5eedf42ac53033	7233643263616e6d01000000480b0100	6c5ea908b38612e6	assets/characters/braum/skins/skin11/animations/braum_skill11_spell3_punch-179.anm	Animation tracks	other skin/shared; see reference graph	e43dcf714c8a2a42.bin
6c66319ffa4bb738.bin	.bin	C:\Users\etqdo\Downloads\Clash Braum project\Braum.wad\6c66319ffa4bb738.bin	Braum.wad/6c66319ffa4bb738.bin	230998	c5c76789fa364fe680c376151006831ef4154db3fb9045ace6c5f97e50248f5f	50524f5003000000040000003f034441	6c66319ffa4bb738	data/characters/braum/skins/skin60.bin	Property configuration and asset links	other skin/shared; see reference graph	
6c9b435bb109418c.anm	.anm	C:\Users\etqdo\Downloads\Clash Braum project\Braum.wad\6c9b435bb109418c.anm	Braum.wad/6c9b435bb109418c.anm	18002	12927c1bec55c2c0e7149c4df05293ef3a7145402c189e618a06f8c5c51b7264	7233643263616e6d0100000046460000	6c9b435bb109418c	assets/characters/braum/skins/base/animations/braum_spell3_idle0.anm	Animation tracks	base or shared candidate	0b01eaec2c944f55.bin;57bea13d59e2af1a.bin;5e21202a9a0cef1a.bin;6c0cf3da2d377385.bin;72028fe917890575.bin;aa0aa8a7dd53a131.bin;d0fe19959c26552d.bin;de78a7f6bf5c9803.bin
6ce01a4d2fcca1a3.tex	.tex	C:\Users\etqdo\Downloads\Clash Braum project\Braum.wad\6ce01a4d2fcca1a3.tex	Braum.wad/6ce01a4d2fcca1a3.tex	174788	f2351c7199818b30d6cf13d8f847e4f58d4111dd39b5ac82ca23eedb498bc46c	5445580000020002010a000132844e83	6ce01a4d2fcca1a3		League texture	other skin/shared; see reference graph	
6d07d39022d2ef4e.tex	.tex	C:\Users\etqdo\Downloads\Clash Braum project\Braum.wad\6d07d39022d2ef4e.tex	Braum.wad/6d07d39022d2ef4e.tex	10948	5410019ae41972026f13eb7412fcb2e0c09b06f4d135a40052ecdcce2d053bf0	5445580080008000010a0001c248c239	6d07d39022d2ef4e	assets/characters/braum/skins/skin33/particles/braum_skin33_ba_impact_flash.tex	League texture	other skin/shared; see reference graph	ac2d2bd054d44f09.bin
6d1301a2daf09ad3.tex	.tex	C:\Users\etqdo\Downloads\Clash Braum project\Braum.wad\6d1301a2daf09ad3.tex	Braum.wad/6d1301a2daf09ad3.tex	87420	b5aebaeed3f5bc199a57b46ffbb89c092abfb339ad6b2bcecd1c605375abfb31	5445580000010001010c00011c1c0000	6d1301a2daf09ad3	assets/characters/braum/skins/skin51/particles/braum_skin51_ba_trail_cas.tex	League texture	other skin/shared; see reference graph	7a1193b055eb059a.bin
6d57374a139a661d.anm	.anm	C:\Users\etqdo\Downloads\Clash Braum project\Braum.wad\6d57374a139a661d.anm	Braum.wad/6d57374a139a661d.anm	286228	127575b5d14d64a5b53a443e1843d2987154849ad4b28df264d97012d6d56b25	7233643263616e6d01000000085e0400	6d57374a139a661d	assets/characters/braum/skins/skin11/animations/braum_recall.anm	Animation tracks	other skin/shared; see reference graph	e43dcf714c8a2a42.bin
6d575d855626e93e.tex	.tex	C:\Users\etqdo\Downloads\Clash Braum project\Braum.wad\6d575d855626e93e.tex	Braum.wad/6d575d855626e93e.tex	21884	e9647ed68a8bf36d5833cc333f869655c811948c54a3f8d0ef968ec3f50f65f7	5445580080008000010c00012a2a0000	6d575d855626e93e	assets/characters/braum/skins/skin24/particles/common_trails_self.tex	League texture	other skin/shared; see reference graph	3f6a40609700ee85.bin;88b5dd6dc0e099bd.bin;8cf62c85e1e2e7f9.bin;992d3c62ff62964c.bin;a582cf4ad353f261.bin;b30d6dd1b38ee53c.bin;c5c66176cca69ad3.bin;caacae9cc35f0267.bin;d3dbd3f84a5b8600.bin
6d6176ab099f3064.bin	.bin	C:\Users\etqdo\Downloads\Clash Braum project\Braum.wad\6d6176ab099f3064.bin	Braum.wad/6d6176ab099f3064.bin	230998	3c8c3ea36e9907f3254d6c1ee0aa843fa516ab0314c5001ee0d61e1fc64c8054	50524f5003000000040000003f034441	6d6176ab099f3064	data/characters/braum/skins/skin55.bin	Property configuration and asset links	other skin/shared; see reference graph	
6de5dd1ea31b5d99.skl	.skl	C:\Users\etqdo\Downloads\Clash Braum project\Braum.wad\6de5dd1ea31b5d99.skl	Braum.wad/6de5dd1ea31b5d99.skl	708	5db43851cb73b4f348867680e2068bb1b61712d1409917cbf18a65965778119c	c4020000c34ffd220000000000000500	6de5dd1ea31b5d99	assets/characters/braum/skins/skin33/particles/r_fish_03.skl	Skeleton, bind transforms and influence palette	other skin/shared; see reference graph	25c2b1d3f80a7166.bin;399a7a520477b139.bin;3a207b8680fc4f78.bin;4af4d37cc3da7630.bin;775c4474dbe4b86c.bin;cf092c39484cec07.bin;f2aa871abddf9427.bin;f5df8e88540921e0.bin;ff9b3266cfca2ba6.bin
6df377283708bffa.tex	.tex	C:\Users\etqdo\Downloads\Clash Braum project\Braum.wad\6df377283708bffa.tex	Braum.wad/6df377283708bffa.tex	699076	caafa9d5d6d29964c7200dd15d046886c75d0c371bb90e35d4d3f7edc49a3d3b	5445580000040004010a0001e369a75a	6df377283708bffa	assets/characters/braum/skins/skin33/braum_skin33_shield_tx_cm.tex	League texture	other skin/shared; see reference graph	3a207b8680fc4f78.bin
6e257e1b109ee81c.tex	.tex	C:\Users\etqdo\Downloads\Clash Braum project\Braum.wad\6e257e1b109ee81c.tex	Braum.wad/6e257e1b109ee81c.tex	21884	1d84b22934f685da35ba7a7374484b0ee0287e0c0fdc86eeb9c15817db0b6ca7	5445580080008000010c000185850000	6e257e1b109ee81c	assets/characters/braum/skins/skin51/particles/braum_skin51_z_circle_mult.tex	League texture	other skin/shared; see reference graph	7a1193b055eb059a.bin
6e28c5a6b31dddf8.tex	.tex	C:\Users\etqdo\Downloads\Clash Braum project\Braum.wad\6e28c5a6b31dddf8.tex	Braum.wad/6e28c5a6b31dddf8.tex	349556	d06686264045b58fdc7398586c8dfae9cd287719eb72944cc4e0540aeb041a09	5445580000040002010a0001c649c339	6e28c5a6b31dddf8	assets/characters/braum/skins/skin13/braum_skin13_tx_cm.tex	League texture	other skin/shared; see reference graph	a44281cd843a8348.bin
6e46dc2f24c36a0a.skn	.skn	C:\Users\etqdo\Downloads\Clash Braum project\Braum.wad\6e46dc2f24c36a0a.skn	Braum.wad/6e46dc2f24c36a0a.skn	10416	e6569857397c45d6fba27dcb38dd72f091a61608557101751797956eb9e71a9b	33221100040001000100000070617374	6e46dc2f24c36a0a	assets/characters/braum/skins/skin24/particles/braum_skin24_r_cake_shard_06.skn	Skinned mesh with submeshes and vertex weights	other skin/shared; see reference graph	3f6a40609700ee85.bin;88b5dd6dc0e099bd.bin;8cf62c85e1e2e7f9.bin;992d3c62ff62964c.bin;a582cf4ad353f261.bin;b30d6dd1b38ee53c.bin;c5c66176cca69ad3.bin;caacae9cc35f0267.bin;d3dbd3f84a5b8600.bin
6e6a58fa42dea7d8.tex	.tex	C:\Users\etqdo\Downloads\Clash Braum project\Braum.wad\6e6a58fa42dea7d8.tex	Braum.wad/6e6a58fa42dea7d8.tex	87420	3957a0bc1dc0d914fdc6a6064b47ee932ab5f3ae040b53327cc1bd91e214480a	5445580000010001010c000182820000	6e6a58fa42dea7d8	assets/characters/braum/skins/skin33/particles/braum_skin33_r_wave_sprite_mult.tex	League texture	other skin/shared; see reference graph	25c2b1d3f80a7166.bin;399a7a520477b139.bin;3a207b8680fc4f78.bin;4af4d37cc3da7630.bin;775c4474dbe4b86c.bin;cf092c39484cec07.bin;f2aa871abddf9427.bin;f5df8e88540921e0.bin;ff9b3266cfca2ba6.bin
6e6f58421321f5e6.scb	.scb	C:\Users\etqdo\Downloads\Clash Braum project\Braum.wad\6e6f58421321f5e6.scb	Braum.wad/6e6f58421321f5e6.scb	28096	a7f46f31a8799408e8189855f5ec3aa7021126b8399abe462c996b02c7b534eb	723364324d65736803000200653a5c72	6e6f58421321f5e6	assets/characters/braum/skins/skin10/particles/braum_base_ba_trail_02.scb	Static mesh, commonly VFX geometry	other skin/shared; see reference graph	f63b31a3da327a4f.bin
6e95164bbd320739.tex	.tex	C:\Users\etqdo\Downloads\Clash Braum project\Braum.wad\6e95164bbd320739.tex	Braum.wad/6e95164bbd320739.tex	21884	9ffb8fbd1668ffbd2c9d615b98a489c6e2b86be49c6ef0f385a71796480b0406	5445580080008000010c00012a2a0000	6e95164bbd320739	assets/characters/braum/skins/skin01/particles/braum_skin01_q_spark_cas.tex	League texture	other skin/shared; see reference graph	fca448d5ff3861b5.bin
6eedb116a16ff8dc.tex	.tex	C:\Users\etqdo\Downloads\Clash Braum project\Braum.wad\6eedb116a16ff8dc.tex	Braum.wad/6eedb116a16ff8dc.tex	21884	37979d73f0b8f82c36da5c0080258cb434e1821eefd365097fc6bd6b3756ad31	5445580080008000010c00011e1e0000	6eedb116a16ff8dc	assets/characters/braum/skins/base/particles/braum_base_r_ground_burn.tex	League texture	base or shared candidate	2974de4048ee048b.bin;2dc39c165f3aa923.bin
6f094d8e469c4f38.tex	.tex	C:\Users\etqdo\Downloads\Clash Braum project\Braum.wad\6f094d8e469c4f38.tex	Braum.wad/6f094d8e469c4f38.tex	21884	ee4ad35566ca2d54f1a52c3e461ac7d82fac5493fec9e5f4eae25857c2337668	5445580080008000010c0001d0d00000	6f094d8e469c4f38	assets/characters/braum/skins/skin51/particles/leona_skin50_ba_shieldmask28.tex	League texture	other skin/shared; see reference graph	07f65b37fb75e834.bin;08e5b232f3994eee.bin;3079df1f381a87bc.bin;6c66319ffa4bb738.bin;6d6176ab099f3064.bin;70c57eae58af6c94.bin;7a1193b055eb059a.bin;7ca837cacce9639a.bin;b511ce2cc52d55a4.bin;d01bf01d5611bc53.bin;d56c87aaf7fac0ee.bin
6f10939eeccecc35.tex	.tex	C:\Users\etqdo\Downloads\Clash Braum project\Braum.wad\6f10939eeccecc35.tex	Braum.wad/6f10939eeccecc35.tex	21916	ea8eb983b7b445688344416828b7829534301cfe05bf7a92082fee7b5b9ce169	5445580040000001010c000110100000	6f10939eeccecc35	assets/characters/braum/skins/skin51/particles/braum_skin51_r_indicator_side_red_02.tex	League texture	other skin/shared; see reference graph	7a1193b055eb059a.bin
6f34a35a43d51aad.tex	.tex	C:\Users\etqdo\Downloads\Clash Braum project\Braum.wad\6f34a35a43d51aad.tex	Braum.wad/6f34a35a43d51aad.tex	87420	c71aca5fb68b4ac83d5bdb7228f007bc8c96112979497daa5f296ff1611b7258	5445580000010001010c000176760000	6f34a35a43d51aad	assets/characters/braum/skins/base/particles/braum_base_e_block_mult.tex	League texture	base or shared candidate	2dc39c165f3aa923.bin
6f8a066d7223dc3c.tex	.tex	C:\Users\etqdo\Downloads\Clash Braum project\Braum.wad\6f8a066d7223dc3c.tex	Braum.wad/6f8a066d7223dc3c.tex	43740	83859b5ae076c0ffe11f0fed7a124f30d41e71a8b0e726f2e9cb91a3c7872196	5445580000018000010c000149490000	6f8a066d7223dc3c	assets/characters/braum/skins/skin11/particles/braum_skin11_z_trail.tex	League texture	other skin/shared; see reference graph	23b85b75eb659166.bin;36b00af025f54940.bin;42ee6bdbfc9d170b.bin;4fe453abcf9c5181.bin;a44281cd843a8348.bin;bb8b47c7d87589f7.bin;d8a52eb470baa538.bin;e1dfd1a549890037.bin;ed7ecf9170cfaaf8.bin
6fa26bac21b0cbc7.scb	.scb	C:\Users\etqdo\Downloads\Clash Braum project\Braum.wad\6fa26bac21b0cbc7.scb	Braum.wad/6fa26bac21b0cbc7.scb	1088	22fd60a6575ca3bcfd524185eb78c3ca78af529d52330a52b417e5987b986887	723364324d6573680300020000000000	6fa26bac21b0cbc7	assets/characters/braum/skins/skin42/particles/braum_skin42_recall_diamond010.scb	Static mesh, commonly VFX geometry	other skin/shared; see reference graph	ab5fbb4cdcdfb2ef.bin
6fba8e16809e0a4d.scb	.scb	C:\Users\etqdo\Downloads\Clash Braum project\Braum.wad\6fba8e16809e0a4d.scb	Braum.wad/6fba8e16809e0a4d.scb	6152	95298b2463ccf2c47a4ab57dd3a5a713cd7d8bc8e3973bf9ca981b917f6b04bf	723364324d6573680300020000000000	6fba8e16809e0a4d	assets/characters/braum/skins/skin11/particles/braum_skin11_z_gemstone.scb	Static mesh, commonly VFX geometry	other skin/shared; see reference graph	23b85b75eb659166.bin;2974de4048ee048b.bin;36b00af025f54940.bin;42ee6bdbfc9d170b.bin;4fe453abcf9c5181.bin;a44281cd843a8348.bin;bb8b47c7d87589f7.bin;d8a52eb470baa538.bin;e1dfd1a549890037.bin;ed7ecf9170cfaaf8.bin
7027f2dbebc709e5.tex	.tex	C:\Users\etqdo\Downloads\Clash Braum project\Braum.wad\7027f2dbebc709e5.tex	Braum.wad/7027f2dbebc709e5.tex	174788	5774eb02f2b27fa321b5d1d5fbb9fdbb3090322fb241e9a6271eb340064421e0	5445580000020002010a0001a76aa359	7027f2dbebc709e5	assets/characters/braum/skins/skin31/particles/braum_skin31_r_cake_shard.tex	League texture	other skin/shared; see reference graph	c5c66176cca69ad3.bin
70576d9a6ccd689e.tex	.tex	C:\Users\etqdo\Downloads\Clash Braum project\Braum.wad\70576d9a6ccd689e.tex	Braum.wad/70576d9a6ccd689e.tex	21884	5f20623bc2e894f9c2f3eebc014bef831940218c2a0f8d42746015e7de6ee4ef	5445580080008000010c0001b4b40000	70576d9a6ccd689e	assets/characters/braum/skins/skin33/particles/braum_skin33_z_smoke_mult.tex	League texture	other skin/shared; see reference graph	25c2b1d3f80a7166.bin;399a7a520477b139.bin;3a207b8680fc4f78.bin;4af4d37cc3da7630.bin;775c4474dbe4b86c.bin;ac2d2bd054d44f09.bin;cf092c39484cec07.bin;f2aa871abddf9427.bin;f5df8e88540921e0.bin;ff9b3266cfca2ba6.bin
70c57eae58af6c94.bin	.bin	C:\Users\etqdo\Downloads\Clash Braum project\Braum.wad\70c57eae58af6c94.bin	Braum.wad/70c57eae58af6c94.bin	230856	6e63f675e4d1d1c2a4351db8b827c6ce73c276fe4e4e57c7f06a3fc972424dc0	50524f5003000000040000003f034441	70c57eae58af6c94	data/characters/braum/skins/skin51.bin	Property configuration and asset links	other skin/shared; see reference graph	
70cead9c84e54094.tex	.tex	C:\Users\etqdo\Downloads\Clash Braum project\Braum.wad\70cead9c84e54094.tex	Braum.wad/70cead9c84e54094.tex	87420	4f2f78556021df507a990d162415cb949a713ce453afdd2792238d69105393c4	5445580000010001010c000137370000	70cead9c84e54094	assets/characters/braum/skins/skin42/particles/braum_skin42_e_shield_ice_smoke.tex	League texture	other skin/shared; see reference graph	ab5fbb4cdcdfb2ef.bin
70cf3fde911bdc65.tex	.tex	C:\Users\etqdo\Downloads\Clash Braum project\Braum.wad\70cf3fde911bdc65.tex	Braum.wad/70cf3fde911bdc65.tex	1398140	f5a419828f1fd87e5760bab01d6a806b53cbefd48674405f92f71fa0fcfc7dc9	5445580000040004010c0001ffff0000	70cf3fde911bdc65		League texture	other skin/shared; see reference graph	
710e093bf690f533.tex	.tex	C:\Users\etqdo\Downloads\Clash Braum project\Braum.wad\710e093bf690f533.tex	Braum.wad/710e093bf690f533.tex	349564	27026a21dfad08ea15da1f4106c73653cb3a7fa970b10cb8d666c5fee042469d	5445580000020002010c00016f6f0000	710e093bf690f533	assets/characters/braum/skins/skin30/particles/braum_skin30_e_shield_first_block_01.tex	League texture	other skin/shared; see reference graph	a582cf4ad353f261.bin
715655b936709041.tex	.tex	C:\Users\etqdo\Downloads\Clash Braum project\Braum.wad\715655b936709041.tex	Braum.wad/715655b936709041.tex	21884	5e89d16d1ad75d20bc16dd7b18a76c459e4e6809b0a4500b95323e9a2d366388	5445580080008000010c0001ffff0000	715655b936709041	assets/characters/braum/skins/skin36/particles/braum_skin36_r_fish.tex	League texture	other skin/shared; see reference graph	25c2b1d3f80a7166.bin
7158960bc0879175.tex	.tex	C:\Users\etqdo\Downloads\Clash Braum project\Braum.wad\7158960bc0879175.tex	Braum.wad/7158960bc0879175.tex	87420	c105eec1738613d7b650f8e3d8df8260daed24ec936533a2599d61427665b65a	5445580000010001010c00012d2d0000	7158960bc0879175	assets/characters/braum/skins/skin51/particles/braum_skin51_q_normal.tex	League texture	other skin/shared; see reference graph	07f65b37fb75e834.bin;08e5b232f3994eee.bin;3079df1f381a87bc.bin;6c66319ffa4bb738.bin;6d6176ab099f3064.bin;70c57eae58af6c94.bin;7ca837cacce9639a.bin;b511ce2cc52d55a4.bin;d01bf01d5611bc53.bin;d56c87aaf7fac0ee.bin
71c25e6f027345e5.tex	.tex	C:\Users\etqdo\Downloads\Clash Braum project\Braum.wad\71c25e6f027345e5.tex	Braum.wad/71c25e6f027345e5.tex	1398140	fac2fd6f913e66f4097e7e7541accb99c2a6db64360c6d8d8c861790c4cdfa19	5445580000040004010c0001ffff0000	71c25e6f027345e5	assets/characters/braum/skins/skin37/braum_skin37_body_tx_cm.tex	League texture	other skin/shared; see reference graph	4af4d37cc3da7630.bin
71e2efdc48ea6deb.tex	.tex	C:\Users\etqdo\Downloads\Clash Braum project\Braum.wad\71e2efdc48ea6deb.tex	Braum.wad/71e2efdc48ea6deb.tex	21884	345dbbc145c3efc067b7c52142cbad2a3c75b2f80657679f9d776e2a3a12c26b	5445580080008000010c000155550000	71e2efdc48ea6deb	assets/characters/braum/skins/skin51/particles/braum_skin51_e_frost_tail_mult_mis.tex	League texture	other skin/shared; see reference graph	07f65b37fb75e834.bin;08e5b232f3994eee.bin;3079df1f381a87bc.bin;6c66319ffa4bb738.bin;6d6176ab099f3064.bin;70c57eae58af6c94.bin;7a1193b055eb059a.bin;7ca837cacce9639a.bin;b511ce2cc52d55a4.bin;d01bf01d5611bc53.bin;d56c87aaf7fac0ee.bin
72028fe917890575.bin	.bin	C:\Users\etqdo\Downloads\Clash Braum project\Braum.wad\72028fe917890575.bin	Braum.wad/72028fe917890575.bin	57005	9c3badd587b4da6216b468fe4e6210e90eb55c9d28c7a4cbbe8591c7ce831060	50524f50030000000000000001000000	72028fe917890575	data/characters/braum/animations/skin51.bin	Property configuration and asset links	other skin/shared; see reference graph	07f65b37fb75e834.bin;08e5b232f3994eee.bin;3079df1f381a87bc.bin;6c66319ffa4bb738.bin;6d6176ab099f3064.bin;70c57eae58af6c94.bin;7ca837cacce9639a.bin;b511ce2cc52d55a4.bin;d01bf01d5611bc53.bin;d56c87aaf7fac0ee.bin
720e00bc388cf1e1.tex	.tex	C:\Users\etqdo\Downloads\Clash Braum project\Braum.wad\720e00bc388cf1e1.tex	Braum.wad/720e00bc388cf1e1.tex	87420	557afb03ad13b761d11c53bfc043071c57cc5144fe038acb68faf26a74eb4cc9	5445580000010001010c00019a9a0000	720e00bc388cf1e1	assets/characters/braum/skins/skin24/particles/braum_skin24_donut_normal.tex	League texture	other skin/shared; see reference graph	02ab7e4623adf97e.bin
720e9ea8efb108f9.bin	.bin	C:\Users\etqdo\Downloads\Clash Braum project\Braum.wad\720e9ea8efb108f9.bin	Braum.wad/720e9ea8efb108f9.bin	7168	a77edb00f59f92edbf1cb18022b1d885fdf6e422e7be7d5575ee0a9793c323b6	50524f50030000000000000001000000	720e9ea8efb108f9	data/characters/braum/braum_multi_skins_root_skins_skin0_skins_skin1_skins_skin10_skins_skin11_skins_skin12_skins_skin13_skins_skin14_skins_skin15_skins_skin16_skins_skin17_skins_skin18_skins_skin19_skins_skin2_skins_skin20_skins_skin21_skins_skin22_skins_skin23_skins_skin24_skins_skin25_skins_skin26_skins_skin27_skins_skin28_skins_skin29_skins_skin3_skins_skin30_skins_skin31_skins_skin32_skins_skin33_skins_skin34_skins_skin35_skins_skin36_skins_skin37_skins_skin38_skins_skin39_skins_skin4_skins_skin40_skins_skin41_skins_skin42_skins_skin43_skins_skin44_skins_skin45_skins_skin46_skins_skin47_skins_skin48_skins_skin49_skins_skin5_skins_skin50_skins_skin51_skins_skin52_skins_skin53_skins_skin54_skins_skin55_skins_skin56_skins_skin57_skins_skin58_skins_skin59_skins_skin6_skins_skin60_skins_skin7_skins_skin8_skins_skin9.bin	Property configuration and asset links	other skin/shared; see reference graph	03e78a116663752e.bin;07f65b37fb75e834.bin;087454f36df0c471.bin;08e5b232f3994eee.bin;1eb4979be4e9320c.bin;21c14331eb9e3fdd.bin;23b85b75eb659166.bin;25c2b1d3f80a7166.bin;26fe02fb42fe5d0f.bin;3079df1f381a87bc.bin;36b00af025f54940.bin;399a7a520477b139.bin;3a207b8680fc4f78.bin;3e345a7cf645a903.bin;3f6a40609700ee85.bin;42ee6bdbfc9d170b.bin;4af4d37cc3da7630.bin;4b8cf46e9a27ff51.bin;4fe453abcf9c5181.bin;4fed391540044397.bin;5665076b09fc85c9.bin;5d7e7a1984eb745d.bin;60bd129d627e731e.bin;69066dbc18657bec.bin;6c66319ffa4bb738.bin;6d6176ab099f3064.bin;70c57eae58af6c94.bin;775c4474dbe4b86c.bin;7b9824cbef34ed4d.bin;7ca837cacce9639a.bin;812e1da9fe14f1ec.bin;88b5dd6dc0e099bd.bin;8cf62c85e1e2e7f9.bin;992d3c62ff62964c.bin;99f61b5c2dd61e45.bin;a44281cd843a8348.bin;a485c4b46181b64d.bin;a497a5055810256b.bin;a582cf4ad353f261.bin;b30d6dd1b38ee53c.bin;b4470b8fb5a238f6.bin;b511ce2cc52d55a4.bin;bb8b47c7d87589f7.bin;c5c66176cca69ad3.bin;caacae9cc35f0267.bin;cf092c39484cec07.bin;d01bf01d5611bc53.bin;d0b441e03335be65.bin;d3dbd3f84a5b8600.bin;d56c87aaf7fac0ee.bin;d8a52eb470baa538.bin;e1dfd1a549890037.bin;e250f290f6212f81.bin;e4dae9eea59fb2f8.bin;e63e7a9cbb51a42f.bin;eb9d53354a504663.bin;ed7ecf9170cfaaf8.bin;f2aa871abddf9427.bin;f5df8e88540921e0.bin;f63b31a3da327a4f.bin;fbd72592f4eee68e.bin;ff9b3266cfca2ba6.bin
723e44d021f63537.tex	.tex	C:\Users\etqdo\Downloads\Clash Braum project\Braum.wad\723e44d021f63537.tex	Braum.wad/723e44d021f63537.tex	87420	a2a512dc44c5a6e2a4044a7091376446315073eda9019015a836aaa2667ef678	5445580000010001010c000187870000	723e44d021f63537	assets/shared/particles/darkstarmode_hookhitsstarthresh_skin05_w_einstein_01_mult.tex	League texture	other skin/shared; see reference graph	ac2d2bd054d44f09.bin
7261baf36b3c679c.tex	.tex	C:\Users\etqdo\Downloads\Clash Braum project\Braum.wad\7261baf36b3c679c.tex	Braum.wad/7261baf36b3c679c.tex	21884	41241eafa700d7aa8a280bc7d943c090005324d146d33777a5b8b4bda3ab977b	5445580080008000010c000139390000	7261baf36b3c679c	assets/characters/braum/skins/skin24/particles/common_aura_self.tex	League texture	other skin/shared; see reference graph	02ab7e4623adf97e.bin
72fca249dcd1f94c.tex	.tex	C:\Users\etqdo\Downloads\Clash Braum project\Braum.wad\72fca249dcd1f94c.tex	Braum.wad/72fca249dcd1f94c.tex	87420	ef35ca044cf3038e6934818f8f4d0420dd115cb0a4b5d2aee68d93188cbf44c8	5445580000010001010c000143430000	72fca249dcd1f94c	assets/characters/braum/skins/skin51/particles/braum_skin51_w_ground_shield_decal2.tex	League texture	other skin/shared; see reference graph	7a1193b055eb059a.bin
73c77de047d7afb4.tex	.tex	C:\Users\etqdo\Downloads\Clash Braum project\Braum.wad\73c77de047d7afb4.tex	Braum.wad/73c77de047d7afb4.tex	5500	a5f7e12a3b9767c4a7c961c85b9931e11e3b78aaf83e8031557140d8bd872ddc	5445580040004000010c0001eded0000	73c77de047d7afb4	assets/characters/braum/skins/skin42/particles/braum_skin42_r_teamhardbell_rgba_002.tex	League texture	other skin/shared; see reference graph	ab5fbb4cdcdfb2ef.bin
73f620b25a2b7aaa.tex	.tex	C:\Users\etqdo\Downloads\Clash Braum project\Braum.wad\73f620b25a2b7aaa.tex	Braum.wad/73f620b25a2b7aaa.tex	43716	dc2ca0c29d4f00e32e62c8e91bafc0fe1d7e3c7015567e62b08d5164ec6d811e	5445580000010001010a0001ea52ea51	73f620b25a2b7aaa	assets/characters/braum/skins/skin51/particles/braum_skin51_r_mask01.tex	League texture	other skin/shared; see reference graph	07f65b37fb75e834.bin;08e5b232f3994eee.bin;3079df1f381a87bc.bin;6c66319ffa4bb738.bin;6d6176ab099f3064.bin;70c57eae58af6c94.bin;7a1193b055eb059a.bin;7ca837cacce9639a.bin;b511ce2cc52d55a4.bin;d01bf01d5611bc53.bin;d56c87aaf7fac0ee.bin
7411c3915000dd19.tex	.tex	C:\Users\etqdo\Downloads\Clash Braum project\Braum.wad\7411c3915000dd19.tex	Braum.wad/7411c3915000dd19.tex	349564	5330a119b19da2303a18c9de5e6008d2512ad1d706efaae581d4753bb771050f	5445580000020002010c00014c4c0000	7411c3915000dd19	assets/characters/braum/skins/skin31/particles/braum_skin31_e_shield_first_block_01.tex	League texture	other skin/shared; see reference graph	c5c66176cca69ad3.bin
742cd92b25517fa7.tex	.tex	C:\Users\etqdo\Downloads\Clash Braum project\Braum.wad\742cd92b25517fa7.tex	Braum.wad/742cd92b25517fa7.tex	5500	823941857a0837ae65a721b879433c98741e9a94f1571db4968fe8c33da3f35c	5445580040004000010c00014e4e0000	742cd92b25517fa7	assets/characters/braum/skins/skin02/particles/braum_skin02_i_distort_rgba.tex	League texture	other skin/shared; see reference graph	23b85b75eb659166.bin;36b00af025f54940.bin;42ee6bdbfc9d170b.bin;4fe453abcf9c5181.bin;a44281cd843a8348.bin;bb8b47c7d87589f7.bin;d0b441e03335be65.bin;d8a52eb470baa538.bin;e1dfd1a549890037.bin;ed7ecf9170cfaaf8.bin
743154c33aec202d.tex	.tex	C:\Users\etqdo\Downloads\Clash Braum project\Braum.wad\743154c33aec202d.tex	Braum.wad/743154c33aec202d.tex	87420	c1a3911d00f46c04e936d56bd52782ae88e1787d1e3700624e06b020bbe386fc	5445580000010001010c00015a5a0000	743154c33aec202d	assets/characters/braum/skins/skin24/particles/braum_skin24_q_speed_buff_trail_03_edited.tex	League texture	other skin/shared; see reference graph	3f6a40609700ee85.bin;88b5dd6dc0e099bd.bin;8cf62c85e1e2e7f9.bin;992d3c62ff62964c.bin;a582cf4ad353f261.bin;b30d6dd1b38ee53c.bin;c5c66176cca69ad3.bin;caacae9cc35f0267.bin;d3dbd3f84a5b8600.bin
74499b823ede3ff0.tex	.tex	C:\Users\etqdo\Downloads\Clash Braum project\Braum.wad\74499b823ede3ff0.tex	Braum.wad/74499b823ede3ff0.tex	43716	3dda0e8e221df688e07cfa053a11d72dede3a4bf2eb3a841cf2f03f1e7d2394f	5445580000010001010a000108222611	74499b823ede3ff0	assets/characters/braum/skins/skin33/particles/braum_skin33_q_ini_ring.tex	League texture	other skin/shared; see reference graph	25c2b1d3f80a7166.bin;399a7a520477b139.bin;3a207b8680fc4f78.bin;4af4d37cc3da7630.bin;775c4474dbe4b86c.bin;cf092c39484cec07.bin;f2aa871abddf9427.bin;f5df8e88540921e0.bin;ff9b3266cfca2ba6.bin
747ac3800c6763f5.anm	.anm	C:\Users\etqdo\Downloads\Clash Braum project\Braum.wad\747ac3800c6763f5.anm	Braum.wad/747ac3800c6763f5.anm	39180	2a688ac3b55c157775e764f2137a3a87626f3f4574dd24a726abbfa2a806dafe	7233643263616e6d0100000000990000	747ac3800c6763f5	assets/characters/braum/skins/skin11/animations/braum_skin11_channel_loop.anm	Animation tracks	other skin/shared; see reference graph	e43dcf714c8a2a42.bin
74c2a42544e8ad00.tex	.tex	C:\Users\etqdo\Downloads\Clash Braum project\Braum.wad\74c2a42544e8ad00.tex	Braum.wad/74c2a42544e8ad00.tex	87420	b18f8296cfac9e22ed98c81b2dec8ad61661004e948dd56645c3d3def5742f64	5445580000010001010c0001d4d40000	74c2a42544e8ad00	assets/characters/braum/skins/skin51/particles/braum_skin51_taillightmask.tex	League texture	other skin/shared; see reference graph	7a1193b055eb059a.bin
74d1db81b910ba99.tex	.tex	C:\Users\etqdo\Downloads\Clash Braum project\Braum.wad\74d1db81b910ba99.tex	Braum.wad/74d1db81b910ba99.tex	86252	227548f678a3ea060bb3bea519c6af18af9bf155c8976d1675d23e2f8bc7fa54	5445580034013002010a000020000000	74d1db81b910ba99	assets/characters/braum/skins/base/braumloadscreen.tex	League texture	base or shared candidate	eb9d53354a504663.bin
74e1a6d5536ae483.scb	.scb	C:\Users\etqdo\Downloads\Clash Braum project\Braum.wad\74e1a6d5536ae483.scb	Braum.wad/74e1a6d5536ae483.scb	8016	4a99410e3f519d38037b7b62bd2553636eb5927eb80a4ce7c115a79544c0cc8a	723364324d6573680300020000000000	74e1a6d5536ae483	assets/characters/braum/skins/skin51/particles/braum_skin51_kassdinidel_lightingmesh01.scb	Static mesh, commonly VFX geometry	other skin/shared; see reference graph	07f65b37fb75e834.bin;08e5b232f3994eee.bin;3079df1f381a87bc.bin;6c66319ffa4bb738.bin;6d6176ab099f3064.bin;70c57eae58af6c94.bin;7ca837cacce9639a.bin;b511ce2cc52d55a4.bin;d01bf01d5611bc53.bin;d56c87aaf7fac0ee.bin
750b6070cc60398c.tex	.tex	C:\Users\etqdo\Downloads\Clash Braum project\Braum.wad\750b6070cc60398c.tex	Braum.wad/750b6070cc60398c.tex	5500	196ef3a4258da062b554c66e6aa23359bb204b4dbca3e736881f128deafc530c	5445580040004000010c0001c9c90000	750b6070cc60398c	assets/characters/braum/skins/skin01/particles/braum_skin01_e_distort_rgba.tex	League texture	other skin/shared; see reference graph	fca448d5ff3861b5.bin
7517751abf8959af.scb	.scb	C:\Users\etqdo\Downloads\Clash Braum project\Braum.wad\7517751abf8959af.scb	Braum.wad/7517751abf8959af.scb	125508	42e2ffcf8f62da4607ebef91ef409d50fce66cb49c6681a402d54e84c4dbbd3b	723364324d65736803000200653a5c72	7517751abf8959af	assets/characters/braum/skins/base/particles/braum_base_q_shield_head.scb	Static mesh, commonly VFX geometry	base or shared candidate	2dc39c165f3aa923.bin
75662aa42bd7938b.bnk	.bnk	C:\Users\etqdo\Downloads\Clash Braum project\Braum.wad\75662aa42bd7938b.bnk	Braum.wad/75662aa42bd7938b.bnk	7441	03c2c3e5a17ef6755de31dfd6e3980b7141b3ebf67bd72988c08af0c479a8726	424b484428000000910000004a45ad35	75662aa42bd7938b	assets/sounds/wwise2016/sfx/characters/braum/skins/skin02/braum_skin02_sfx_events.bnk	Wwise event graph or embedded audio bank	other skin/shared; see reference graph	d0b441e03335be65.bin
75cbfd9fa5c34350.anm	.anm	C:\Users\etqdo\Downloads\Clash Braum project\Braum.wad\75cbfd9fa5c34350.anm	Braum.wad/75cbfd9fa5c34350.anm	79064	624a804fb7ab855d9a80467fa6537221a3cb43b752305f8db256dc74b453e050	72336432616e6d6405000000cc340100	75cbfd9fa5c34350	assets/characters/braum/skins/skin11/animations/braum_joke2_into.anm	Animation tracks	other skin/shared; see reference graph	e43dcf714c8a2a42.bin
75f75ac23e7dcda3.tex	.tex	C:\Users\etqdo\Downloads\Clash Braum project\Braum.wad\75f75ac23e7dcda3.tex	Braum.wad/75f75ac23e7dcda3.tex	21884	f78c7a820c8c2d352e350a534063f7e825c92fbb56a71a8b5455732c0020498c	5445580080008000010c0001acac0000	75f75ac23e7dcda3	assets/characters/braum/skins/skin33/particles/braum_skin33_p_stun_override.tex	League texture	other skin/shared; see reference graph	ac2d2bd054d44f09.bin
75fcfc3389288b0d.tex	.tex	C:\Users\etqdo\Downloads\Clash Braum project\Braum.wad\75fcfc3389288b0d.tex	Braum.wad/75fcfc3389288b0d.tex	21884	9ded2a661d615e8ed87a371fe93d1f9cce6fc1439ae048fb938edda37854403c	5445580080008000010c000144440000	75fcfc3389288b0d	assets/characters/braum/skins/skin37/particles/braum_skin37_pain.tex	League texture	other skin/shared; see reference graph	4af4d37cc3da7630.bin
76057527f5052ed7.tex	.tex	C:\Users\etqdo\Downloads\Clash Braum project\Braum.wad\76057527f5052ed7.tex	Braum.wad/76057527f5052ed7.tex	87420	0ccecd4d841f372709857676d5dfa1b6037567f179567673922491b75e640bca	5445580000010001010c00011e1e0000	76057527f5052ed7	assets/characters/braum/skins/skin24/particles/braum_skin24_r_pbaoe_cas_core_flame.tex	League texture	other skin/shared; see reference graph	3f6a40609700ee85.bin;88b5dd6dc0e099bd.bin;8cf62c85e1e2e7f9.bin;992d3c62ff62964c.bin;a582cf4ad353f261.bin;b30d6dd1b38ee53c.bin;c5c66176cca69ad3.bin;caacae9cc35f0267.bin;d3dbd3f84a5b8600.bin
761273abf2d396a6.scb	.scb	C:\Users\etqdo\Downloads\Clash Braum project\Braum.wad\761273abf2d396a6.scb	Braum.wad/761273abf2d396a6.scb	10476	ffa3bc9cab13f65cd0d61007edadda7c5ec8e1b22a93e24aa1539a0da2a42f57	723364324d65736803000200653a5c72	761273abf2d396a6	assets/characters/braum/skins/base/particles/braum_base_ba_hit_sphere_tar.scb	Static mesh, commonly VFX geometry	base or shared candidate	2dc39c165f3aa923.bin;f63b31a3da327a4f.bin
763bee6bba910b70.tex	.tex	C:\Users\etqdo\Downloads\Clash Braum project\Braum.wad\763bee6bba910b70.tex	Braum.wad/763bee6bba910b70.tex	5500	a4716fec0c1cf216da15407c8561ed5517b5a80824f1cf8a939f458c53164ed6	5445580040004000010c0001b3b30000	763bee6bba910b70	assets/characters/braum/skins/skin24/particles/braum_skin24_q_ramp_shard_rgba.tex	League texture	other skin/shared; see reference graph	3f6a40609700ee85.bin;88b5dd6dc0e099bd.bin;8cf62c85e1e2e7f9.bin;992d3c62ff62964c.bin;a582cf4ad353f261.bin;b30d6dd1b38ee53c.bin;c5c66176cca69ad3.bin;caacae9cc35f0267.bin;d3dbd3f84a5b8600.bin
766097e397971ecb.scb	.scb	C:\Users\etqdo\Downloads\Clash Braum project\Braum.wad\766097e397971ecb.scb	Braum.wad/766097e397971ecb.scb	71620	41718af3cc670bb73f1ea677dd59d186a8f5ceb3658ae60b627b5aedb709a3cf	723364324d6573680300020000000000	766097e397971ecb	assets/characters/braum/skins/skin42/particles/braum_skin42_r_oil01.scb	Static mesh, commonly VFX geometry	other skin/shared; see reference graph	ab5fbb4cdcdfb2ef.bin
7686f3b4ee602dd4.tex	.tex	C:\Users\etqdo\Downloads\Clash Braum project\Braum.wad\7686f3b4ee602dd4.tex	Braum.wad/7686f3b4ee602dd4.tex	68	bc06557b44402fee1498430bd4008df9598085f44b29fea2f02218473674b2f8	5445580008000800010a0001fffffeff	7686f3b4ee602dd4	assets/shared/particles/3161color-hold.tex	League texture	other skin/shared; see reference graph	25c2b1d3f80a7166.bin;399a7a520477b139.bin;3a207b8680fc4f78.bin;4af4d37cc3da7630.bin;775c4474dbe4b86c.bin;cf092c39484cec07.bin;f2aa871abddf9427.bin;f5df8e88540921e0.bin;ff9b3266cfca2ba6.bin
76b9d8189fe17030.skl	.skl	C:\Users\etqdo\Downloads\Clash Braum project\Braum.wad\76b9d8189fe17030.skl	Braum.wad/76b9d8189fe17030.skl	12308	c99a1e1c4b9ee4cede5d6ef78eb8b9f4900a15b746f48e4e57f26b2e0f7fe504	14300000c34ffd220000000000006300	76b9d8189fe17030	assets/characters/braum/skins/skin51/braum_skin51.skl	Skeleton, bind transforms and influence palette	other skin/shared; see reference graph	07f65b37fb75e834.bin;08e5b232f3994eee.bin;3079df1f381a87bc.bin;6c66319ffa4bb738.bin;6d6176ab099f3064.bin;70c57eae58af6c94.bin;7ca837cacce9639a.bin;b511ce2cc52d55a4.bin;d01bf01d5611bc53.bin;d56c87aaf7fac0ee.bin
76daaaa714b47afe.tex	.tex	C:\Users\etqdo\Downloads\Clash Braum project\Braum.wad\76daaaa714b47afe.tex	Braum.wad/76daaaa714b47afe.tex	87420	557afb03ad13b761d11c53bfc043071c57cc5144fe038acb68faf26a74eb4cc9	5445580000010001010c00019a9a0000	76daaaa714b47afe	assets/shared/particles/braum_base_i_donut_normal.tex	League texture	other skin/shared; see reference graph	ac2d2bd054d44f09.bin
76ff6eb64514614c.tex	.tex	C:\Users\etqdo\Downloads\Clash Braum project\Braum.wad\76ff6eb64514614c.tex	Braum.wad/76ff6eb64514614c.tex	87420	a5632d2423874e5b96fe6f09f9ab2cd1c54a7d3ec62f40706f4bd6faa8265e3a	5445580000010001010c000130300000	76ff6eb64514614c	assets/characters/braum/skins/base/particles/braum_base_q_ground_frozen.tex	League texture	base or shared candidate	2dc39c165f3aa923.bin
775b73decb40f7c3.scb	.scb	C:\Users\etqdo\Downloads\Clash Braum project\Braum.wad\775b73decb40f7c3.scb	Braum.wad/775b73decb40f7c3.scb	8952	cf7a08462398f9001b1f48ad2b86d8c12f8f9c33c8106a4f91a39ede12de8968	723364324d6573680300020000000000	775b73decb40f7c3	assets/characters/braum/skins/skin42/particles/braum_skin42_base_p_cooldowntimer.scb	Static mesh, commonly VFX geometry	other skin/shared; see reference graph	ab5fbb4cdcdfb2ef.bin
775c4474dbe4b86c.bin	.bin	C:\Users\etqdo\Downloads\Clash Braum project\Braum.wad\775c4474dbe4b86c.bin	Braum.wad/775c4474dbe4b86c.bin	188374	1fca6de3772d80410d65f3589841df8c1a40366130a5b14bf634f4ff52730f56	50524f50030000000800000031024441	775c4474dbe4b86c	data/characters/braum/skins/skin40.bin	Property configuration and asset links	other skin/shared; see reference graph	
7775f0c76ef4f8ff.tex	.tex	C:\Users\etqdo\Downloads\Clash Braum project\Braum.wad\7775f0c76ef4f8ff.tex	Braum.wad/7775f0c76ef4f8ff.tex	21876	b32e2b1a8ab311c45960a5c1aeff4de4e294272edd0d9a676a33914ba05ba8d9	5445580000018000010a0001a118a130	7775f0c76ef4f8ff	assets/characters/braum/skins/skin42/particles/braum_skin42_ba_flash_tar01.tex	League texture	other skin/shared; see reference graph	ab5fbb4cdcdfb2ef.bin
777d9ebc7a169020.tex	.tex	C:\Users\etqdo\Downloads\Clash Braum project\Braum.wad\777d9ebc7a169020.tex	Braum.wad/777d9ebc7a169020.tex	5492	dd17b36fc73ef8bc9df750e2af1b0c7443daab73fd7f464a1e2589ef936616d9	5445580080004000010a000119af179e	777d9ebc7a169020	assets/characters/braum/skins/skin51/particles/braum_skin51_z_colorgrad_02.tex	League texture	other skin/shared; see reference graph	7a1193b055eb059a.bin
77818a549d4beebe.tex	.tex	C:\Users\etqdo\Downloads\Clash Braum project\Braum.wad\77818a549d4beebe.tex	Braum.wad/77818a549d4beebe.tex	21876	deb32bd3ddad217bfe80e8afb4d3b3810608e9b03559a8f7e4bdf1f38bd98b4c	5445580000018000010a0001a410a008	77818a549d4beebe	assets/characters/braum/skins/skin42/particles/braum_skin42_ba_flash_tar_01.tex	League texture	other skin/shared; see reference graph	ab5fbb4cdcdfb2ef.bin
7790636c84bc6c16.anm	.anm	C:\Users\etqdo\Downloads\Clash Braum project\Braum.wad\7790636c84bc6c16.anm	Braum.wad/7790636c84bc6c16.anm	57418	a8ee641c3cebdac56952edfbc06163a2ac19b4c3ac25b82493f873bc590ae4a2	7233643263616e6d010000003ee00000	7790636c84bc6c16	assets/characters/braum/skins/skin11/animations/braum_skin11_spell3_punch179.anm	Animation tracks	other skin/shared; see reference graph	e43dcf714c8a2a42.bin
77ec5a8644ce03e2.tex	.tex	C:\Users\etqdo\Downloads\Clash Braum project\Braum.wad\77ec5a8644ce03e2.tex	Braum.wad/77ec5a8644ce03e2.tex	174788	9302ea4c76eab581e458e0b7d47e79c567fa38ea96cc58fc575982871919c286	5445580000020002010a000189628752	77ec5a8644ce03e2	assets/characters/braum/skins/skin39/braum_skin39_coconut_tx_cm.tex	League texture	other skin/shared; see reference graph	cf092c39484cec07.bin
7823ed8c269df8e0.tex	.tex	C:\Users\etqdo\Downloads\Clash Braum project\Braum.wad\7823ed8c269df8e0.tex	Braum.wad/7823ed8c269df8e0.tex	21884	021b19f861a0f079da9a6cdf1f6e0d6245d1901d9e28613bcb810cf4a1b2595d	5445580080008000010c000147470000	7823ed8c269df8e0	assets/characters/braum/skins/skin33/particles/braum_skin33_particles_2_78.tex	League texture	other skin/shared; see reference graph	ac2d2bd054d44f09.bin
78a85d24a8ac244e.tex	.tex	C:\Users\etqdo\Downloads\Clash Braum project\Braum.wad\78a85d24a8ac244e.tex	Braum.wad/78a85d24a8ac244e.tex	21884	f510636fe3f009aa29ed707b828adfb178b63ce2c90b17a2d0282a0df5973e8a	5445580080008000010c000131310000	78a85d24a8ac244e	assets/characters/braum/skins/skin24/particles/braum_skin24_einstein_04_mult.tex	League texture	other skin/shared; see reference graph	02ab7e4623adf97e.bin
78d074c4bd2e95bb.tex	.tex	C:\Users\etqdo\Downloads\Clash Braum project\Braum.wad\78d074c4bd2e95bb.tex	Braum.wad/78d074c4bd2e95bb.tex	86252	f1f62b11c8bdc709cc94e98d77df161b9a5cf45813c9ec51dfdec220970950a1	5445580034013002010a000041080000	78d074c4bd2e95bb	assets/characters/braum/skins/skin24/braumloadscreen_24_le.tex	League texture	other skin/shared; see reference graph	3f6a40609700ee85.bin;88b5dd6dc0e099bd.bin;8cf62c85e1e2e7f9.bin;992d3c62ff62964c.bin;a582cf4ad353f261.bin;b30d6dd1b38ee53c.bin;c5c66176cca69ad3.bin;caacae9cc35f0267.bin;d3dbd3f84a5b8600.bin
78f9ca0ee9640b5f.tex	.tex	C:\Users\etqdo\Downloads\Clash Braum project\Braum.wad\78f9ca0ee9640b5f.tex	Braum.wad/78f9ca0ee9640b5f.tex	87420	36c077077a989b692686821e679ca379e04354a4b4eb8765558e9bc2761e7a3f	5445580000010001010c00011c1c0000	78f9ca0ee9640b5f	assets/characters/braum/skins/skin01/particles/braum_skin01_r_flying_shards.tex	League texture	other skin/shared; see reference graph	1eb4979be4e9320c.bin;26fe02fb42fe5d0f.bin;3e345a7cf645a903.bin;4b8cf46e9a27ff51.bin;4fed391540044397.bin;5d7e7a1984eb745d.bin;69066dbc18657bec.bin;7b9824cbef34ed4d.bin;812e1da9fe14f1ec.bin;a497a5055810256b.bin;e250f290f6212f81.bin;fca448d5ff3861b5.bin
7919c3743e25c2fb.tex	.tex	C:\Users\etqdo\Downloads\Clash Braum project\Braum.wad\7919c3743e25c2fb.tex	Braum.wad/7919c3743e25c2fb.tex	21884	4a34d5d15bfebf2b43e63604c4d6ddcefd44ded8888e85078a12144a575b9849	5445580080008000010c00019c9c0000	7919c3743e25c2fb	assets/characters/braum/skins/skin51/particles/braum_skin51_alphaslice_1.tex	League texture	other skin/shared; see reference graph	07f65b37fb75e834.bin;08e5b232f3994eee.bin;3079df1f381a87bc.bin;6c66319ffa4bb738.bin;6d6176ab099f3064.bin;70c57eae58af6c94.bin;7ca837cacce9639a.bin;b511ce2cc52d55a4.bin;d01bf01d5611bc53.bin;d56c87aaf7fac0ee.bin
792969209641608e.tex	.tex	C:\Users\etqdo\Downloads\Clash Braum project\Braum.wad\792969209641608e.tex	Braum.wad/792969209641608e.tex	5500	3424a6d6ecd2c4bd47688067f9a8ec59ebeebc964e4d14a38b8c2d88d2cf7106	5445580040004000010c000134340000	792969209641608e	assets/characters/braum/skins/skin51/particles/braum_skin51_z_groundlight_01.tex	League texture	other skin/shared; see reference graph	07f65b37fb75e834.bin;08e5b232f3994eee.bin;3079df1f381a87bc.bin;6c66319ffa4bb738.bin;6d6176ab099f3064.bin;70c57eae58af6c94.bin;7a1193b055eb059a.bin;7ca837cacce9639a.bin;b511ce2cc52d55a4.bin;d01bf01d5611bc53.bin;d56c87aaf7fac0ee.bin
7974334a874b2eae.tex	.tex	C:\Users\etqdo\Downloads\Clash Braum project\Braum.wad\7974334a874b2eae.tex	Braum.wad/7974334a874b2eae.tex	43716	b8b516840a15dd8caa7026499d0cff0e8fc6a9440df5f8ff829ed5c26078016d	5445580000010001010a0001b073b05b	7974334a874b2eae	assets/characters/braum/skins/skin36/particles/braum_skin36_poro_tx_cm.tex	League texture	other skin/shared; see reference graph	25c2b1d3f80a7166.bin
797d7550d9df4cfb.tex	.tex	C:\Users\etqdo\Downloads\Clash Braum project\Braum.wad\797d7550d9df4cfb.tex	Braum.wad/797d7550d9df4cfb.tex	87420	d33530c6fc5ad7e66f8ba1caef1cecf38ffa09fc98023a863f92ac12045eb828	5445580000010001010c0001ffff0000	797d7550d9df4cfb	assets/characters/braum/skins/skin24/particles/braum_skin24_tx_cm.tex	League texture	other skin/shared; see reference graph	02ab7e4623adf97e.bin
7996728408554ede.tex	.tex	C:\Users\etqdo\Downloads\Clash Braum project\Braum.wad\7996728408554ede.tex	Braum.wad/7996728408554ede.tex	1398140	d2f071c9f594d50c6e0c87ea0872f90d0c29cb884e103cf5ec69126502146e05	5445580000040004010c0001ebeb0000	7996728408554ede	assets/characters/braum/skins/skin60/braum_skin60_shield_tx_cm.tex	League texture	other skin/shared; see reference graph	6c66319ffa4bb738.bin
79abcfa098da0b4b.tex	.tex	C:\Users\etqdo\Downloads\Clash Braum project\Braum.wad\79abcfa098da0b4b.tex	Braum.wad/79abcfa098da0b4b.tex	87420	8d1e83a0aea2a71d1ef7feb0eef53ae10ac2335c04fe56cbae162ad86944576f	5445580000010001010c000123230000	79abcfa098da0b4b	assets/characters/braum/skins/skin51/particles/braum_skin51_r_glow03.tex	League texture	other skin/shared; see reference graph	07f65b37fb75e834.bin;08e5b232f3994eee.bin;3079df1f381a87bc.bin;6c66319ffa4bb738.bin;6d6176ab099f3064.bin;70c57eae58af6c94.bin;7ca837cacce9639a.bin;b511ce2cc52d55a4.bin;d01bf01d5611bc53.bin;d56c87aaf7fac0ee.bin
79e4f462683ef717.dds	.dds	C:\Users\etqdo\Downloads\Clash Braum project\Braum.wad\79e4f462683ef717.dds	Braum.wad/79e4f462683ef717.dds	2176	dccebbf8227d9087f2686af58800e591604edab14b068b1e00459483fc576e91	444453207c0000000710080040000000	79e4f462683ef717	assets/characters/braum/hud/icons2d/braum_e.dds	DirectDraw texture	other skin/shared; see reference graph	52d36b20890112f7.bin
7a1193b055eb059a.bin	.bin	C:\Users\etqdo\Downloads\Clash Braum project\Braum.wad\7a1193b055eb059a.bin	Braum.wad/7a1193b055eb059a.bin	437640	c6049b0b4a6905823e72778839ede9918aa2ffcc2ba429124780b8a78eb0746e	50524f50030000000000000049000000	7a1193b055eb059a	data/characters/braum/braum_multi_skins_skin51_skins_skin52_skins_skin53_skins_skin54_skins_skin55_skins_skin56_skins_skin57_skins_skin58_skins_skin59_skins_skin60.bin	Property configuration and asset links	other skin/shared; see reference graph	07f65b37fb75e834.bin;08e5b232f3994eee.bin;3079df1f381a87bc.bin;6c66319ffa4bb738.bin;6d6176ab099f3064.bin;70c57eae58af6c94.bin;7ca837cacce9639a.bin;b511ce2cc52d55a4.bin;d01bf01d5611bc53.bin;d56c87aaf7fac0ee.bin
7a19da26693c4f81.tex	.tex	C:\Users\etqdo\Downloads\Clash Braum project\Braum.wad\7a19da26693c4f81.tex	Braum.wad/7a19da26693c4f81.tex	5500	921723b921d8a3789b3ddda8edd05db5fc0c9776def629e469a6a6e0fb1bbfaa	5445580040004000010c000169690000	7a19da26693c4f81	assets/characters/braum/skins/skin24/particles/braum_skin24_e_shield_rgba_04.tex	League texture	other skin/shared; see reference graph	3f6a40609700ee85.bin;88b5dd6dc0e099bd.bin;8cf62c85e1e2e7f9.bin;992d3c62ff62964c.bin;a582cf4ad353f261.bin;b30d6dd1b38ee53c.bin;c5c66176cca69ad3.bin;caacae9cc35f0267.bin;d3dbd3f84a5b8600.bin
7a2450a4a91f98d9.tex	.tex	C:\Users\etqdo\Downloads\Clash Braum project\Braum.wad\7a2450a4a91f98d9.tex	Braum.wad/7a2450a4a91f98d9.tex	21884	5e9bda26db06c209b50505143b228a926a0422495439eea45ef890943f4971bc	5445580080008000010c000122220000	7a2450a4a91f98d9	assets/characters/braum/skins/skin33/particles/braum_skin33_q_flamehead_poolparty.tex	League texture	other skin/shared; see reference graph	25c2b1d3f80a7166.bin;399a7a520477b139.bin;3a207b8680fc4f78.bin;4af4d37cc3da7630.bin;775c4474dbe4b86c.bin;cf092c39484cec07.bin;f2aa871abddf9427.bin;f5df8e88540921e0.bin;ff9b3266cfca2ba6.bin
7a3b2c08a751d296.tex	.tex	C:\Users\etqdo\Downloads\Clash Braum project\Braum.wad\7a3b2c08a751d296.tex	Braum.wad/7a3b2c08a751d296.tex	43716	60e35927dbfd7efcb2f665f16302270b0c9e09024a43644c9b79cd71ac638a15	5445580000010001010a000124214210	7a3b2c08a751d296	assets/characters/braum/skins/skin51/particles/braum_skin51_i_lightning03.tex	League texture	other skin/shared; see reference graph	7a1193b055eb059a.bin
7a3c273063910c27.anm	.anm	C:\Users\etqdo\Downloads\Clash Braum project\Braum.wad\7a3c273063910c27.anm	Braum.wad/7a3c273063910c27.anm	21942	859fdb3ce6f10e3a0df8ef612ccdd406fcb82de96d3cff4a791f856cbc27b963	7233643263616e6d01000000aa550000	7a3c273063910c27	assets/characters/braum/skins/base/animations/braum_idle_in.anm	Animation tracks	base or shared candidate	0b01eaec2c944f55.bin;5e21202a9a0cef1a.bin;6c0cf3da2d377385.bin;72028fe917890575.bin;aa0aa8a7dd53a131.bin;d0fe19959c26552d.bin;de78a7f6bf5c9803.bin
7a79765df1f8f565.scb	.scb	C:\Users\etqdo\Downloads\Clash Braum project\Braum.wad\7a79765df1f8f565.scb	Braum.wad/7a79765df1f8f565.scb	83532	9dbeb1cf26da17ff94998bdf6aeb02a42aa43b9df3613c07e6ab99d37d704cca	723364324d6573680300020000000000	7a79765df1f8f565	assets/characters/braum/skins/skin51/particles/braum_skin51_bird1.scb	Static mesh, commonly VFX geometry	other skin/shared; see reference graph	07f65b37fb75e834.bin;08e5b232f3994eee.bin;3079df1f381a87bc.bin;6c66319ffa4bb738.bin;6d6176ab099f3064.bin;70c57eae58af6c94.bin;7ca837cacce9639a.bin;b511ce2cc52d55a4.bin;d01bf01d5611bc53.bin;d56c87aaf7fac0ee.bin
7a84430890897d97.tex	.tex	C:\Users\etqdo\Downloads\Clash Braum project\Braum.wad\7a84430890897d97.tex	Braum.wad/7a84430890897d97.tex	21884	0b5781d7dafb031d29de05825443c75e6e4dc6533cd8e1b4e244a1a7f951c12d	5445580080008000010c000144440000	7a84430890897d97	assets/characters/braum/skins/skin36/particles/braum_skin36_pain.tex	League texture	other skin/shared; see reference graph	25c2b1d3f80a7166.bin
7a920df20df848ee.scb	.scb	C:\Users\etqdo\Downloads\Clash Braum project\Braum.wad\7a920df20df848ee.scb	Braum.wad/7a920df20df848ee.scb	9628	835b0bfe16338037573a3fb188a5827221ec7106e6773fd9e6777e3aa43e57f0	723364324d65736802000200653a5c72	7a920df20df848ee	assets/characters/braum/skins/skin33/particles/braum_skin33_r_knock_up_tar.scb	Static mesh, commonly VFX geometry	other skin/shared; see reference graph	ac2d2bd054d44f09.bin
7ab212634740dc01.tex	.tex	C:\Users\etqdo\Downloads\Clash Braum project\Braum.wad\7ab212634740dc01.tex	Braum.wad/7ab212634740dc01.tex	87420	f731d7ba6cdc3c5c828f3f22499cce9e5f711bb8ec15bb1befbd4729125071e7	5445580000010001010c000121210000	7ab212634740dc01	assets/characters/braum/skins/skin42/particles/braum_skin42_e_shield_buff02.tex	League texture	other skin/shared; see reference graph	ab5fbb4cdcdfb2ef.bin
7ad349cf1c753c0e.anm	.anm	C:\Users\etqdo\Downloads\Clash Braum project\Braum.wad\7ad349cf1c753c0e.anm	Braum.wad/7ad349cf1c753c0e.anm	37450	cf407cfe43e8bd349296c7ce6e03544866ee648d3de5dee9881c131ed9c04b40	7233643263616e6d010000003e920000	7ad349cf1c753c0e	assets/characters/braum/skins/skin11/animations/braum_idle_01_loop.anm	Animation tracks	other skin/shared; see reference graph	e43dcf714c8a2a42.bin
7b083bcb666b0f32.tex	.tex	C:\Users\etqdo\Downloads\Clash Braum project\Braum.wad\7b083bcb666b0f32.tex	Braum.wad/7b083bcb666b0f32.tex	87420	6a11f1cde156d8106406eddb7c27d2473cf7f5f5db133bfec40cda44c8b01760	5445580000010001010c0001ffff0000	7b083bcb666b0f32	assets/characters/braum/skins/skin10/particles/braum_base_r_ground_nova.tex	League texture	other skin/shared; see reference graph	2dc39c165f3aa923.bin
7b48f466391ee92c.tex	.tex	C:\Users\etqdo\Downloads\Clash Braum project\Braum.wad\7b48f466391ee92c.tex	Braum.wad/7b48f466391ee92c.tex	21884	37979d73f0b8f82c36da5c0080258cb434e1821eefd365097fc6bd6b3756ad31	5445580080008000010c00011e1e0000	7b48f466391ee92c	assets/characters/braum/skins/skin01/particles/braum_skin01_r_ground_burn.tex	League texture	other skin/shared; see reference graph	fca448d5ff3861b5.bin
7b4bf016cadfd934.tex	.tex	C:\Users\etqdo\Downloads\Clash Braum project\Braum.wad\7b4bf016cadfd934.tex	Braum.wad/7b4bf016cadfd934.tex	87420	cdc39ccfd6bb5ad5197508a7602d58ea9e44dae27669303bdd36188575b0c437	5445580000010001010c000137370000	7b4bf016cadfd934	assets/characters/braum/skins/base/particles/braum_base_ba_spikes_tar.tex	League texture	base or shared candidate	03e78a116663752e.bin;2974de4048ee048b.bin;2dc39c165f3aa923.bin;eb9d53354a504663.bin;f63b31a3da327a4f.bin
7b9824cbef34ed4d.bin	.bin	C:\Users\etqdo\Downloads\Clash Braum project\Braum.wad\7b9824cbef34ed4d.bin	Braum.wad/7b9824cbef34ed4d.bin	25259	c474c783e3e9e6d6d45218678253f55bfe770fe97d19fad44792759f44b8b9c6	50524f5003000000090000003f034441	7b9824cbef34ed4d	data/characters/braum/skins/skin5.bin	Property configuration and asset links	other skin/shared; see reference graph	
7bf351e42fbb9833.tex	.tex	C:\Users\etqdo\Downloads\Clash Braum project\Braum.wad\7bf351e42fbb9833.tex	Braum.wad/7bf351e42fbb9833.tex	86252	8af77c57525e9f3831c21603b14792fe6e81735f414897e569752605b34c849c	5445580034013002010a000041080000	7bf351e42fbb9833	assets/characters/braum/skins/skin33/braumloadscreen_33.tex	League texture	other skin/shared; see reference graph	25c2b1d3f80a7166.bin;399a7a520477b139.bin;3a207b8680fc4f78.bin;4af4d37cc3da7630.bin;775c4474dbe4b86c.bin;cf092c39484cec07.bin;f2aa871abddf9427.bin;f5df8e88540921e0.bin;ff9b3266cfca2ba6.bin
7c29de0bcc00cde6.tex	.tex	C:\Users\etqdo\Downloads\Clash Braum project\Braum.wad\7c29de0bcc00cde6.tex	Braum.wad/7c29de0bcc00cde6.tex	87420	7275aa95021b2259dec9be93e322de2a98b117fa7670c70f1ec06e8e4dfaecc0	5445580000010001010c000197970000	7c29de0bcc00cde6	assets/characters/braum/skins/skin02/particles/braum_skin02_e_shield_break_ice.tex	League texture	other skin/shared; see reference graph	d0b441e03335be65.bin
7c8137a486b61762.tex	.tex	C:\Users\etqdo\Downloads\Clash Braum project\Braum.wad\7c8137a486b61762.tex	Braum.wad/7c8137a486b61762.tex	87420	35b6fcf8a5cd067937fd24748fa0ce143e44c5e4a0a4ea11609076c42644ad6d	5445580000010001010c00013d3d0000	7c8137a486b61762	assets/characters/braum/skins/skin33/particles/braum_skin33_smoke.tex	League texture	other skin/shared; see reference graph	25c2b1d3f80a7166.bin;399a7a520477b139.bin;3a207b8680fc4f78.bin;4af4d37cc3da7630.bin;775c4474dbe4b86c.bin;cf092c39484cec07.bin;f2aa871abddf9427.bin;f5df8e88540921e0.bin;ff9b3266cfca2ba6.bin
7ca837cacce9639a.bin	.bin	C:\Users\etqdo\Downloads\Clash Braum project\Braum.wad\7ca837cacce9639a.bin	Braum.wad/7ca837cacce9639a.bin	230937	1da0b30a77c66697d7ed75e94c3280698a87a4196ec4298ca7be4e2100236c9e	50524f5003000000040000003f034441	7ca837cacce9639a	data/characters/braum/skins/skin53.bin	Property configuration and asset links	other skin/shared; see reference graph	
7ce63dbdece36a6d.tex	.tex	C:\Users\etqdo\Downloads\Clash Braum project\Braum.wad\7ce63dbdece36a6d.tex	Braum.wad/7ce63dbdece36a6d.tex	43740	05e65621e671199ad4ca92cebabbaa59d02031647f36420ceab8facd0e114f71	5445580000018000010c000108080000	7ce63dbdece36a6d	assets/characters/braum/skins/skin42/particles/braum_skin42_e_shield_firealpha04.tex	League texture	other skin/shared; see reference graph	ab5fbb4cdcdfb2ef.bin
7cec0e867081bfb6.anm	.anm	C:\Users\etqdo\Downloads\Clash Braum project\Braum.wad\7cec0e867081bfb6.anm	Braum.wad/7cec0e867081bfb6.anm	40750	0a06e86db36ae73f5f130c9649f4ba16b9cb9712313bb803f2c50a2f3fd40697	7233643263616e6d01000000229f0000	7cec0e867081bfb6	assets/characters/braum/skins/skin11/animations/braum_idle_in.anm	Animation tracks	other skin/shared; see reference graph	e43dcf714c8a2a42.bin
7d14a662e9828cdc.anm	.anm	C:\Users\etqdo\Downloads\Clash Braum project\Braum.wad\7d14a662e9828cdc.anm	Braum.wad/7d14a662e9828cdc.anm	61272	bd77d489dc7edb280c4839f616a6f66c3f3d70e52c9c2962a4f1c7c5560a3e6f	7233643263616e6d010000004cef0000	7d14a662e9828cdc	assets/characters/braum/skins/base/animations/braum_death.anm	Animation tracks	base or shared candidate	0b01eaec2c944f55.bin;5e21202a9a0cef1a.bin;6c0cf3da2d377385.bin;72028fe917890575.bin;aa0aa8a7dd53a131.bin;d0fe19959c26552d.bin;de78a7f6bf5c9803.bin
7d1a0e0840e6b4a2.tex	.tex	C:\Users\etqdo\Downloads\Clash Braum project\Braum.wad\7d1a0e0840e6b4a2.tex	Braum.wad/7d1a0e0840e6b4a2.tex	10948	938f91619f0bf2b08354fe26221628bb25e16ad1a9a298242189566623a74a94	5445580080008000010a0001a108a420	7d1a0e0840e6b4a2	assets/characters/braum/skins/skin51/particles/braum_skin51_mote.tex	League texture	other skin/shared; see reference graph	07f65b37fb75e834.bin;08e5b232f3994eee.bin;3079df1f381a87bc.bin;6c66319ffa4bb738.bin;6d6176ab099f3064.bin;70c57eae58af6c94.bin;7a1193b055eb059a.bin;7ca837cacce9639a.bin;b511ce2cc52d55a4.bin;d01bf01d5611bc53.bin;d56c87aaf7fac0ee.bin
7d27527b89e23cc7.tex	.tex	C:\Users\etqdo\Downloads\Clash Braum project\Braum.wad\7d27527b89e23cc7.tex	Braum.wad/7d27527b89e23cc7.tex	16396	5c7720f2e4ba533ff56114131f3e9a2f007d5db1c13d5de9c16a316a90e40c2d	5445580080008000010c000000000000	7d27527b89e23cc7	assets/characters/braum/hud/braum_circle_24.tex	League texture	other skin/shared; see reference graph	3f6a40609700ee85.bin;88b5dd6dc0e099bd.bin;8cf62c85e1e2e7f9.bin;992d3c62ff62964c.bin;a582cf4ad353f261.bin;b30d6dd1b38ee53c.bin;c5c66176cca69ad3.bin;caacae9cc35f0267.bin;d3dbd3f84a5b8600.bin
7d5001c7a37f4a36.tex	.tex	C:\Users\etqdo\Downloads\Clash Braum project\Braum.wad\7d5001c7a37f4a36.tex	Braum.wad/7d5001c7a37f4a36.tex	349556	ce0e5f28ef2dba8d016d887c5a0cc5878543362347cca4e5a10a93dcc87fe360	5445580000040002010a000106420341	7d5001c7a37f4a36	assets/characters/braum/skins/skin08/braum_skin08_tx_cm.tex	League texture	other skin/shared; see reference graph	4fed391540044397.bin
7d5c39bdb14a3441.tex	.tex	C:\Users\etqdo\Downloads\Clash Braum project\Braum.wad\7d5c39bdb14a3441.tex	Braum.wad/7d5c39bdb14a3441.tex	174788	ebd37854d7567657f52386a94a94dbfdabdb559547eab1c3019895d4057b81e7	5445580000020002010a00012c632b63	7d5c39bdb14a3441	assets/characters/braum/skins/skin11/particles/braum_skin11_e_shielderode.tex	League texture	other skin/shared; see reference graph	2974de4048ee048b.bin
7d658b2000051615.tex	.tex	C:\Users\etqdo\Downloads\Clash Braum project\Braum.wad\7d658b2000051615.tex	Braum.wad/7d658b2000051615.tex	349564	6d608a25ef66eb1db4db193611545819f377d220a9c36702a0191194309a2a27	5445580000020002010c0001ffff0000	7d658b2000051615	assets/characters/braum/skins/skin11/particles/braum_skin11_q_mis.tex	League texture	other skin/shared; see reference graph	42ee6bdbfc9d170b.bin
7d84cddadd5b8bc0.tex	.tex	C:\Users\etqdo\Downloads\Clash Braum project\Braum.wad\7d84cddadd5b8bc0.tex	Braum.wad/7d84cddadd5b8bc0.tex	68	bc06557b44402fee1498430bd4008df9598085f44b29fea2f02218473674b2f8	5445580008000800010a0001fffffeff	7d84cddadd5b8bc0	assets/characters/braum/skins/skin42/particles/braum_skin42_color_hold.tex	League texture	other skin/shared; see reference graph	ab5fbb4cdcdfb2ef.bin
7db9c0023770864e.tex	.tex	C:\Users\etqdo\Downloads\Clash Braum project\Braum.wad\7db9c0023770864e.tex	Braum.wad/7db9c0023770864e.tex	87420	18686e24825de50efb74f0b69db88965a90d043ac703a9723cfd138f67d53fa2	5445580000010001010c00013f3f0000	7db9c0023770864e	assets/characters/braum/skins/skin51/particles/braum_skin51_w_crack1.tex	League texture	other skin/shared; see reference graph	7a1193b055eb059a.bin
7dd9be4c212def7b.tex	.tex	C:\Users\etqdo\Downloads\Clash Braum project\Braum.wad\7dd9be4c212def7b.tex	Braum.wad/7dd9be4c212def7b.tex	349564	1459ab90ac87b702c951e87d4a9a33e026be31adc3f89826400ab99de400d368	5445580000020002010c0001fcfc0000	7dd9be4c212def7b	assets/characters/braum/skins/skin11/particles/braum_skin11_r_shield_tx_cm.tex	League texture	other skin/shared; see reference graph	2974de4048ee048b.bin
7ddbff3f4de55e99.scb	.scb	C:\Users\etqdo\Downloads\Clash Braum project\Braum.wad\7ddbff3f4de55e99.scb	Braum.wad/7ddbff3f4de55e99.scb	10476	ffa3bc9cab13f65cd0d61007edadda7c5ec8e1b22a93e24aa1539a0da2a42f57	723364324d65736803000200653a5c72	7ddbff3f4de55e99	assets/characters/braum/skins/skin01/particles/braum_skin01_ba_hit_sphere_tar.scb	Static mesh, commonly VFX geometry	other skin/shared; see reference graph	d0b441e03335be65.bin;fca448d5ff3861b5.bin
7e097a71615d662d.tex	.tex	C:\Users\etqdo\Downloads\Clash Braum project\Braum.wad\7e097a71615d662d.tex	Braum.wad/7e097a71615d662d.tex	174788	ae7f8e7b942b226e86b8ccd7b8e5c3a2360c5dab5ce8bf2fef67b54d08f39e2b	5445580000020002010a000186718450	7e097a71615d662d	assets/characters/braum/skins/skin33/braum_skin33_crab_tx_cm.tex	League texture	other skin/shared; see reference graph	3a207b8680fc4f78.bin
7e78dbf3174762b7.scb	.scb	C:\Users\etqdo\Downloads\Clash Braum project\Braum.wad\7e78dbf3174762b7.scb	Braum.wad/7e78dbf3174762b7.scb	16112	6ea7a6909521a789f279842686042fb8a389771e7a7de3ac5d6810ef084fdc0a	723364324d65736803000200653a5c72	7e78dbf3174762b7	assets/characters/braum/skins/skin10/particles/braum_base_ba_trail_01.scb	Static mesh, commonly VFX geometry	other skin/shared; see reference graph	f63b31a3da327a4f.bin
7e86efd41aab6df5.tex	.tex	C:\Users\etqdo\Downloads\Clash Braum project\Braum.wad\7e86efd41aab6df5.tex	Braum.wad/7e86efd41aab6df5.tex	21884	baa5e0c26344f11a2a812ef54b62391c4e879bef1de3852d9d5f7b62948e9d46	5445580080008000010c00016d6d0000	7e86efd41aab6df5	assets/characters/braum/skins/skin37/particles/braum_skin37_hat.tex	League texture	other skin/shared; see reference graph	4af4d37cc3da7630.bin
7e8d21f7497c2c8d.tex	.tex	C:\Users\etqdo\Downloads\Clash Braum project\Braum.wad\7e8d21f7497c2c8d.tex	Braum.wad/7e8d21f7497c2c8d.tex	87420	1aa91aab5cc7aadb91cd9ad0c865fe0c301aab997411720e2f133b84a7ce80fa	5445580000010001010c000145450000	7e8d21f7497c2c8d	assets/characters/braum/skins/skin01/particles/braum_skin01_e_first_block_shield.tex	League texture	other skin/shared; see reference graph	fca448d5ff3861b5.bin
7ed5159642d52ace.anm	.anm	C:\Users\etqdo\Downloads\Clash Braum project\Braum.wad\7ed5159642d52ace.anm	Braum.wad/7ed5159642d52ace.anm	21282	65ba04e4cbe6e73aae66c2136d120173d1132693616219d4e88b18e6650a1b4b	7233643263616e6d0100000016530000	7ed5159642d52ace	assets/characters/braum/skins/base/animations/braum_spell3_run-90.anm	Animation tracks	base or shared candidate	0b01eaec2c944f55.bin;57bea13d59e2af1a.bin;5e21202a9a0cef1a.bin;6c0cf3da2d377385.bin;72028fe917890575.bin;aa0aa8a7dd53a131.bin;d0fe19959c26552d.bin;de78a7f6bf5c9803.bin
7f30189a8d286a7f.tex	.tex	C:\Users\etqdo\Downloads\Clash Braum project\Braum.wad\7f30189a8d286a7f.tex	Braum.wad/7f30189a8d286a7f.tex	87420	cb4e79dac2a5cbb6048a2a58ac145db56b7a3491f27be2961f938c31d3a83c7a	5445580000010001010c000119190000	7f30189a8d286a7f	assets/characters/braum/skins/base/particles/braum_base_ba_hit_circle_tar.tex	League texture	base or shared candidate	2dc39c165f3aa923.bin;f63b31a3da327a4f.bin
7f321cd66ea874b3.tex	.tex	C:\Users\etqdo\Downloads\Clash Braum project\Braum.wad\7f321cd66ea874b3.tex	Braum.wad/7f321cd66ea874b3.tex	21884	590a9f5e429eb7d09c7b3dada1a08355b41a595c442bd9e3a1870c4c3918aab4	5445580080008000010c000165650000	7f321cd66ea874b3	assets/characters/braum/skins/skin02/particles/braum_skin02_q_tx_cm.tex	League texture	other skin/shared; see reference graph	d0b441e03335be65.bin
7f588e0f42f58280.tex	.tex	C:\Users\etqdo\Downloads\Clash Braum project\Braum.wad\7f588e0f42f58280.tex	Braum.wad/7f588e0f42f58280.tex	43740	fa7791b4d0955a43fbcdb9b05f812fcf76082087d97c5559115201428266e329	5445580000018000010c000106060000	7f588e0f42f58280	assets/characters/braum/skins/base/particles/braum_base_i_ground_crack_4x1.tex	League texture	base or shared candidate	d0b441e03335be65.bin;f2ef4463d62600e6.bin;fca448d5ff3861b5.bin
7f7132c39d1de303.tex	.tex	C:\Users\etqdo\Downloads\Clash Braum project\Braum.wad\7f7132c39d1de303.tex	Braum.wad/7f7132c39d1de303.tex	52	8ff12a02c07482dc2d0697f593f1680381b3bd21ad952be5609d9681b8b166e1	5445580008000400010a0001fffffeff	7f7132c39d1de303	assets/characters/braum/skins/skin51/particles/braum_skin51_z_872.tex	League texture	other skin/shared; see reference graph	7a1193b055eb059a.bin
7f74a2538cfcb6c6.anm	.anm	C:\Users\etqdo\Downloads\Clash Braum project\Braum.wad\7f74a2538cfcb6c6.anm	Braum.wad/7f74a2538cfcb6c6.anm	45872	96822e1d9f3b6a5d025c88ab4f4c98044fa284fd62c4fe91c1d263c291dbce10	72336432616e6d640500000024b30000	7f74a2538cfcb6c6	assets/characters/braum/skins/base/animations/braum_spell3_punch-179.anm	Animation tracks	base or shared candidate	0b01eaec2c944f55.bin;57bea13d59e2af1a.bin;5e21202a9a0cef1a.bin;6c0cf3da2d377385.bin;72028fe917890575.bin;aa0aa8a7dd53a131.bin;d0fe19959c26552d.bin;de78a7f6bf5c9803.bin
7f7db88433168e90.tex	.tex	C:\Users\etqdo\Downloads\Clash Braum project\Braum.wad\7f7db88433168e90.tex	Braum.wad/7f7db88433168e90.tex	349564	f23221722cd42c20b9168b497110c976e439e989db4e5a94355e1b08c8aa2fe8	5445580000020002010c0001ffff0000	7f7db88433168e90		League texture	other skin/shared; see reference graph	
7fb00fbf32e68dac.tex	.tex	C:\Users\etqdo\Downloads\Clash Braum project\Braum.wad\7fb00fbf32e68dac.tex	Braum.wad/7fb00fbf32e68dac.tex	87420	8e967303c06f26ca8f5d8e7fc6ebd7e63dd006d3ef7b250e76fe2faad9880011	5445580000010001010c00011e1e0000	7fb00fbf32e68dac	assets/characters/braum/skins/skin42/particles/braum_skin42_q_front01.tex	League texture	other skin/shared; see reference graph	ab5fbb4cdcdfb2ef.bin
801974df701a0505.scb	.scb	C:\Users\etqdo\Downloads\Clash Braum project\Braum.wad\801974df701a0505.scb	Braum.wad/801974df701a0505.scb	16112	6ea7a6909521a789f279842686042fb8a389771e7a7de3ac5d6810ef084fdc0a	723364324d65736803000200653a5c72	801974df701a0505	assets/characters/braum/skins/skin24/particles/braum_skin24_ba_trail_01.scb	Static mesh, commonly VFX geometry	other skin/shared; see reference graph	02ab7e4623adf97e.bin
8061eddac55c2ac2.skn	.skn	C:\Users\etqdo\Downloads\Clash Braum project\Braum.wad\8061eddac55c2ac2.skn	Braum.wad/8061eddac55c2ac2.skn	73812	3eb1fb0cd2c885f3e2df867cd97ed9373abb3d4754c2342096873aad1a20781e	332211000400010001000000506f726f	8061eddac55c2ac2	assets/characters/braum/skins/skin33/particles/braum_skin33_poro_anim.skn	Skinned mesh with submeshes and vertex weights	other skin/shared; see reference graph	25c2b1d3f80a7166.bin;399a7a520477b139.bin;3a207b8680fc4f78.bin;4af4d37cc3da7630.bin;775c4474dbe4b86c.bin;cf092c39484cec07.bin;f2aa871abddf9427.bin;f5df8e88540921e0.bin;ff9b3266cfca2ba6.bin
8093359f200e23df.tex	.tex	C:\Users\etqdo\Downloads\Clash Braum project\Braum.wad\8093359f200e23df.tex	Braum.wad/8093359f200e23df.tex	43732	f9471e3074f79b64df72ff091cb85f866e40c1699674c4e8be292f23f9970ecc	5445580000028000010a0001a839ab5a	8093359f200e23df	assets/characters/braum/skins/skin51/particles/braum_skin51_z_colorgrad.tex	League texture	other skin/shared; see reference graph	7a1193b055eb059a.bin
80e3ad7677f0f1ff.tex	.tex	C:\Users\etqdo\Downloads\Clash Braum project\Braum.wad\80e3ad7677f0f1ff.tex	Braum.wad/80e3ad7677f0f1ff.tex	87420	64ed2dbca9e1ea4add5e246eed21d940d90de89fb88d5a45f7d7539198ce21ed	5445580000010001010c000169690000	80e3ad7677f0f1ff	assets/characters/braum/skins/skin58/particles/braum_skin58_r_crack_04.tex	League texture	other skin/shared; see reference graph	08e5b232f3994eee.bin
80f9f971b933ad9a.skn	.skn	C:\Users\etqdo\Downloads\Clash Braum project\Braum.wad\80f9f971b933ad9a.skn	Braum.wad/80f9f971b933ad9a.skn	15714	6dcbf6d229714190cd56c53ddc313e1757154be17ade30e5df9d978d353b87b9	3322110004000100010000006c616d62	80f9f971b933ad9a	assets/characters/braum/skins/skin10/particles/barum_skin10_r_tree.skn	Skinned mesh with submeshes and vertex weights	other skin/shared; see reference graph	f63b31a3da327a4f.bin
81065dafb2765697.tex	.tex	C:\Users\etqdo\Downloads\Clash Braum project\Braum.wad\81065dafb2765697.tex	Braum.wad/81065dafb2765697.tex	699076	2f26032784ccf9cc4b204b1ff3566c348600ddd89f049cfb07e8ff0c5e84f398	5445580000040004010a0001e8610652	81065dafb2765697		League texture	other skin/shared; see reference graph	
810ec3f3bb6d1322.anm	.anm	C:\Users\etqdo\Downloads\Clash Braum project\Braum.wad\810ec3f3bb6d1322.anm	Braum.wad/810ec3f3bb6d1322.anm	37670	29adc9bdb1a77d00ab67fd6458bec2aa879010b30ac5f297a7448d0e0221a7c9	7233643263616e6d010000001a930000	810ec3f3bb6d1322	assets/characters/braum/skins/skin11/animations/braum_skin11_spell3_idle-180.anm	Animation tracks	other skin/shared; see reference graph	e43dcf714c8a2a42.bin
8116f61056fe0bc9.tex	.tex	C:\Users\etqdo\Downloads\Clash Braum project\Braum.wad\8116f61056fe0bc9.tex	Braum.wad/8116f61056fe0bc9.tex	87420	ee4847564671285926502c6c27221df075bf9789d7474c1c0283a89accde31ae	5445580000010001010c000102020000	8116f61056fe0bc9	assets/characters/braum/skins/skin58/particles/braum_skin58_shield_tx_02.tex	League texture	other skin/shared; see reference graph	08e5b232f3994eee.bin
812e1da9fe14f1ec.bin	.bin	C:\Users\etqdo\Downloads\Clash Braum project\Braum.wad\812e1da9fe14f1ec.bin	Braum.wad/812e1da9fe14f1ec.bin	25302	b66ec56845c879c4cfb0de94d694cdfb22641e2d87931604277a3f37abc2bc59	50524f5003000000090000003f034441	812e1da9fe14f1ec	data/characters/braum/skins/skin22.bin	Property configuration and asset links	other skin/shared; see reference graph	
81303435606dd0aa.anm	.anm	C:\Users\etqdo\Downloads\Clash Braum project\Braum.wad\81303435606dd0aa.anm	Braum.wad/81303435606dd0aa.anm	69400	a7a713f2d33dc921806f0eef113454ae16f88ecdcec7f1732d75d95f257cccde	7233643263616e6d010000000c0f0100	81303435606dd0aa	assets/characters/braum/skins/base/animations/braum_dance_windup.anm	Animation tracks	base or shared candidate	0b01eaec2c944f55.bin;57bea13d59e2af1a.bin;5e21202a9a0cef1a.bin;6c0cf3da2d377385.bin;72028fe917890575.bin;aa0aa8a7dd53a131.bin;d0fe19959c26552d.bin;de78a7f6bf5c9803.bin
81395c3443a29708.tex	.tex	C:\Users\etqdo\Downloads\Clash Braum project\Braum.wad\81395c3443a29708.tex	Braum.wad/81395c3443a29708.tex	87420	557afb03ad13b761d11c53bfc043071c57cc5144fe038acb68faf26a74eb4cc9	5445580000010001010c00019a9a0000	81395c3443a29708	assets/characters/braum/skins/skin42/particles/braum_skin42_i_donut_normal.tex	League texture	other skin/shared; see reference graph	ab5fbb4cdcdfb2ef.bin
817272ba6d7c8615.tex	.tex	C:\Users\etqdo\Downloads\Clash Braum project\Braum.wad\817272ba6d7c8615.tex	Braum.wad/817272ba6d7c8615.tex	43716	06c0e2bbe9f25d606b52c47a3a38160019ddae8ade932b22b70bb35fc0df8563	5445580000010001010a0001a2102108	817272ba6d7c8615	assets/characters/braum/skins/skin10/particles/braum_base_ba_ring_tar.tex	League texture	other skin/shared; see reference graph	2dc39c165f3aa923.bin
817c582a24ef9629.tex	.tex	C:\Users\etqdo\Downloads\Clash Braum project\Braum.wad\817c582a24ef9629.tex	Braum.wad/817c582a24ef9629.tex	174788	25f962d25d5771409155b147a5726f1e23400d931898c2c5f9f76cc96b42cfc8	5445580000020002010a0001caa2ca82	817c582a24ef9629	assets/characters/braum/skins/skin17/particles/braum_skin17_q_mis.tex	League texture	other skin/shared; see reference graph	bb8b47c7d87589f7.bin
819ad0474943eedd.tex	.tex	C:\Users\etqdo\Downloads\Clash Braum project\Braum.wad\819ad0474943eedd.tex	Braum.wad/819ad0474943eedd.tex	21884	8c806c9888523203f8d8991f4b2cca6dedd8902b3972da0d1cbc711cc9fb8b9e	5445580080008000010c000143430000	819ad0474943eedd	assets/characters/braum/skins/skin24/particles/braum_skin24_q_cone_waves.tex	League texture	other skin/shared; see reference graph	3f6a40609700ee85.bin;88b5dd6dc0e099bd.bin;8cf62c85e1e2e7f9.bin;992d3c62ff62964c.bin;a582cf4ad353f261.bin;b30d6dd1b38ee53c.bin;c5c66176cca69ad3.bin;caacae9cc35f0267.bin;d3dbd3f84a5b8600.bin
81a340e22b75f40a.tex	.tex	C:\Users\etqdo\Downloads\Clash Braum project\Braum.wad\81a340e22b75f40a.tex	Braum.wad/81a340e22b75f40a.tex	43716	c58a395f1c6a770e02e0df7d0457ec74dd2279a469b970e217f0efdfcd14bda1	5445580000010001010a000166216210	81a340e22b75f40a	assets/characters/braum/skins/skin33/particles/braum_skin33_w_shield_ground_decal_edit.tex	League texture	other skin/shared; see reference graph	ac2d2bd054d44f09.bin
81afeeb95320cf97.tex	.tex	C:\Users\etqdo\Downloads\Clash Braum project\Braum.wad\81afeeb95320cf97.tex	Braum.wad/81afeeb95320cf97.tex	87420	9d8a06939c90676897abab2034ffa95c492bc6d1992eb7eebfe30bc7e7468441	5445580000010001010c00012d2d0000	81afeeb95320cf97	assets/characters/braum/skins/skin01/particles/braum_skin01_r_ground_crack_02.tex	League texture	other skin/shared; see reference graph	fca448d5ff3861b5.bin
81b587f0f6071310.tex	.tex	C:\Users\etqdo\Downloads\Clash Braum project\Braum.wad\81b587f0f6071310.tex	Braum.wad/81b587f0f6071310.tex	2756	a1c69c8e5ebb48a1165e19bea91203491f17a80c22f902d650fde82abbf4ec6d	5445580040004000010a0001cf7bce73	81b587f0f6071310	assets/characters/braum/skins/skin51/particles/braum_skin51_64.tex	League texture	other skin/shared; see reference graph	7a1193b055eb059a.bin
8207705f3f67110e.tex	.tex	C:\Users\etqdo\Downloads\Clash Braum project\Braum.wad\8207705f3f67110e.tex	Braum.wad/8207705f3f67110e.tex	87420	6a11f1cde156d8106406eddb7c27d2473cf7f5f5db133bfec40cda44c8b01760	5445580000010001010c0001ffff0000	8207705f3f67110e	assets/characters/braum/skins/skin33/particles/braum_skin33_r_ground_nova.tex	League texture	other skin/shared; see reference graph	25c2b1d3f80a7166.bin;399a7a520477b139.bin;3a207b8680fc4f78.bin;4af4d37cc3da7630.bin;775c4474dbe4b86c.bin;cf092c39484cec07.bin;f2aa871abddf9427.bin;f5df8e88540921e0.bin;ff9b3266cfca2ba6.bin
82a286b136640b8f.tex	.tex	C:\Users\etqdo\Downloads\Clash Braum project\Braum.wad\82a286b136640b8f.tex	Braum.wad/82a286b136640b8f.tex	5500	6251a66108ce6a5ef1c816d2e4632898bf7f28cb24dd8949a89a4ff48d9d3430	5445580040004000010c0001afaf0000	82a286b136640b8f	assets/characters/braum/skins/base/particles/common_color-rampdown32.tex	League texture	base or shared candidate	2974de4048ee048b.bin;2dc39c165f3aa923.bin;d0b441e03335be65.bin;f63b31a3da327a4f.bin;fca448d5ff3861b5.bin
82a59262bdde8ed9.tex	.tex	C:\Users\etqdo\Downloads\Clash Braum project\Braum.wad\82a59262bdde8ed9.tex	Braum.wad/82a59262bdde8ed9.tex	349564	720460fec0f97711e224509ec887a5900c06e7bf167b7ab42482a58ad32273e7	5445580000020002010c0001acac0000	82a59262bdde8ed9	assets/characters/braum/skins/skin11/particles/braum_skin11_e_shieldtex.tex	League texture	other skin/shared; see reference graph	2974de4048ee048b.bin
82c69c58b966af73.anm	.anm	C:\Users\etqdo\Downloads\Clash Braum project\Braum.wad\82c69c58b966af73.anm	Braum.wad/82c69c58b966af73.anm	3012	3083510da66645689e87f082e756ce5cd6c50a2585a89e36310f63e538e25518	72336432616e6d6404000000b80b0000	82c69c58b966af73	assets/characters/braum/skins/base/particles/braum_base_r_ice_shard.anm	Animation tracks	base or shared candidate	2974de4048ee048b.bin;2dc39c165f3aa923.bin
8344679088827b66.tex	.tex	C:\Users\etqdo\Downloads\Clash Braum project\Braum.wad\8344679088827b66.tex	Braum.wad/8344679088827b66.tex	1398140	19efd727b89836365ec8bdede3c8958c67c5fcec7817a2eddcf0e907c9c05507	5445580000040004010c0001ebeb0000	8344679088827b66	assets/characters/braum/skins/skin56/braum_skin56_shield_tx_cm.tex	League texture	other skin/shared; see reference graph	d56c87aaf7fac0ee.bin
835de372e09dd604.tex	.tex	C:\Users\etqdo\Downloads\Clash Braum project\Braum.wad\835de372e09dd604.tex	Braum.wad/835de372e09dd604.tex	87420	bdc8416137073774a1b47ab3ffbf88a767e8593ef1743bcc6bca7edd095818b8	5445580000010001010c0001ffff0000	835de372e09dd604	assets/characters/braum/skins/skin51/particles/braum_skin51_w_solar_circle.tex	League texture	other skin/shared; see reference graph	7a1193b055eb059a.bin
8361f1b2e2f195d6.tex	.tex	C:\Users\etqdo\Downloads\Clash Braum project\Braum.wad\8361f1b2e2f195d6.tex	Braum.wad/8361f1b2e2f195d6.tex	349564	3b138bcd1db8d3d6e50ce1cb0c1d8db0106a9c5a07f034756a5a379c627295ff	5445580000020002010c00015a5a0000	8361f1b2e2f195d6	assets/characters/braum/skins/skin29/particles/braum_skin29_e_shield_first_block_01.tex	League texture	other skin/shared; see reference graph	caacae9cc35f0267.bin
83791e09b89a409b.tex	.tex	C:\Users\etqdo\Downloads\Clash Braum project\Braum.wad\83791e09b89a409b.tex	Braum.wad/83791e09b89a409b.tex	349564	4e2d23597effb0fd2e3cd8627d3c07f390eb2d6abfbaf381066f0279d78851bf	5445580000020002010c0001e4e40000	83791e09b89a409b	assets/characters/braum/skins/skin38/braum_skin38_palmtree_tx_cm.tex	League texture	other skin/shared; see reference graph	f2aa871abddf9427.bin
83c48fe905f12a99.tex	.tex	C:\Users\etqdo\Downloads\Clash Braum project\Braum.wad\83c48fe905f12a99.tex	Braum.wad/83c48fe905f12a99.tex	21884	0d1e61b096fa86e08ce4e714a0fb00b71e593b877ca8510ee4acf9adc0b1e35b	5445580080008000010c0001ffff0000	83c48fe905f12a99	assets/characters/braum/skins/skin42/particles/braum_skin42_1q_smokeerode.tex	League texture	other skin/shared; see reference graph	ab5fbb4cdcdfb2ef.bin
83d149dea419463b.tex	.tex	C:\Users\etqdo\Downloads\Clash Braum project\Braum.wad\83d149dea419463b.tex	Braum.wad/83d149dea419463b.tex	349556	d9446965905c224df52bc5a09dadea3970b0a4c4876e04a330bd2d4f40a8f045	5445580000040002010a0001a841a621	83d149dea419463b	assets/characters/braum/skins/skin22/braum_skin22_tx_cm.tex	League texture	other skin/shared; see reference graph	812e1da9fe14f1ec.bin
83e363de3482a691.anm	.anm	C:\Users\etqdo\Downloads\Clash Braum project\Braum.wad\83e363de3482a691.anm	Braum.wad/83e363de3482a691.anm	1034	2f9cee6c1845f76ddc3919121b9c321cdbb8d8163fb470dceea2c8a3971e4f87	7233643263616e6d01000000fe030000	83e363de3482a691	assets/characters/braum/skins/skin33/particles/braum_skin33_castle_1_amin.anm	Animation tracks	other skin/shared; see reference graph	ac2d2bd054d44f09.bin
842f5561017bbf1f.scb	.scb	C:\Users\etqdo\Downloads\Clash Braum project\Braum.wad\842f5561017bbf1f.scb	Braum.wad/842f5561017bbf1f.scb	8952	cf7a08462398f9001b1f48ad2b86d8c12f8f9c33c8106a4f91a39ede12de8968	723364324d6573680300020000000000	842f5561017bbf1f	assets/characters/braum/skins/skin02/particles/braum_skin02_p_cooldowntimer.scb	Static mesh, commonly VFX geometry	other skin/shared; see reference graph	d0b441e03335be65.bin
84485ddef9cbabae.tex	.tex	C:\Users\etqdo\Downloads\Clash Braum project\Braum.wad\84485ddef9cbabae.tex	Braum.wad/84485ddef9cbabae.tex	87420	aa581cc955565289a957ebb7ec46c36532d6a1ea701d560c8541f2957397a7a7	5445580000010001010c000133330000	84485ddef9cbabae	assets/shared/particles/braum_base_i_shield_glow.tex	League texture	other skin/shared; see reference graph	ac2d2bd054d44f09.bin
8472740b0e05404a.anm	.anm	C:\Users\etqdo\Downloads\Clash Braum project\Braum.wad\8472740b0e05404a.anm	Braum.wad/8472740b0e05404a.anm	85198	0451a84ac996ebee1fd64a80ced7a4d58f74e21393a36945572746666ad177bf	72336432616e6d6405000000c24c0100	8472740b0e05404a	assets/characters/braum/skins/skin10/animations/braum_skin04_recall_winddown.anm	Animation tracks	other skin/shared; see reference graph	57bea13d59e2af1a.bin
84b4ef1d45466ade.anm	.anm	C:\Users\etqdo\Downloads\Clash Braum project\Braum.wad\84b4ef1d45466ade.anm	Braum.wad/84b4ef1d45466ade.anm	55480	0d1ead89a5d04bb32b4ea492e5ec3fd7fdc16ba47ba3978d7ee34dcc16548213	72336432616e6d6405000000acd80000	84b4ef1d45466ade	assets/characters/braum/skins/skin10/animations/braum_skin04_homeguard_in.anm	Animation tracks	other skin/shared; see reference graph	57bea13d59e2af1a.bin
8501ca83dc6841aa.anm	.anm	C:\Users\etqdo\Downloads\Clash Braum project\Braum.wad\8501ca83dc6841aa.anm	Braum.wad/8501ca83dc6841aa.anm	25370	aafc7f9265e3f27c165d45acfa362228755a705856b5dbed2cf0e277f59860c4	7233643263616e6d010000000e630000	8501ca83dc6841aa	assets/characters/braum/skins/base/animations/braum_run_haste_01.anm	Animation tracks	base or shared candidate	0b01eaec2c944f55.bin;57bea13d59e2af1a.bin;5e21202a9a0cef1a.bin;6c0cf3da2d377385.bin;72028fe917890575.bin;aa0aa8a7dd53a131.bin;d0fe19959c26552d.bin;de78a7f6bf5c9803.bin
851f080d84958020.tex	.tex	C:\Users\etqdo\Downloads\Clash Braum project\Braum.wad\851f080d84958020.tex	Braum.wad/851f080d84958020.tex	1398140	e6e0edb31ba46c3a0b95a8933f05d7e99e95694d74e95b43b85580c2abd63eb2	5445580000040004010c0001ebeb0000	851f080d84958020	assets/characters/braum/skins/skin54/braum_skin54_shield_tx_cm.tex	League texture	other skin/shared; see reference graph	07f65b37fb75e834.bin
8538c06106220566.tex	.tex	C:\Users\etqdo\Downloads\Clash Braum project\Braum.wad\8538c06106220566.tex	Braum.wad/8538c06106220566.tex	174788	190c753c1d9677edcbd46e02c604cfc11631702bbd7023bb128475fb245a3485	5445580000020002010a000130933073	8538c06106220566	assets/characters/braum/skins/skin38/braum_skin38_poro_tx_cm.tex	League texture	other skin/shared; see reference graph	f2aa871abddf9427.bin
85613894e951c71d.tex	.tex	C:\Users\etqdo\Downloads\Clash Braum project\Braum.wad\85613894e951c71d.tex	Braum.wad/85613894e951c71d.tex	21884	5e86f7f3125c457a94f7bfd0cb1c1c47137195cc9042dbccc3119d32d167571e	5445580080008000010c000142420000	85613894e951c71d	assets/characters/braum/skins/skin01/particles/braum_skin01_p_base.tex	League texture	other skin/shared; see reference graph	fca448d5ff3861b5.bin
858b8b63d5242a2f.anm	.anm	C:\Users\etqdo\Downloads\Clash Braum project\Braum.wad\858b8b63d5242a2f.anm	Braum.wad/858b8b63d5242a2f.anm	353612	0aad5cf62393529d765277802cd53f975b89aa48920b5d72a2d6ba9ac010fd97	7233643263616e6d0100000040650500	858b8b63d5242a2f	assets/characters/braum/skins/skin33/animations/recall.anm	Animation tracks	other skin/shared; see reference graph	d0fe19959c26552d.bin
858eb36d913ae7d1.tex	.tex	C:\Users\etqdo\Downloads\Clash Braum project\Braum.wad\858eb36d913ae7d1.tex	Braum.wad/858eb36d913ae7d1.tex	21876	de317659a0681c4c76f4463c71daf03a8bb715bba0fe69fcb39f4e69ae1ff53d	5445580000018000010a00016b896769	858eb36d913ae7d1	assets/characters/braum/skins/skin25/particles/braum_skin25_e_shield_override_01.tex	League texture	other skin/shared; see reference graph	3f6a40609700ee85.bin
85b6ae12b77de641.tex	.tex	C:\Users\etqdo\Downloads\Clash Braum project\Braum.wad\85b6ae12b77de641.tex	Braum.wad/85b6ae12b77de641.tex	87420	018b5e55310f746d3e77db0c0b585bf403badf3f1fcb9bacace4408c7c7e3260	5445580000010001010c000124240000	85b6ae12b77de641	assets/characters/braum/skins/skin33/particles/braum_skin02_p_mark_blend.tex	League texture	other skin/shared; see reference graph	ac2d2bd054d44f09.bin
85c8d2e4fa4a926c.tex	.tex	C:\Users\etqdo\Downloads\Clash Braum project\Braum.wad\85c8d2e4fa4a926c.tex	Braum.wad/85c8d2e4fa4a926c.tex	5500	a1366599725e8abc32492554eecd3d5b8755e4f2e953f7d7289e1dc226decf21	5445580040004000010c0001a1a10000	85c8d2e4fa4a926c	assets/characters/braum/skins/skin24/particles/braum_skin24_q_color_mult.tex	League texture	other skin/shared; see reference graph	3f6a40609700ee85.bin;88b5dd6dc0e099bd.bin;8cf62c85e1e2e7f9.bin;992d3c62ff62964c.bin;a582cf4ad353f261.bin;b30d6dd1b38ee53c.bin;c5c66176cca69ad3.bin;caacae9cc35f0267.bin;d3dbd3f84a5b8600.bin
85dbdd700e0a5a51.anm	.anm	C:\Users\etqdo\Downloads\Clash Braum project\Braum.wad\85dbdd700e0a5a51.anm	Braum.wad/85dbdd700e0a5a51.anm	39320	312fe2ebb8dd3630b74cf283ad910b5f7c9b1761d46e99e5cb360b6ee109480c	7233643263616e6d010000008c990000	85dbdd700e0a5a51	assets/characters/braum/skins/skin11/animations/braum_spell3_run-179.anm	Animation tracks	other skin/shared; see reference graph	e43dcf714c8a2a42.bin
861b2fab1e40af34.scb	.scb	C:\Users\etqdo\Downloads\Clash Braum project\Braum.wad\861b2fab1e40af34.scb	Braum.wad/861b2fab1e40af34.scb	9628	835b0bfe16338037573a3fb188a5827221ec7106e6773fd9e6777e3aa43e57f0	723364324d65736802000200653a5c72	861b2fab1e40af34	assets/characters/braum/skins/skin24/particles/braum_skin24_r_knock_up_tar.scb	Static mesh, commonly VFX geometry	other skin/shared; see reference graph	02ab7e4623adf97e.bin
8622e8e3e05c12d4.tex	.tex	C:\Users\etqdo\Downloads\Clash Braum project\Braum.wad\8622e8e3e05c12d4.tex	Braum.wad/8622e8e3e05c12d4.tex	5500	0bf0e5dc7784bae37619591d8e1d34f308f05cf5fcbc7274ae5ca3a702db794c	5445580040004000010c0001eded0000	8622e8e3e05c12d4	assets/characters/braum/skins/skin02/particles/braum_skin02_r_teamhardbell_rgba.tex	League texture	other skin/shared; see reference graph	d0b441e03335be65.bin
86ec909f66ece6c0.tex	.tex	C:\Users\etqdo\Downloads\Clash Braum project\Braum.wad\86ec909f66ece6c0.tex	Braum.wad/86ec909f66ece6c0.tex	21884	9f7054552b0a1c69ee5e9f3f79d94461a109cf4a790d2e80482fc6d87cd86ca1	5445580080008000010c00012d2d0000	86ec909f66ece6c0	assets/shared/particles/lux_skin07_circle_normal.tex	League texture	other skin/shared; see reference graph	25c2b1d3f80a7166.bin;399a7a520477b139.bin;3a207b8680fc4f78.bin;4af4d37cc3da7630.bin;775c4474dbe4b86c.bin;ac2d2bd054d44f09.bin;cf092c39484cec07.bin;f2aa871abddf9427.bin;f5df8e88540921e0.bin;ff9b3266cfca2ba6.bin
87279d502d510015.tex	.tex	C:\Users\etqdo\Downloads\Clash Braum project\Braum.wad\87279d502d510015.tex	Braum.wad/87279d502d510015.tex	43740	c5561a6cbb90345e2230871b31dbc4efc88df76fd1920b5b9e5485971653297a	5445580000018000010c000136360000	87279d502d510015	assets/characters/braum/skins/skin33/particles/braum_skin33_r_hit_tar.tex	League texture	other skin/shared; see reference graph	ac2d2bd054d44f09.bin
8767b3c458d99ee6.tex	.tex	C:\Users\etqdo\Downloads\Clash Braum project\Braum.wad\8767b3c458d99ee6.tex	Braum.wad/8767b3c458d99ee6.tex	87420	05fffde66297ae8392f1fa14ed78d5590264af0b89d671a971501f692e853793	5445580000010001010c000150500000	8767b3c458d99ee6	assets/characters/braum/skins/skin51/particles/braum_skin51_w_items_noise_02.tex	League texture	other skin/shared; see reference graph	07f65b37fb75e834.bin;08e5b232f3994eee.bin;3079df1f381a87bc.bin;6c66319ffa4bb738.bin;6d6176ab099f3064.bin;70c57eae58af6c94.bin;7a1193b055eb059a.bin;7ca837cacce9639a.bin;b511ce2cc52d55a4.bin;d01bf01d5611bc53.bin;d56c87aaf7fac0ee.bin
87a92d3beecbf1f5.scb	.scb	C:\Users\etqdo\Downloads\Clash Braum project\Braum.wad\87a92d3beecbf1f5.scb	Braum.wad/87a92d3beecbf1f5.scb	27988	831bc1db36b916172513b6274ca07ac51fbcb16c73a33424d5b34a3260d233c2	723364324d6573680300020000000000	87a92d3beecbf1f5	assets/characters/braum/skins/skin42/particles/braum_skin42_e_shield_meat01.scb	Static mesh, commonly VFX geometry	other skin/shared; see reference graph	ab5fbb4cdcdfb2ef.bin
87bc05800636ccd4.tex	.tex	C:\Users\etqdo\Downloads\Clash Braum project\Braum.wad\87bc05800636ccd4.tex	Braum.wad/87bc05800636ccd4.tex	87420	f06620e2eb2b7ad25285b5e7583d4a6ac422e4cdca5dab94a04360398e6c6090	5445580000010001010c000115150000	87bc05800636ccd4	assets/characters/braum/skins/skin51/particles/braum_skin51_06.tex	League texture	other skin/shared; see reference graph	07f65b37fb75e834.bin;08e5b232f3994eee.bin;3079df1f381a87bc.bin;6c66319ffa4bb738.bin;6d6176ab099f3064.bin;70c57eae58af6c94.bin;7a1193b055eb059a.bin;7ca837cacce9639a.bin;b511ce2cc52d55a4.bin;d01bf01d5611bc53.bin;d56c87aaf7fac0ee.bin
87c30253442b90cd.tex	.tex	C:\Users\etqdo\Downloads\Clash Braum project\Braum.wad\87c30253442b90cd.tex	Braum.wad/87c30253442b90cd.tex	87420	4f2f78556021df507a990d162415cb949a713ce453afdd2792238d69105393c4	5445580000010001010c000137370000	87c30253442b90cd	assets/characters/braum/skins/skin51/particles/braum_skin51_e_shield_ice_smoke.tex	League texture	other skin/shared; see reference graph	07f65b37fb75e834.bin;08e5b232f3994eee.bin;3079df1f381a87bc.bin;6c66319ffa4bb738.bin;6d6176ab099f3064.bin;70c57eae58af6c94.bin;7a1193b055eb059a.bin;7ca837cacce9639a.bin;b511ce2cc52d55a4.bin;d01bf01d5611bc53.bin;d56c87aaf7fac0ee.bin
87c9be5da78e870f.tex	.tex	C:\Users\etqdo\Downloads\Clash Braum project\Braum.wad\87c9be5da78e870f.tex	Braum.wad/87c9be5da78e870f.tex	87420	cb4e79dac2a5cbb6048a2a58ac145db56b7a3491f27be2961f938c31d3a83c7a	5445580000010001010c000119190000	87c9be5da78e870f	assets/characters/braum/skins/skin51/particles/braum_skin51_ba_hit_circle_tar.tex	League texture	other skin/shared; see reference graph	7a1193b055eb059a.bin
87d88f12155b774d.tex	.tex	C:\Users\etqdo\Downloads\Clash Braum project\Braum.wad\87d88f12155b774d.tex	Braum.wad/87d88f12155b774d.tex	43716	31b5a958d86ea4b612f46beda98627a44efe73ecc04e5fc46ac01bf891f2217c	5445580000010001010a000116b676b5	87d88f12155b774d	assets/characters/braum/skins/skin33/particles/skin33_shield_mult.tex	League texture	other skin/shared; see reference graph	ac2d2bd054d44f09.bin
87e5dbae0ad4f1f1.anm	.anm	C:\Users\etqdo\Downloads\Clash Braum project\Braum.wad\87e5dbae0ad4f1f1.anm	Braum.wad/87e5dbae0ad4f1f1.anm	66716	fcacd394bce66d4551d3ad44601cf9947ad6550fe702749f04da5e2ccee3af77	7233643263616e6d0100000090040100	87e5dbae0ad4f1f1	assets/characters/braum/skins/skin11/animations/braum_skin11_spell3_punch0.anm	Animation tracks	other skin/shared; see reference graph	e43dcf714c8a2a42.bin
87ee01045c834446.tex	.tex	C:\Users\etqdo\Downloads\Clash Braum project\Braum.wad\87ee01045c834446.tex	Braum.wad/87ee01045c834446.tex	87420	e95b9e9b7004be238e4de1976f14d5dcd06a42f72c58543f11b355b2049fde06	5445580000010001010c000124240000	87ee01045c834446	assets/characters/braum/skins/base/particles/braum_base_q_ground_dust.tex	League texture	base or shared candidate	2dc39c165f3aa923.bin
87f8d7d6ed6ae283.tex	.tex	C:\Users\etqdo\Downloads\Clash Braum project\Braum.wad\87f8d7d6ed6ae283.tex	Braum.wad/87f8d7d6ed6ae283.tex	349556	62a05394dfb21295c6e7f6847f8b57a3c9f8105cdfad8407935af91fecf6155c	5445580000040002010a0001c659a95a	87f8d7d6ed6ae283	assets/characters/braum/skins/skin10/braum_skin10_tx_cm.tex	League texture	other skin/shared; see reference graph	f63b31a3da327a4f.bin
8821dfcabec5e0c2.tex	.tex	C:\Users\etqdo\Downloads\Clash Braum project\Braum.wad\8821dfcabec5e0c2.tex	Braum.wad/8821dfcabec5e0c2.tex	87452	47d10989697b8bc60689c0e8c2209ee97bf5736a0ad338b9e76be41ff48b5426	5445580080000002010c000109090000	8821dfcabec5e0c2	assets/characters/braum/skins/skin51/particles/braum_skin51_r_indicator_side_red.tex	League texture	other skin/shared; see reference graph	7a1193b055eb059a.bin
882c64cd44c80cf0.skl	.skl	C:\Users\etqdo\Downloads\Clash Braum project\Braum.wad\882c64cd44c80cf0.skl	Braum.wad/882c64cd44c80cf0.skl	304	f6efbd612dd4088301d34c716b26cc408620787cf2c8bfa9b5834473a674bf14	30010000c34ffd220000000000000200	882c64cd44c80cf0	assets/characters/braum/skins/skin11/particles/barum_skin11_r_goldbar.skl	Skeleton, bind transforms and influence palette	other skin/shared; see reference graph	2974de4048ee048b.bin
883370da0bab23ac.tex	.tex	C:\Users\etqdo\Downloads\Clash Braum project\Braum.wad\883370da0bab23ac.tex	Braum.wad/883370da0bab23ac.tex	21884	5f20623bc2e894f9c2f3eebc014bef831940218c2a0f8d42746015e7de6ee4ef	5445580080008000010c0001b4b40000	883370da0bab23ac	assets/characters/braum/skins/skin42/particles/braum_skin42_z_smoke_mult.tex	League texture	other skin/shared; see reference graph	ab5fbb4cdcdfb2ef.bin
8833b0631d5156b2.tex	.tex	C:\Users\etqdo\Downloads\Clash Braum project\Braum.wad\8833b0631d5156b2.tex	Braum.wad/8833b0631d5156b2.tex	349564	613bc09de74e5c36dca8f792fcfdf691f9905fb1d797f29abe6c876596801d71	5445580000020002010c000154540000	8833b0631d5156b2	assets/characters/braum/skins/skin60/particles/braum_skin60_braum_skin60_shield_05.tex	League texture	other skin/shared; see reference graph	6c66319ffa4bb738.bin
8836f9a4cf4375da.tex	.tex	C:\Users\etqdo\Downloads\Clash Braum project\Braum.wad\8836f9a4cf4375da.tex	Braum.wad/8836f9a4cf4375da.tex	21884	c22c3ea2e93251ff6dfb9f3f0341d40fc95288287e4f7c104c990ff37afff82a	5445580080008000010c000148480000	8836f9a4cf4375da	assets/characters/braum/skins/skin51/particles/braum_skin51_crater010.tex	League texture	other skin/shared; see reference graph	7a1193b055eb059a.bin
883cc7ceaac006fd.tex	.tex	C:\Users\etqdo\Downloads\Clash Braum project\Braum.wad\883cc7ceaac006fd.tex	Braum.wad/883cc7ceaac006fd.tex	87452	9454c64fc43fcd8cee4ad312e63fa9a6e52334baf4202af72b385bd07a3318d6	5445580080000002010c00010f0f0000	883cc7ceaac006fd	assets/characters/braum/skins/skin51/particles/braum_skin51_r_indicator_side_03.tex	League texture	other skin/shared; see reference graph	7a1193b055eb059a.bin
883fad1a00dce722.tex	.tex	C:\Users\etqdo\Downloads\Clash Braum project\Braum.wad\883fad1a00dce722.tex	Braum.wad/883fad1a00dce722.tex	10948	aa7422e71e080659e8bb2ab0cbbcb752c5aa9afced0f3be5541170c74eb90aa3	5445580080008000010a000146314319	883fad1a00dce722	assets/characters/braum/skins/skin51/particles/braum_skin51_z_ground2_glowring.tex	League texture	other skin/shared; see reference graph	7a1193b055eb059a.bin
8852e39f590f66c0.tex	.tex	C:\Users\etqdo\Downloads\Clash Braum project\Braum.wad\8852e39f590f66c0.tex	Braum.wad/8852e39f590f66c0.tex	43740	c8eb2ab7ea7d9a7c1113fa93463b2c02b8ff6f1ebf1365d5cd4e9687b30442f5	5445580000018000010c0001ffff0000	8852e39f590f66c0	assets/characters/braum/skins/skin24/particles/braum_skin24_e_shield_override_01.tex	League texture	other skin/shared; see reference graph	d3dbd3f84a5b8600.bin
88694230763240d9.anm	.anm	C:\Users\etqdo\Downloads\Clash Braum project\Braum.wad\88694230763240d9.anm	Braum.wad/88694230763240d9.anm	45148	3c034b922f437ca7973b61c57a070a8ea579b157807a7ad5a0c8f4de9f0dc87e	7233643263616e6d0100000050b00000	88694230763240d9	assets/characters/braum/skins/base/animations/braum_idle_01_in.anm	Animation tracks	base or shared candidate	0b01eaec2c944f55.bin;57bea13d59e2af1a.bin;5e21202a9a0cef1a.bin;6c0cf3da2d377385.bin;72028fe917890575.bin;d0fe19959c26552d.bin;de78a7f6bf5c9803.bin
887c11bf2dc46d63.anm	.anm	C:\Users\etqdo\Downloads\Clash Braum project\Braum.wad\887c11bf2dc46d63.anm	Braum.wad/887c11bf2dc46d63.anm	67766	b1fd48046c01bf726afdc478db16f7b285913460ac103d6381b1af9651044e98	7233643263616e6d01000000aa080100	887c11bf2dc46d63	assets/characters/braum/skins/skin11/animations/braum_skin11_spell3_punch045.anm	Animation tracks	other skin/shared; see reference graph	e43dcf714c8a2a42.bin
8881d15a05d05d58.tex	.tex	C:\Users\etqdo\Downloads\Clash Braum project\Braum.wad\8881d15a05d05d58.tex	Braum.wad/8881d15a05d05d58.tex	174788	340cc908427abb144f3b2dc6187f54768e10d0a5ad1b14b0d6cb2571b287b39f	5445580000020002010a0001875aa951	8881d15a05d05d58	assets/characters/braum/skins/skin02/braum_skin02_tx_cm.tex	League texture	other skin/shared; see reference graph	d0b441e03335be65.bin
8888a4f91314203d.anm	.anm	C:\Users\etqdo\Downloads\Clash Braum project\Braum.wad\8888a4f91314203d.anm	Braum.wad/8888a4f91314203d.anm	276	426039fb2f7d53c9c446cf168d8a2518f335e5c2e3e88409abf46da0b93988da	7233643263616e6d0100000008010000	8888a4f91314203d	assets/characters/braum/skins/skin33/particles/braum_skin33_recall_sand_end_2.anm	Animation tracks	other skin/shared; see reference graph	ac2d2bd054d44f09.bin
88b5dd6dc0e099bd.bin	.bin	C:\Users\etqdo\Downloads\Clash Braum project\Braum.wad\88b5dd6dc0e099bd.bin	Braum.wad/88b5dd6dc0e099bd.bin	120620	8759dc85f4276be94152c084c7526dfcd5cb099b60a5b9c0e9e7c2e0b6de0802	50524f50030000000800000031024441	88b5dd6dc0e099bd	data/characters/braum/skins/skin28.bin	Property configuration and asset links	other skin/shared; see reference graph	
88dd4d14a854fb2e.tex	.tex	C:\Users\etqdo\Downloads\Clash Braum project\Braum.wad\88dd4d14a854fb2e.tex	Braum.wad/88dd4d14a854fb2e.tex	10948	9f7e79a1e6eb37289cbbfc9e2606d0308849199eda04e8dad0f5a0a88565fa1d	5445580080008000010a00017dc69dc5	88dd4d14a854fb2e	assets/characters/braum/skins/skin51/particles/braum_skin51_18.tex	League texture	other skin/shared; see reference graph	7a1193b055eb059a.bin
88e1cdaa8f320284.tex	.tex	C:\Users\etqdo\Downloads\Clash Braum project\Braum.wad\88e1cdaa8f320284.tex	Braum.wad/88e1cdaa8f320284.tex	21884	0ecc6f91392bfdcbffe49b797e5bfac309538a59b7e5c0e362f2db9ff43918ad	5445580080008000010c000144440000	88e1cdaa8f320284	assets/characters/braum/skins/skin39/particles/braum_skin39_pain.tex	League texture	other skin/shared; see reference graph	cf092c39484cec07.bin
88fcc7e0c138a933.tex	.tex	C:\Users\etqdo\Downloads\Clash Braum project\Braum.wad\88fcc7e0c138a933.tex	Braum.wad/88fcc7e0c138a933.tex	2756	820dac9846df4b5707ee4b52d33f873dfdd5d621c90622483b7eeb2c6518df5d	5445580040004000010a000110331013	88fcc7e0c138a933	assets/characters/braum/skins/skin24/particles/braum_skin24_e_ice_rgb.tex	League texture	other skin/shared; see reference graph	02ab7e4623adf97e.bin;3f6a40609700ee85.bin;88b5dd6dc0e099bd.bin;8cf62c85e1e2e7f9.bin;992d3c62ff62964c.bin;a582cf4ad353f261.bin;b30d6dd1b38ee53c.bin;c5c66176cca69ad3.bin;caacae9cc35f0267.bin;d3dbd3f84a5b8600.bin
893c63fb77c83248.tex	.tex	C:\Users\etqdo\Downloads\Clash Braum project\Braum.wad\893c63fb77c83248.tex	Braum.wad/893c63fb77c83248.tex	87420	e2d57f9adb76ddcb5934c0c9161ffb22d3afc400454d0e76e4c15f09fbd164a5	5445580000010001010c000169690000	893c63fb77c83248	assets/characters/braum/skins/skin55/particles/braum_skin55_r_crack_04.tex	League texture	other skin/shared; see reference graph	6d6176ab099f3064.bin
8952ef6b92e17e54.tex	.tex	C:\Users\etqdo\Downloads\Clash Braum project\Braum.wad\8952ef6b92e17e54.tex	Braum.wad/8952ef6b92e17e54.tex	10948	9bec31f493ef61e5003987ab75c677a7ecc9c3df1d1a35c981e56e7cce3c5569	5445580080008000010a000186318531	8952ef6b92e17e54	assets/characters/braum/skins/skin51/particles/braum_skin51_aura_flames_02.tex	League texture	other skin/shared; see reference graph	07f65b37fb75e834.bin;08e5b232f3994eee.bin;3079df1f381a87bc.bin;6c66319ffa4bb738.bin;6d6176ab099f3064.bin;70c57eae58af6c94.bin;7ca837cacce9639a.bin;b511ce2cc52d55a4.bin;d01bf01d5611bc53.bin;d56c87aaf7fac0ee.bin
895bb4f4014d36d8.tex	.tex	C:\Users\etqdo\Downloads\Clash Braum project\Braum.wad\895bb4f4014d36d8.tex	Braum.wad/895bb4f4014d36d8.tex	87420	aa81337866ed7816ee5fe544ee8fbc3e3c018e194cae6aece1c229cd148d7f7e	5445580000010001010c0001cccc0000	895bb4f4014d36d8	assets/characters/braum/skins/skin11/particles/braum_skin11_z_lightshield.tex	League texture	other skin/shared; see reference graph	2974de4048ee048b.bin
896b883b782d6b76.scb	.scb	C:\Users\etqdo\Downloads\Clash Braum project\Braum.wad\896b883b782d6b76.scb	Braum.wad/896b883b782d6b76.scb	91120	3d67b24826b3cbba7ad904424363ed8bee104a2c839a0aed28c1afdc8d43116c	723364324d65736803000200633a5c6c	896b883b782d6b76	assets/characters/braum/skins/skin42/particles/braum_skin42_q_mis_energyflame.scb	Static mesh, commonly VFX geometry	other skin/shared; see reference graph	ab5fbb4cdcdfb2ef.bin
89a9e073e6bb6a75.tex	.tex	C:\Users\etqdo\Downloads\Clash Braum project\Braum.wad\89a9e073e6bb6a75.tex	Braum.wad/89a9e073e6bb6a75.tex	10948	c53b9cc33f2f2a48f11038a66463bdddda37ab3cea71eee49a371e9cc81f2113	5445580080008000010a00014a52473a	89a9e073e6bb6a75	assets/characters/braum/skins/skin51/particles/braum_skin51_mult.tex	League texture	other skin/shared; see reference graph	07f65b37fb75e834.bin;08e5b232f3994eee.bin;3079df1f381a87bc.bin;6c66319ffa4bb738.bin;6d6176ab099f3064.bin;70c57eae58af6c94.bin;7a1193b055eb059a.bin;7ca837cacce9639a.bin;b511ce2cc52d55a4.bin;d01bf01d5611bc53.bin;d56c87aaf7fac0ee.bin
89acda49cefc3513.tex	.tex	C:\Users\etqdo\Downloads\Clash Braum project\Braum.wad\89acda49cefc3513.tex	Braum.wad/89acda49cefc3513.tex	87420	98e0ca95d9a369418852697e7956ce1afe97d4c537138948018055ecf66bcba4	5445580000010001010c000114140000	89acda49cefc3513	assets/characters/braum/skins/skin11/particles/braum_skin11_z_iridescencemult.tex	League texture	other skin/shared; see reference graph	2974de4048ee048b.bin
8a1ece4459c58d3e.tex	.tex	C:\Users\etqdo\Downloads\Clash Braum project\Braum.wad\8a1ece4459c58d3e.tex	Braum.wad/8a1ece4459c58d3e.tex	21884	0912f495d585e4c7ce3492a846c04a9bab7793a59f37e791941f6f6d6a9c47c6	5445580080008000010c00010c0c0000	8a1ece4459c58d3e	assets/characters/braum/skins/skin24/particles/braum_skin24_left_candy_stack.tex	League texture	other skin/shared; see reference graph	02ab7e4623adf97e.bin
8a48584c83a6b6b1.tex	.tex	C:\Users\etqdo\Downloads\Clash Braum project\Braum.wad\8a48584c83a6b6b1.tex	Braum.wad/8a48584c83a6b6b1.tex	21884	92ba30945e9f3ed291d02cae641fe02be8f70bdf24afac7dea3a16f43f3c1467	5445580080008000010c000124240000	8a48584c83a6b6b1	assets/characters/braum/skins/skin51/particles/braum_skin51_z_lightning0.tex	League texture	other skin/shared; see reference graph	7a1193b055eb059a.bin
8a4e890b0b456b0d.dds	.dds	C:\Users\etqdo\Downloads\Clash Braum project\Braum.wad\8a4e890b0b456b0d.dds	Braum.wad/8a4e890b0b456b0d.dds	2176	9a40657d7c35a608ef8fee69cb6dc15b15abbe45a92ebfdf8b35c35002922afe	444453207c0000000710080040000000	8a4e890b0b456b0d	assets/characters/braum/hud/icons2d/braum_w.dds	DirectDraw texture	other skin/shared; see reference graph	52d36b20890112f7.bin
8a6904549b9a49de.scb	.scb	C:\Users\etqdo\Downloads\Clash Braum project\Braum.wad\8a6904549b9a49de.scb	Braum.wad/8a6904549b9a49de.scb	16112	6ea7a6909521a789f279842686042fb8a389771e7a7de3ac5d6810ef084fdc0a	723364324d65736803000200653a5c72	8a6904549b9a49de	assets/characters/braum/skins/skin01/particles/braum_skin01_ba_trail_01.scb	Static mesh, commonly VFX geometry	other skin/shared; see reference graph	fca448d5ff3861b5.bin
8ac09d49edb561e3.tex	.tex	C:\Users\etqdo\Downloads\Clash Braum project\Braum.wad\8ac09d49edb561e3.tex	Braum.wad/8ac09d49edb561e3.tex	87420	fdcae30498ff5d60fbc749ac43d7c2964a5c3df5b5b9d264da14812077916faf	5445580000010001010c0001adad0000	8ac09d49edb561e3	assets/characters/braum/skins/skin24/particles/braum_skin24_p_stun_override.tex	League texture	other skin/shared; see reference graph	02ab7e4623adf97e.bin
8ad593cbe76a0524.tex	.tex	C:\Users\etqdo\Downloads\Clash Braum project\Braum.wad\8ad593cbe76a0524.tex	Braum.wad/8ad593cbe76a0524.tex	87420	671956fb325cd26b44c60c2f489581260168641a15c6200444a11f3ef4195d19	5445580000010001010c00011c1c0000	8ad593cbe76a0524	assets/characters/braum/skins/skin02/particles/braum_skin02_ba_trail_cas_02.tex	League texture	other skin/shared; see reference graph	d0b441e03335be65.bin
8ae912d3c01b3130.tex	.tex	C:\Users\etqdo\Downloads\Clash Braum project\Braum.wad\8ae912d3c01b3130.tex	Braum.wad/8ae912d3c01b3130.tex	21884	82f6dcf027b4ba899a2551cfc51df9f0baaa10ae919531d5e2e0595f0a0ecc4e	5445580080008000010c000118180000	8ae912d3c01b3130	assets/characters/braum/skins/skin11/particles/braum_skin11_p_debris.tex	League texture	other skin/shared; see reference graph	2974de4048ee048b.bin
8aea6f9fe5dd95ca.scb	.scb	C:\Users\etqdo\Downloads\Clash Braum project\Braum.wad\8aea6f9fe5dd95ca.scb	Braum.wad/8aea6f9fe5dd95ca.scb	34784	aad28a753f850ea47d91da3b0f54304a131c6724b98bc084e87ee62e1ea72d62	723364324d65736803000200653a5c72	8aea6f9fe5dd95ca	assets/characters/braum/skins/skin51/particles/braum_skin51_e_shield_inchant_ini.scb	Static mesh, commonly VFX geometry	other skin/shared; see reference graph	7a1193b055eb059a.bin
8b0d7d8f2463940f.tex	.tex	C:\Users\etqdo\Downloads\Clash Braum project\Braum.wad\8b0d7d8f2463940f.tex	Braum.wad/8b0d7d8f2463940f.tex	699076	a8034b1fee7ee2b32aed7441f0eb7fb9c8306e511dbab116d6eae31dd9d78820	5445580000040004010a000146628661	8b0d7d8f2463940f		League texture	other skin/shared; see reference graph	
8b257d2e8e3848ec.tex	.tex	C:\Users\etqdo\Downloads\Clash Braum project\Braum.wad\8b257d2e8e3848ec.tex	Braum.wad/8b257d2e8e3848ec.tex	21884	f6a18d489e41c61592ea046b7828eb2287884151eb1313837916cc9e5b7670b9	5445580080008000010c000145450000	8b257d2e8e3848ec	assets/characters/braum/skins/skin24/particles/braum_skin24_motion_candy_stack.tex	League texture	other skin/shared; see reference graph	02ab7e4623adf97e.bin
8b28178834dfed27.tex	.tex	C:\Users\etqdo\Downloads\Clash Braum project\Braum.wad\8b28178834dfed27.tex	Braum.wad/8b28178834dfed27.tex	87420	cd33d3bbee7ab3dd849eb0a693d1cb9eff792f88333f8b01ed819845f8b39b58	5445580000010001010c0001afaf0000	8b28178834dfed27	assets/characters/braum/skins/base/particles/braum_base_e_shield_first_block_shatter.tex	League texture	base or shared candidate	23b85b75eb659166.bin;2dc39c165f3aa923.bin;36b00af025f54940.bin;42ee6bdbfc9d170b.bin;4fe453abcf9c5181.bin;a44281cd843a8348.bin;bb8b47c7d87589f7.bin;d8a52eb470baa538.bin;e1dfd1a549890037.bin;ed7ecf9170cfaaf8.bin
8b53bfeeea560b6c.tex	.tex	C:\Users\etqdo\Downloads\Clash Braum project\Braum.wad\8b53bfeeea560b6c.tex	Braum.wad/8b53bfeeea560b6c.tex	10948	949e7c33fc7580b1c3d5f9cda5a818e4c9d4dd70693a95c3c124d442e2c3ede6	5445580080008000010a00018631a210	8b53bfeeea560b6c	assets/characters/braum/skins/skin24/particles/braum_skin24_rakanmissilebigglow.tex	League texture	other skin/shared; see reference graph	02ab7e4623adf97e.bin
8b7d4b3a391348f4.scb	.scb	C:\Users\etqdo\Downloads\Clash Braum project\Braum.wad\8b7d4b3a391348f4.scb	Braum.wad/8b7d4b3a391348f4.scb	38220	0ed57b949b8f3b3c94f53ee1f8fb1721145ee39e404812115c2789ec4d7a0f88	723364324d6573680300020000000000	8b7d4b3a391348f4	assets/characters/braum/skins/skin33/particles/braum_skin33_nosecone_mesh.scb	Static mesh, commonly VFX geometry	other skin/shared; see reference graph	25c2b1d3f80a7166.bin;399a7a520477b139.bin;3a207b8680fc4f78.bin;4af4d37cc3da7630.bin;775c4474dbe4b86c.bin;cf092c39484cec07.bin;f2aa871abddf9427.bin;f5df8e88540921e0.bin;ff9b3266cfca2ba6.bin
8b98f52bd016634c.tex	.tex	C:\Users\etqdo\Downloads\Clash Braum project\Braum.wad\8b98f52bd016634c.tex	Braum.wad/8b98f52bd016634c.tex	21884	5f20623bc2e894f9c2f3eebc014bef831940218c2a0f8d42746015e7de6ee4ef	5445580080008000010c0001b4b40000	8b98f52bd016634c	assets/characters/braum/skins/skin51/particles/braum_skin51_w_smoke_mult.tex	League texture	other skin/shared; see reference graph	7a1193b055eb059a.bin
8be76a24990b1793.tex	.tex	C:\Users\etqdo\Downloads\Clash Braum project\Braum.wad\8be76a24990b1793.tex	Braum.wad/8be76a24990b1793.tex	349564	c9449d8774da5bebabf85e63ce8896dea2dda5a33074d8ded0e08ca0b5a5aef7	5445580000020002010c0001f3f30000	8be76a24990b1793	assets/characters/braum/skins/skin56/particles/braum_skin56_shield_tx_03.tex	League texture	other skin/shared; see reference graph	d56c87aaf7fac0ee.bin
8c5d8a80cb6552ef.tex	.tex	C:\Users\etqdo\Downloads\Clash Braum project\Braum.wad\8c5d8a80cb6552ef.tex	Braum.wad/8c5d8a80cb6552ef.tex	349556	51a333f5561d30a75ca85565a3225779d89813888983fdaaaf470c18816847a3	5445580000040002010a000187418749	8c5d8a80cb6552ef	assets/characters/braum/skins/skin23/braum_skin23_tx_cm.tex	League texture	other skin/shared; see reference graph	26fe02fb42fe5d0f.bin
8cb474ad3b957d84.tex	.tex	C:\Users\etqdo\Downloads\Clash Braum project\Braum.wad\8cb474ad3b957d84.tex	Braum.wad/8cb474ad3b957d84.tex	87420	425b509714ec657ac9541c508191fdfd5847b43ba0e3cd6f5692339705d830c2	5445580000010001010c000123230000	8cb474ad3b957d84	assets/characters/braum/skins/skin01/particles/braum_skin01_p_ice_shards.tex	League texture	other skin/shared; see reference graph	1eb4979be4e9320c.bin;26fe02fb42fe5d0f.bin;3e345a7cf645a903.bin;4b8cf46e9a27ff51.bin;4fed391540044397.bin;5d7e7a1984eb745d.bin;69066dbc18657bec.bin;7b9824cbef34ed4d.bin;812e1da9fe14f1ec.bin;a497a5055810256b.bin;e250f290f6212f81.bin;fca448d5ff3861b5.bin
8cc1571ca6fde75f.tex	.tex	C:\Users\etqdo\Downloads\Clash Braum project\Braum.wad\8cc1571ca6fde75f.tex	Braum.wad/8cc1571ca6fde75f.tex	174788	2755557d987afa67924c73b2da6ffb7afd52f323ac6d2d52f96155aa09fba874	5445580000020002010a00016a5a6a39	8cc1571ca6fde75f	assets/characters/braum/skins/skin14/braum_skin14_poro_tx_cm.tex	League texture	other skin/shared; see reference graph	4fe453abcf9c5181.bin
8cf62c85e1e2e7f9.bin	.bin	C:\Users\etqdo\Downloads\Clash Braum project\Braum.wad\8cf62c85e1e2e7f9.bin	Braum.wad/8cf62c85e1e2e7f9.bin	120693	775c69e6538a774afb37ab64376c1e90d25455f5121cecbaed1ba0c97f18bbbb	50524f50030000000800000031024441	8cf62c85e1e2e7f9	data/characters/braum/skins/skin32.bin	Property configuration and asset links	other skin/shared; see reference graph	
8d1050c2823fc28b.tex	.tex	C:\Users\etqdo\Downloads\Clash Braum project\Braum.wad\8d1050c2823fc28b.tex	Braum.wad/8d1050c2823fc28b.tex	10948	7127b1001afbfcf3378a58e8854d4609f2958d89c18d65aede5bb2ae560bf583	5445580080008000010a0001e518e318	8d1050c2823fc28b	assets/characters/braum/skins/skin33/particles/braum_skin33_w_flash_tar.tex	League texture	other skin/shared; see reference graph	25c2b1d3f80a7166.bin;399a7a520477b139.bin;3a207b8680fc4f78.bin;4af4d37cc3da7630.bin;775c4474dbe4b86c.bin;ac2d2bd054d44f09.bin;cf092c39484cec07.bin;f2aa871abddf9427.bin;f5df8e88540921e0.bin;ff9b3266cfca2ba6.bin
8d1ebfec4048566e.tex	.tex	C:\Users\etqdo\Downloads\Clash Braum project\Braum.wad\8d1ebfec4048566e.tex	Braum.wad/8d1ebfec4048566e.tex	87420	7ec0b2bc3a1f95750e03369d57e1a5967735e3fe92ce4d73083b7fde0c354b76	5445580000010001010c000143430000	8d1ebfec4048566e	assets/characters/braum/skins/skin42/particles/braum_skin42_w_cloud01.tex	League texture	other skin/shared; see reference graph	ab5fbb4cdcdfb2ef.bin
8d65542c757269af.tex	.tex	C:\Users\etqdo\Downloads\Clash Braum project\Braum.wad\8d65542c757269af.tex	Braum.wad/8d65542c757269af.tex	43740	7ab6e6af74cf113c8a4b455d8dcd9e737172b0a6d474162114c211124792276f	5445580000018000010c000116160000	8d65542c757269af	assets/characters/braum/skins/skin42/particles/braum_skin42_e_linearsplashes_01_gs_02.tex	League texture	other skin/shared; see reference graph	ab5fbb4cdcdfb2ef.bin
8d71893c571f5f5d.skl	.skl	C:\Users\etqdo\Downloads\Clash Braum project\Braum.wad\8d71893c571f5f5d.skl	Braum.wad/8d71893c571f5f5d.skl	304	b188df21905a8115d1a76fcf1c4c682d821f6cf8a4a2388ec84dddf90f45de78	30010000c34ffd220000000000000200	8d71893c571f5f5d	assets/characters/braum/skins/base/particles/braum_base_r_ice_shard.skl	Skeleton, bind transforms and influence palette	base or shared candidate	2dc39c165f3aa923.bin
8da513c4f288c6eb.scb	.scb	C:\Users\etqdo\Downloads\Clash Braum project\Braum.wad\8da513c4f288c6eb.scb	Braum.wad/8da513c4f288c6eb.scb	440	a9e56ae30f242776ea9735af4796e8ca85aae2a51baa738e43796f8b888a28f8	723364324d6573680300020000000000	8da513c4f288c6eb	assets/characters/braum/skins/skin24/particles/braum_skin24_q_front_cone_quad_v02.scb	Static mesh, commonly VFX geometry	other skin/shared; see reference graph	3f6a40609700ee85.bin;88b5dd6dc0e099bd.bin;8cf62c85e1e2e7f9.bin;992d3c62ff62964c.bin;a582cf4ad353f261.bin;b30d6dd1b38ee53c.bin;c5c66176cca69ad3.bin;caacae9cc35f0267.bin;d3dbd3f84a5b8600.bin
8da86fe16e3e09a9.tex	.tex	C:\Users\etqdo\Downloads\Clash Braum project\Braum.wad\8da86fe16e3e09a9.tex	Braum.wad/8da86fe16e3e09a9.tex	43716	6f0748b75c37dbebde0b288dfc8f07f123dc5ac98f447de8ff281cb1091344dd	5445580000010001010a0001c318c310	8da86fe16e3e09a9	assets/characters/braum/skins/skin24/particles/braum_skin24_w_wispy_smoke.tex	League texture	other skin/shared; see reference graph	02ab7e4623adf97e.bin
8dd5e855f900b42c.tex	.tex	C:\Users\etqdo\Downloads\Clash Braum project\Braum.wad\8dd5e855f900b42c.tex	Braum.wad/8dd5e855f900b42c.tex	21884	d84d32d7dae9670c7020aaa52c101594a9cb5a0412662dbd6feeefa047592acc	5445580080008000010c00011e1e0000	8dd5e855f900b42c	assets/characters/braum/skins/skin33/particles/braum_skin33_p_cooldowntimer.tex	League texture	other skin/shared; see reference graph	ac2d2bd054d44f09.bin
8e01e5ba8518daff.tex	.tex	C:\Users\etqdo\Downloads\Clash Braum project\Braum.wad\8e01e5ba8518daff.tex	Braum.wad/8e01e5ba8518daff.tex	87420	edef3b1cfffcb4194ee6fc69248f6ac01b42845dd52cf5ed26e4340989da5cff	5445580000010001010c000176760000	8e01e5ba8518daff	assets/characters/braum/skins/skin01/particles/braum_skin01_e_shield_heat.tex	League texture	other skin/shared; see reference graph	1eb4979be4e9320c.bin;26fe02fb42fe5d0f.bin;3e345a7cf645a903.bin;4b8cf46e9a27ff51.bin;4fed391540044397.bin;5d7e7a1984eb745d.bin;69066dbc18657bec.bin;7b9824cbef34ed4d.bin;812e1da9fe14f1ec.bin;a497a5055810256b.bin;e250f290f6212f81.bin;fca448d5ff3861b5.bin
8e07ccf83c375cad.scb	.scb	C:\Users\etqdo\Downloads\Clash Braum project\Braum.wad\8e07ccf83c375cad.scb	Braum.wad/8e07ccf83c375cad.scb	8912	89be7f5383d3e121a1fa6387df5629d189df6d41a49b65ac2dfaef4a2b905f2d	723364324d6573680300020000000000	8e07ccf83c375cad	assets/characters/braum/skins/skin51/particles/braum_skin51_r_super_lightning.scb	Static mesh, commonly VFX geometry	other skin/shared; see reference graph	07f65b37fb75e834.bin;08e5b232f3994eee.bin;3079df1f381a87bc.bin;6c66319ffa4bb738.bin;6d6176ab099f3064.bin;70c57eae58af6c94.bin;7ca837cacce9639a.bin;b511ce2cc52d55a4.bin;d01bf01d5611bc53.bin;d56c87aaf7fac0ee.bin
8e1725102abf0ab8.tex	.tex	C:\Users\etqdo\Downloads\Clash Braum project\Braum.wad\8e1725102abf0ab8.tex	Braum.wad/8e1725102abf0ab8.tex	87420	bdcd22aa4078d220c7c0dd0ebae14bfb9a5d159abd6e23fb39b5005d728b2ca5	5445580000010001010c00017a7a0000	8e1725102abf0ab8	assets/characters/braum/skins/skin24/particles/braum_skin24_crack_noise_mult.tex	League texture	other skin/shared; see reference graph	02ab7e4623adf97e.bin;3f6a40609700ee85.bin;88b5dd6dc0e099bd.bin;8cf62c85e1e2e7f9.bin;992d3c62ff62964c.bin;a582cf4ad353f261.bin;b30d6dd1b38ee53c.bin;c5c66176cca69ad3.bin;caacae9cc35f0267.bin;d3dbd3f84a5b8600.bin
8e1fd2db203619b2.tex	.tex	C:\Users\etqdo\Downloads\Clash Braum project\Braum.wad\8e1fd2db203619b2.tex	Braum.wad/8e1fd2db203619b2.tex	699076	d5caecefa51744e41161f2104e57b32b86c376e4ddbab48ef53dec8cf8f98bcf	5445580000040004010a000126722251	8e1fd2db203619b2		League texture	other skin/shared; see reference graph	
8e547a6680a10b9e.tex	.tex	C:\Users\etqdo\Downloads\Clash Braum project\Braum.wad\8e547a6680a10b9e.tex	Braum.wad/8e547a6680a10b9e.tex	87420	dd88b4c7658486d86df35e6b1322aa53109d4c144562a234c3c85a863870e69e	5445580000010001010c00011f1f0000	8e547a6680a10b9e	assets/characters/braum/skins/skin42/particles/braum_skin42_q_trail01.tex	League texture	other skin/shared; see reference graph	ab5fbb4cdcdfb2ef.bin
8e5480f88363e76f.tex	.tex	C:\Users\etqdo\Downloads\Clash Braum project\Braum.wad\8e5480f88363e76f.tex	Braum.wad/8e5480f88363e76f.tex	349556	c58047212518d94968d74414492b3932733bf79f2306ac72c43c578e068b84ec	5445580000040002010a00018739a328	8e5480f88363e76f	assets/characters/braum/skins/skin20/particles/braum_skin20_e_shield_override.tex	League texture	other skin/shared; see reference graph	3e345a7cf645a903.bin
8e54f14b9d227f0c.tex	.tex	C:\Users\etqdo\Downloads\Clash Braum project\Braum.wad\8e54f14b9d227f0c.tex	Braum.wad/8e54f14b9d227f0c.tex	43716	493dc1590390e4f075ec80c4f27e72b01acc0f4907de3c3839062e0dc93f172e	5445580000010001010a00010220a200	8e54f14b9d227f0c	assets/characters/braum/skins/skin51/particles/braum_skin51_omniflare.tex	League texture	other skin/shared; see reference graph	07f65b37fb75e834.bin;08e5b232f3994eee.bin;3079df1f381a87bc.bin;6c66319ffa4bb738.bin;6d6176ab099f3064.bin;70c57eae58af6c94.bin;7a1193b055eb059a.bin;7ca837cacce9639a.bin;b511ce2cc52d55a4.bin;d01bf01d5611bc53.bin;d56c87aaf7fac0ee.bin
8e651a66e1c018e2.tex	.tex	C:\Users\etqdo\Downloads\Clash Braum project\Braum.wad\8e651a66e1c018e2.tex	Braum.wad/8e651a66e1c018e2.tex	21884	d74f70a8f9d558079aab18bc502f056e7919739bbea56130f5ba9cbbe3bb5af1	5445580080008000010c00011e1e0000	8e651a66e1c018e2	assets/characters/braum/skins/skin42/particles/braum_skin42_p_cooldowntimer.tex	League texture	other skin/shared; see reference graph	ab5fbb4cdcdfb2ef.bin
8e6565ece6afe05d.tex	.tex	C:\Users\etqdo\Downloads\Clash Braum project\Braum.wad\8e6565ece6afe05d.tex	Braum.wad/8e6565ece6afe05d.tex	87420	dbd1fc8d6247744766da1ff8962bd893502bb969084de2461e2471bc3a69ddd8	5445580000010001010c000199990000	8e6565ece6afe05d	assets/characters/braum/skins/skin42/particles/braum_skin42_r_decal_032.tex	League texture	other skin/shared; see reference graph	ab5fbb4cdcdfb2ef.bin
8e815f8b3c5ae996.scb	.scb	C:\Users\etqdo\Downloads\Clash Braum project\Braum.wad\8e815f8b3c5ae996.scb	Braum.wad/8e815f8b3c5ae996.scb	9628	835b0bfe16338037573a3fb188a5827221ec7106e6773fd9e6777e3aa43e57f0	723364324d65736802000200653a5c72	8e815f8b3c5ae996	assets/characters/braum/skins/skin01/particles/braum_skin01_q_knock_up_tar.scb	Static mesh, commonly VFX geometry	other skin/shared; see reference graph	fca448d5ff3861b5.bin
8ecb2f789cc69bc5.tex	.tex	C:\Users\etqdo\Downloads\Clash Braum project\Braum.wad\8ecb2f789cc69bc5.tex	Braum.wad/8ecb2f789cc69bc5.tex	21884	402dbc2999fefa8cf5576da67f7882afcb0115b734a6c1b7f4dd6e24bb4ddb8c	5445580080008000010c000158580000	8ecb2f789cc69bc5	assets/characters/braum/skins/skin33/particles/braum_skin33_q_backdrop.tex	League texture	other skin/shared; see reference graph	25c2b1d3f80a7166.bin;399a7a520477b139.bin;3a207b8680fc4f78.bin;4af4d37cc3da7630.bin;775c4474dbe4b86c.bin;cf092c39484cec07.bin;f2aa871abddf9427.bin;f5df8e88540921e0.bin;ff9b3266cfca2ba6.bin
8ed0d3449763fe2f.tex	.tex	C:\Users\etqdo\Downloads\Clash Braum project\Braum.wad\8ed0d3449763fe2f.tex	Braum.wad/8ed0d3449763fe2f.tex	174788	f7b32fe9deb8be8031002133132ee44611cc1a6d7301f38f025ca3ac39e63608	5445580000020002010a0001cc5aca5a	8ed0d3449763fe2f	assets/characters/braum/skins/skin19/braum_skin19_poro_tx_cm.tex	League texture	other skin/shared; see reference graph	23b85b75eb659166.bin
8ef261a32b2effb0.scb	.scb	C:\Users\etqdo\Downloads\Clash Braum project\Braum.wad\8ef261a32b2effb0.scb	Braum.wad/8ef261a32b2effb0.scb	44972	33eb881a8967cc2284818d060723f5274d552cd97f3032e1d3853d4bbc580e64	723364324d65736803000200653a5c72	8ef261a32b2effb0	assets/characters/braum/skins/skin01/particles/braum_skin01_q_fire_swirl.scb	Static mesh, commonly VFX geometry	other skin/shared; see reference graph	fca448d5ff3861b5.bin
8f1e60711239d480.tex	.tex	C:\Users\etqdo\Downloads\Clash Braum project\Braum.wad\8f1e60711239d480.tex	Braum.wad/8f1e60711239d480.tex	21884	a311328b3857d4b039dbb78b9a9c50b68fce0c4412397a3a3fe758c3b475fcd8	5445580080008000010c000150500000	8f1e60711239d480	assets/characters/braum/skins/skin51/particles/braum_skin51_z_items_noise_02.tex	League texture	other skin/shared; see reference graph	07f65b37fb75e834.bin;08e5b232f3994eee.bin;3079df1f381a87bc.bin;6c66319ffa4bb738.bin;6d6176ab099f3064.bin;70c57eae58af6c94.bin;7a1193b055eb059a.bin;7ca837cacce9639a.bin;b511ce2cc52d55a4.bin;d01bf01d5611bc53.bin;d56c87aaf7fac0ee.bin
8f32ca439561fe0e.tex	.tex	C:\Users\etqdo\Downloads\Clash Braum project\Braum.wad\8f32ca439561fe0e.tex	Braum.wad/8f32ca439561fe0e.tex	174788	db20ad9044589362599d963defcdf6e0d71d9d682d17465f8e1e799ff9b77c61	5445580000020002010a0001b073b053	8f32ca439561fe0e	assets/characters/braum/skins/skin36/braum_skin36_poro_tx_cm.tex	League texture	other skin/shared; see reference graph	25c2b1d3f80a7166.bin
8f5ec90e748d88f3.scb	.scb	C:\Users\etqdo\Downloads\Clash Braum project\Braum.wad\8f5ec90e748d88f3.scb	Braum.wad/8f5ec90e748d88f3.scb	2260	6f5a0d268efbd575fa7aed15e5020910433e36fcefb95dad374eff9e015a5d5c	723364324d6573680300020000000000	8f5ec90e748d88f3	assets/characters/braum/skins/skin24/particles/braum_skin24_r_ground_crack.scb	Static mesh, commonly VFX geometry	other skin/shared; see reference graph	3f6a40609700ee85.bin;88b5dd6dc0e099bd.bin;8cf62c85e1e2e7f9.bin;992d3c62ff62964c.bin;a582cf4ad353f261.bin;b30d6dd1b38ee53c.bin;c5c66176cca69ad3.bin;caacae9cc35f0267.bin;d3dbd3f84a5b8600.bin
8f5fda4d03506338.tex	.tex	C:\Users\etqdo\Downloads\Clash Braum project\Braum.wad\8f5fda4d03506338.tex	Braum.wad/8f5fda4d03506338.tex	43716	83909980561374e7bcb078305c93a28e6de477535f36bac86f1f54e720376793	5445580000010001010a0001a76aa559	8f5fda4d03506338	assets/characters/braum/skins/skin02/particles/braum_skin02_r_ring_corner_red.tex	League texture	other skin/shared; see reference graph	d0b441e03335be65.bin
8f743746cc5ee248.skl	.skl	C:\Users\etqdo\Downloads\Clash Braum project\Braum.wad\8f743746cc5ee248.skl	Braum.wad/8f743746cc5ee248.skl	196	099277d8ced0efd078b6ddeea54c12275c5ff41e02c1f0b1738b72f22a246464	c4000000c34ffd220000000000000100	8f743746cc5ee248	assets/characters/braum/skins/skin51/particles/braum_skin51_st_anim0111.skl	Skeleton, bind transforms and influence palette	other skin/shared; see reference graph	07f65b37fb75e834.bin;08e5b232f3994eee.bin;3079df1f381a87bc.bin;6c66319ffa4bb738.bin;6d6176ab099f3064.bin;70c57eae58af6c94.bin;7ca837cacce9639a.bin;b511ce2cc52d55a4.bin;d01bf01d5611bc53.bin;d56c87aaf7fac0ee.bin
8f79b004f956c74b.tex	.tex	C:\Users\etqdo\Downloads\Clash Braum project\Braum.wad\8f79b004f956c74b.tex	Braum.wad/8f79b004f956c74b.tex	349564	4725d0434e9725e3cb8c810ff109f7f84016771754636bb1b82ff23d68269ef7	5445580000020002010c0001ebeb0000	8f79b004f956c74b	assets/characters/braum/skins/skin51/particles/braum_skin51_shield_tx_03.tex	League texture	other skin/shared; see reference graph	70c57eae58af6c94.bin
8f8488f7c2452648.tex	.tex	C:\Users\etqdo\Downloads\Clash Braum project\Braum.wad\8f8488f7c2452648.tex	Braum.wad/8f8488f7c2452648.tex	349556	1791b76f6fd58307d3f0dddebf05f98002e75426a92f1def297335af5755eb02	5445580000040002010a00010108a120	8f8488f7c2452648	assets/characters/braum/skins/skin01/braum_skin01_tx_gm.tex	League texture	other skin/shared; see reference graph	1eb4979be4e9320c.bin;26fe02fb42fe5d0f.bin;3e345a7cf645a903.bin;4b8cf46e9a27ff51.bin;4fed391540044397.bin;5d7e7a1984eb745d.bin;69066dbc18657bec.bin;7b9824cbef34ed4d.bin;812e1da9fe14f1ec.bin;a497a5055810256b.bin;e250f290f6212f81.bin
8f93944dd214231a.scb	.scb	C:\Users\etqdo\Downloads\Clash Braum project\Braum.wad\8f93944dd214231a.scb	Braum.wad/8f93944dd214231a.scb	34352	5084453ae6f52581caebb54b0ddfc910415fea748a4dd095d350530c077c3633	723364324d65736803000200653a5c72	8f93944dd214231a	assets/characters/braum/skins/base/particles/braum_base_q_slow_ring.scb	Static mesh, commonly VFX geometry	base or shared candidate	2dc39c165f3aa923.bin;f63b31a3da327a4f.bin
8fb26191fa6e9812.anm	.anm	C:\Users\etqdo\Downloads\Clash Braum project\Braum.wad\8fb26191fa6e9812.anm	Braum.wad/8fb26191fa6e9812.anm	46918	5ff7ca57c8b20965d44e44119b413aed58b30853a947f365ec900aadd99f7a0d	7233643263616e6d010000003ab70000	8fb26191fa6e9812	assets/characters/braum/skins/base/animations/braum_attack_01.anm	Animation tracks	base or shared candidate	0b01eaec2c944f55.bin;57bea13d59e2af1a.bin;5e21202a9a0cef1a.bin;6c0cf3da2d377385.bin;72028fe917890575.bin;aa0aa8a7dd53a131.bin;d0fe19959c26552d.bin;de78a7f6bf5c9803.bin;e43dcf714c8a2a42.bin
8fd9b57ff1c4e56c.tex	.tex	C:\Users\etqdo\Downloads\Clash Braum project\Braum.wad\8fd9b57ff1c4e56c.tex	Braum.wad/8fd9b57ff1c4e56c.tex	87420	fb1ea921e9e9ed47aabd65c63172f8f0d0235bddd3504a025362f626540d928e	5445580000010001010c000122220000	8fd9b57ff1c4e56c	assets/characters/braum/skins/skin10/particles/braum_skin10_snowchunks2x2.tex	League texture	other skin/shared; see reference graph	f63b31a3da327a4f.bin
8fdc69d19b59e30a.tex	.tex	C:\Users\etqdo\Downloads\Clash Braum project\Braum.wad\8fdc69d19b59e30a.tex	Braum.wad/8fdc69d19b59e30a.tex	349556	5a0beea8c9356b3ebe4a662fe459958389de5b807181ae847f2764e2c7b779a9	5445580000040002010a0001ed8ced7b	8fdc69d19b59e30a	assets/characters/braum/skins/skin12/braum_skin12_tx_gm.tex	League texture	other skin/shared; see reference graph	23b85b75eb659166.bin;36b00af025f54940.bin;4fe453abcf9c5181.bin;a44281cd843a8348.bin;bb8b47c7d87589f7.bin;d8a52eb470baa538.bin;e1dfd1a549890037.bin;ed7ecf9170cfaaf8.bin
8fefb011b7d15e11.tex	.tex	C:\Users\etqdo\Downloads\Clash Braum project\Braum.wad\8fefb011b7d15e11.tex	Braum.wad/8fefb011b7d15e11.tex	349556	d9446965905c224df52bc5a09dadea3970b0a4c4876e04a330bd2d4f40a8f045	5445580000040002010a0001a841a621	8fefb011b7d15e11	assets/characters/braum/skins/skin22/particles/braum_skin22_e_shield_override.tex	League texture	other skin/shared; see reference graph	812e1da9fe14f1ec.bin
9013bea2cce90ee3.anm	.anm	C:\Users\etqdo\Downloads\Clash Braum project\Braum.wad\9013bea2cce90ee3.anm	Braum.wad/9013bea2cce90ee3.anm	22046	2d931fcce5f2ede81b4c6fcf3beb873c85e414c89868c9c3c232fcf9ee8daaad	7233643263616e6d0100000012560000	9013bea2cce90ee3	assets/characters/braum/skins/skin24/animations/braum_skin24_idle_01_loop.anm	Animation tracks	other skin/shared; see reference graph	aa0aa8a7dd53a131.bin
901730f6bbf3f11d.bin	.bin	C:\Users\etqdo\Downloads\Clash Braum project\Braum.wad\901730f6bbf3f11d.bin	Braum.wad/901730f6bbf3f11d.bin	5221	4106ddc1edf4a59ab41966902a7eff3457043b95816f636ec7c87038873f34f5	50524f5003000000000000000d000000	901730f6bbf3f11d	data/characters/braum/braum_multi_skins_skin0_skins_skin1_skins_skin10_skins_skin11_skins_skin12_skins_skin13_skins_skin14_skins_skin15_skins_skin16_skins_skin17_skins_skin18_skins_skin19_skins_skin2_skins_skin20_skins_skin21_skins_skin22_skins_skin23_skins_skin24_skins_skin25_skins_skin26_skins_skin27_skins_skin28_skins_skin29_skins_skin3_skins_skin30_skins_skin31_skins_skin32_skins_skin33_skins_skin34_skins_skin35_skins_skin36_skins_skin37_skins_skin38_skins_skin39_skins_skin4_skins_skin40_skins_skin41_skins_skin5_skins_skin6_skins_skin7_skins_skin8_skins_skin9.bin	Property configuration and asset links	other skin/shared; see reference graph	03e78a116663752e.bin;1eb4979be4e9320c.bin;23b85b75eb659166.bin;25c2b1d3f80a7166.bin;26fe02fb42fe5d0f.bin;36b00af025f54940.bin;399a7a520477b139.bin;3a207b8680fc4f78.bin;3e345a7cf645a903.bin;3f6a40609700ee85.bin;42ee6bdbfc9d170b.bin;4af4d37cc3da7630.bin;4b8cf46e9a27ff51.bin;4fe453abcf9c5181.bin;4fed391540044397.bin;5d7e7a1984eb745d.bin;69066dbc18657bec.bin;775c4474dbe4b86c.bin;7b9824cbef34ed4d.bin;812e1da9fe14f1ec.bin;88b5dd6dc0e099bd.bin;8cf62c85e1e2e7f9.bin;992d3c62ff62964c.bin;a44281cd843a8348.bin;a497a5055810256b.bin;a582cf4ad353f261.bin;b30d6dd1b38ee53c.bin;bb8b47c7d87589f7.bin;c5c66176cca69ad3.bin;caacae9cc35f0267.bin;cf092c39484cec07.bin;d0b441e03335be65.bin;d3dbd3f84a5b8600.bin;d8a52eb470baa538.bin;e1dfd1a549890037.bin;e250f290f6212f81.bin;eb9d53354a504663.bin;ed7ecf9170cfaaf8.bin;f2aa871abddf9427.bin;f5df8e88540921e0.bin;f63b31a3da327a4f.bin;ff9b3266cfca2ba6.bin
903a8981f102ece3.scb	.scb	C:\Users\etqdo\Downloads\Clash Braum project\Braum.wad\903a8981f102ece3.scb	Braum.wad/903a8981f102ece3.scb	50064	c53af1d41726d6bc65235a6404884e81c466d869711b8f96302f38b13949eaa9	723364324d65736803000200643a5c70	903a8981f102ece3	assets/characters/braum/skins/skin02/particles/braum_skin02_q_fireball.scb	Static mesh, commonly VFX geometry	other skin/shared; see reference graph	23b85b75eb659166.bin;36b00af025f54940.bin;42ee6bdbfc9d170b.bin;4fe453abcf9c5181.bin;a44281cd843a8348.bin;bb8b47c7d87589f7.bin;d0b441e03335be65.bin;d8a52eb470baa538.bin;e1dfd1a549890037.bin;ed7ecf9170cfaaf8.bin
90e7b209b25676b4.tex	.tex	C:\Users\etqdo\Downloads\Clash Braum project\Braum.wad\90e7b209b25676b4.tex	Braum.wad/90e7b209b25676b4.tex	1398140	dfb72b38e68f9ff3b659107956a691219cfd6b426a176e2dfc2823d3b0801657	5445580000040004010c0001ffff0000	90e7b209b25676b4	assets/characters/braum/skins/skin36/braum_skin36_body_tx_cm.tex	League texture	other skin/shared; see reference graph	25c2b1d3f80a7166.bin
910b9ab3f7ae060d.tex	.tex	C:\Users\etqdo\Downloads\Clash Braum project\Braum.wad\910b9ab3f7ae060d.tex	Braum.wad/910b9ab3f7ae060d.tex	43740	c5561a6cbb90345e2230871b31dbc4efc88df76fd1920b5b9e5485971653297a	5445580000018000010c000136360000	910b9ab3f7ae060d	assets/characters/braum/skins/skin42/particles/braum_skin42_r_hit_tar.tex	League texture	other skin/shared; see reference graph	ab5fbb4cdcdfb2ef.bin
9138e939b4c267ee.tex	.tex	C:\Users\etqdo\Downloads\Clash Braum project\Braum.wad\9138e939b4c267ee.tex	Braum.wad/9138e939b4c267ee.tex	10948	f566d846007d2f0ec7524949d9d37c410212305036020151582dd8b7ced5423c	5445580080008000010a0001e5180118	9138e939b4c267ee	assets/characters/braum/skins/skin51/particles/braum_skin51_light_sparks.tex	League texture	other skin/shared; see reference graph	7a1193b055eb059a.bin
914883eb3e05870a.tex	.tex	C:\Users\etqdo\Downloads\Clash Braum project\Braum.wad\914883eb3e05870a.tex	Braum.wad/914883eb3e05870a.tex	2756	11ab58e6e789cd06396cd8a08bf0cbb3dbe642154268ea8a94ad5073a9deab40	5445580040004000010a0001dfffddef	914883eb3e05870a	assets/characters/braum/skins/skin33/particles/braum_skin33_r_flatcolor.tex	League texture	other skin/shared; see reference graph	25c2b1d3f80a7166.bin;399a7a520477b139.bin;3a207b8680fc4f78.bin;4af4d37cc3da7630.bin;775c4474dbe4b86c.bin;ac2d2bd054d44f09.bin;cf092c39484cec07.bin;f2aa871abddf9427.bin;f5df8e88540921e0.bin;ff9b3266cfca2ba6.bin
914ced2958fb8d64.anm	.anm	C:\Users\etqdo\Downloads\Clash Braum project\Braum.wad\914ced2958fb8d64.anm	Braum.wad/914ced2958fb8d64.anm	93324	2a8bbf5d20c69725aa8fc540b70d40fd4927e3280c8548de9d211c3741bbe6f9	7233643263616e6d01000000806c0100	914ced2958fb8d64		Animation tracks	other skin/shared; see reference graph	
915a23dd44049107.tex	.tex	C:\Users\etqdo\Downloads\Clash Braum project\Braum.wad\915a23dd44049107.tex	Braum.wad/915a23dd44049107.tex	87420	6c18fc1a54a8db23f48f8cdadcb95019f6fd9baf57a53a41fffe52fb30bd755e	5445580000010001010c0001cbcb0000	915a23dd44049107	assets/characters/braum/skins/skin42/particles/braum_skin42_base_e_block_shock.tex	League texture	other skin/shared; see reference graph	ab5fbb4cdcdfb2ef.bin
915be5c9b20a338f.tex	.tex	C:\Users\etqdo\Downloads\Clash Braum project\Braum.wad\915be5c9b20a338f.tex	Braum.wad/915be5c9b20a338f.tex	86252	433c755fbdcec7e9efaa1a7563fff076b95faa5d4eb9b4fb635a966cbc195416	5445580034013002010a000020000000	915be5c9b20a338f	assets/characters/braum/skins/skin03/braumloadscreen_3.tex	League texture	other skin/shared; see reference graph	03e78a116663752e.bin
918edee3170b86af.tex	.tex	C:\Users\etqdo\Downloads\Clash Braum project\Braum.wad\918edee3170b86af.tex	Braum.wad/918edee3170b86af.tex	43716	f7ae35e54427515766685a59e05e01f6c93716c8ebec355de58f5a397f185b10	5445580000010001010a0001a2100108	918edee3170b86af	assets/characters/braum/skins/skin42/particles/braum_skin42_dot_03_02.tex	League texture	other skin/shared; see reference graph	ab5fbb4cdcdfb2ef.bin
919532448ecde21d.scb	.scb	C:\Users\etqdo\Downloads\Clash Braum project\Braum.wad\919532448ecde21d.scb	Braum.wad/919532448ecde21d.scb	28056	286c09249a07a281dba223c41bbffbf9727b0e0e4a2abd063e6711e288188d22	723364324d6573680300020000000000	919532448ecde21d	assets/characters/braum/skins/base/particles/braum_base_q_hit_orbit_tar.scb	Static mesh, commonly VFX geometry	base or shared candidate	2974de4048ee048b.bin;2dc39c165f3aa923.bin;f63b31a3da327a4f.bin
919a5f7db9947652.tex	.tex	C:\Users\etqdo\Downloads\Clash Braum project\Braum.wad\919a5f7db9947652.tex	Braum.wad/919a5f7db9947652.tex	21884	c7b945c1a332dc4d3d9c7c1804476322e6162e1fcf2c6ab60c184c4e7bbbda00	5445580080008000010c000132320000	919a5f7db9947652	assets/characters/braum/skins/skin33/particles/braum_skin02_e_shield_mult_ground.tex	League texture	other skin/shared; see reference graph	25c2b1d3f80a7166.bin;399a7a520477b139.bin;3a207b8680fc4f78.bin;4af4d37cc3da7630.bin;775c4474dbe4b86c.bin;cf092c39484cec07.bin;f2aa871abddf9427.bin;f5df8e88540921e0.bin;ff9b3266cfca2ba6.bin
91d4c8168a3050de.tex	.tex	C:\Users\etqdo\Downloads\Clash Braum project\Braum.wad\91d4c8168a3050de.tex	Braum.wad/91d4c8168a3050de.tex	21884	ca3ebbd58af5343ef3a3919b4a301f634be2700e03106c9ed61445e1b3b12e12	5445580080008000010c0001e8e80000	91d4c8168a3050de	assets/characters/braum/skins/skin41/particles/braum_skin41_e_shield_mult_texture_2.tex	League texture	other skin/shared; see reference graph	f5df8e88540921e0.bin
91e355447410f9c3.tex	.tex	C:\Users\etqdo\Downloads\Clash Braum project\Braum.wad\91e355447410f9c3.tex	Braum.wad/91e355447410f9c3.tex	87420	5b96a9a462fc5e064cb9888833b6fe2b3b4d3cf54f9265ab5712a2a1e7e6dfac	5445580000010001010c00011f1f0000	91e355447410f9c3	assets/characters/braum/skins/skin33/particles/braum_skin33_r_smoke_3.tex	League texture	other skin/shared; see reference graph	25c2b1d3f80a7166.bin;399a7a520477b139.bin;3a207b8680fc4f78.bin;4af4d37cc3da7630.bin;775c4474dbe4b86c.bin;cf092c39484cec07.bin;f2aa871abddf9427.bin;f5df8e88540921e0.bin;ff9b3266cfca2ba6.bin
91ed8dffaff62e64.tex	.tex	C:\Users\etqdo\Downloads\Clash Braum project\Braum.wad\91ed8dffaff62e64.tex	Braum.wad/91ed8dffaff62e64.tex	21884	c80094ef82507db72449755bc60e8c7521ec7ec21a1b6f51e01a622b91085f37	5445580080008000010c0001acac0000	91ed8dffaff62e64	assets/characters/braum/skins/skin24/particles/braum_skin24_i_stack_3_mult.tex	League texture	other skin/shared; see reference graph	02ab7e4623adf97e.bin
93197db61db63b26.scb	.scb	C:\Users\etqdo\Downloads\Clash Braum project\Braum.wad\93197db61db63b26.scb	Braum.wad/93197db61db63b26.scb	34352	5084453ae6f52581caebb54b0ddfc910415fea748a4dd095d350530c077c3633	723364324d65736803000200653a5c72	93197db61db63b26	assets/characters/braum/skins/skin02/particles/braum_skin02_q_slow_ring.scb	Static mesh, commonly VFX geometry	other skin/shared; see reference graph	d0b441e03335be65.bin
93486952cec21163.skl	.skl	C:\Users\etqdo\Downloads\Clash Braum project\Braum.wad\93486952cec21163.skl	Braum.wad/93486952cec21163.skl	192	4cf01644cab36fe91fa972fc981b33d40f0b5c59214fdcc314332d8450a9f25c	c0000000c34ffd220000000000000100	93486952cec21163	assets/characters/braum/skins/skin33/particles/braum_skin33_e_leafs_firstlock.skl	Skeleton, bind transforms and influence palette	other skin/shared; see reference graph	25c2b1d3f80a7166.bin;399a7a520477b139.bin;3a207b8680fc4f78.bin;4af4d37cc3da7630.bin;775c4474dbe4b86c.bin;cf092c39484cec07.bin;f2aa871abddf9427.bin;f5df8e88540921e0.bin;ff9b3266cfca2ba6.bin
937ade06a80fede8.tex	.tex	C:\Users\etqdo\Downloads\Clash Braum project\Braum.wad\937ade06a80fede8.tex	Braum.wad/937ade06a80fede8.tex	87420	1fe9431078b7dd99848d2a23f85276a2d15d3bab73fddd9f513f15dd111a94cc	5445580000010001010c000127270000	937ade06a80fede8	assets/characters/braum/skins/skin24/particles/braum_skin24_e_trail_cas.tex	League texture	other skin/shared; see reference graph	02ab7e4623adf97e.bin
9388b5bf3eabf590.tex	.tex	C:\Users\etqdo\Downloads\Clash Braum project\Braum.wad\9388b5bf3eabf590.tex	Braum.wad/9388b5bf3eabf590.tex	87420	4ec8dab3ce7d8006731793faee723f41b43e133646a7b53d0ba665973c9d7c13	5445580000010001010c000137370000	9388b5bf3eabf590	assets/characters/braum/skins/skin51/particles/braum_skin51_z_cas_dust_01.tex	League texture	other skin/shared; see reference graph	07f65b37fb75e834.bin;08e5b232f3994eee.bin;3079df1f381a87bc.bin;6c66319ffa4bb738.bin;6d6176ab099f3064.bin;70c57eae58af6c94.bin;7a1193b055eb059a.bin;7ca837cacce9639a.bin;b511ce2cc52d55a4.bin;d01bf01d5611bc53.bin;d56c87aaf7fac0ee.bin
9398f051888abc28.scb	.scb	C:\Users\etqdo\Downloads\Clash Braum project\Braum.wad\9398f051888abc28.scb	Braum.wad/9398f051888abc28.scb	69952	acab49eefd93dbccdcf466f00c014969f36b2270766fe9fd6355f6fe3389450e	723364324d6573680300020000000000	9398f051888abc28	assets/characters/braum/skins/skin51/particles/braum_skin51_w_aoe_waves.scb	Static mesh, commonly VFX geometry	other skin/shared; see reference graph	7a1193b055eb059a.bin
93a63be2a5c94ab5.tex	.tex	C:\Users\etqdo\Downloads\Clash Braum project\Braum.wad\93a63be2a5c94ab5.tex	Braum.wad/93a63be2a5c94ab5.tex	87420	6c18fc1a54a8db23f48f8cdadcb95019f6fd9baf57a53a41fffe52fb30bd755e	5445580000010001010c0001cbcb0000	93a63be2a5c94ab5	assets/characters/braum/skins/base/particles/braum_base_e_block_shock.tex	League texture	base or shared candidate	2974de4048ee048b.bin;2dc39c165f3aa923.bin;f63b31a3da327a4f.bin
93ceaa4555986d1e.anm	.anm	C:\Users\etqdo\Downloads\Clash Braum project\Braum.wad\93ceaa4555986d1e.anm	Braum.wad/93ceaa4555986d1e.anm	41638	896bcefe14eec030d76330ede5059ac1059d6c6808a2a8f97455d2d14c03c0b8	7233643263616e6d010000009aa20000	93ceaa4555986d1e	assets/characters/braum/skins/base/animations/braum_spell3_punch179.anm	Animation tracks	base or shared candidate	0b01eaec2c944f55.bin;57bea13d59e2af1a.bin;5e21202a9a0cef1a.bin;6c0cf3da2d377385.bin;72028fe917890575.bin;aa0aa8a7dd53a131.bin;d0fe19959c26552d.bin;de78a7f6bf5c9803.bin
940fa6d83638bd6d.tex	.tex	C:\Users\etqdo\Downloads\Clash Braum project\Braum.wad\940fa6d83638bd6d.tex	Braum.wad/940fa6d83638bd6d.tex	21884	9ffb8fbd1668ffbd2c9d615b98a489c6e2b86be49c6ef0f385a71796480b0406	5445580080008000010c00012a2a0000	940fa6d83638bd6d	assets/characters/braum/skins/skin02/particles/braum_skin02_q_spark_cas.tex	League texture	other skin/shared; see reference graph	d0b441e03335be65.bin
943960fd30ae0302.tex	.tex	C:\Users\etqdo\Downloads\Clash Braum project\Braum.wad\943960fd30ae0302.tex	Braum.wad/943960fd30ae0302.tex	87420	f33863274102921781942e27321f213201dc1dc0886f92e08114f91b089ca0e3	5445580000010001010c00012d2d0000	943960fd30ae0302	assets/characters/braum/skins/skin01/particles/braum_skin01_r_normal.tex	League texture	other skin/shared; see reference graph	1eb4979be4e9320c.bin;26fe02fb42fe5d0f.bin;3e345a7cf645a903.bin;4b8cf46e9a27ff51.bin;4fed391540044397.bin;5d7e7a1984eb745d.bin;69066dbc18657bec.bin;7b9824cbef34ed4d.bin;812e1da9fe14f1ec.bin;a497a5055810256b.bin;e250f290f6212f81.bin;fca448d5ff3861b5.bin
943b6cda97ea32fd.tex	.tex	C:\Users\etqdo\Downloads\Clash Braum project\Braum.wad\943b6cda97ea32fd.tex	Braum.wad/943b6cda97ea32fd.tex	5500	5e03e3e7cb773c8732f27ed87414787bcd1c3ee4f616a8e697864fa7d1b3f5f3	5445580040004000010c0001ffff0000	943b6cda97ea32fd	assets/characters/braum/skins/skin51/particles/braum_skin51_83.tex	League texture	other skin/shared; see reference graph	07f65b37fb75e834.bin;08e5b232f3994eee.bin;3079df1f381a87bc.bin;6c66319ffa4bb738.bin;6d6176ab099f3064.bin;70c57eae58af6c94.bin;7a1193b055eb059a.bin;7ca837cacce9639a.bin;b511ce2cc52d55a4.bin;d01bf01d5611bc53.bin;d56c87aaf7fac0ee.bin
945467aadbba898d.tex	.tex	C:\Users\etqdo\Downloads\Clash Braum project\Braum.wad\945467aadbba898d.tex	Braum.wad/945467aadbba898d.tex	21884	5e89d16d1ad75d20bc16dd7b18a76c459e4e6809b0a4500b95323e9a2d366388	5445580080008000010c0001ffff0000	945467aadbba898d	assets/characters/braum/skins/skin39/particles/braum_skin39_r_fish.tex	League texture	other skin/shared; see reference graph	cf092c39484cec07.bin
9463685459c559b4.scb	.scb	C:\Users\etqdo\Downloads\Clash Braum project\Braum.wad\9463685459c559b4.scb	Braum.wad/9463685459c559b4.scb	34784	aad28a753f850ea47d91da3b0f54304a131c6724b98bc084e87ee62e1ea72d62	723364324d65736803000200653a5c72	9463685459c559b4	assets/characters/braum/skins/skin01/particles/braum_skin01_e_shield_inchant_ini.scb	Static mesh, commonly VFX geometry	other skin/shared; see reference graph	1eb4979be4e9320c.bin;26fe02fb42fe5d0f.bin;3e345a7cf645a903.bin;4b8cf46e9a27ff51.bin;4fed391540044397.bin;5d7e7a1984eb745d.bin;69066dbc18657bec.bin;7b9824cbef34ed4d.bin;812e1da9fe14f1ec.bin;a497a5055810256b.bin;e250f290f6212f81.bin;fca448d5ff3861b5.bin
94764321640c9796.scb	.scb	C:\Users\etqdo\Downloads\Clash Braum project\Braum.wad\94764321640c9796.scb	Braum.wad/94764321640c9796.scb	80140	31d37221fd04c7f49e4955f60ddfead61e12a9156c541efcd6c4aff98ff951b3	723364324d6573680300020000000000	94764321640c9796	assets/characters/braum/skins/skin51/particles/bird.scb	Static mesh, commonly VFX geometry	other skin/shared; see reference graph	07f65b37fb75e834.bin;08e5b232f3994eee.bin;3079df1f381a87bc.bin;6c66319ffa4bb738.bin;6d6176ab099f3064.bin;70c57eae58af6c94.bin;7ca837cacce9639a.bin;b511ce2cc52d55a4.bin;d01bf01d5611bc53.bin;d56c87aaf7fac0ee.bin
949f44684f913278.tex	.tex	C:\Users\etqdo\Downloads\Clash Braum project\Braum.wad\949f44684f913278.tex	Braum.wad/949f44684f913278.tex	87420	a30ba682a17ee2454df6d0c432ddb2ea9623c10c5d4d4f495f4ba94211f9c872	5445580000010001010c00015a5a0000	949f44684f913278	assets/characters/braum/skins/skin42/particles/braum_skin42_r_oil01.tex	League texture	other skin/shared; see reference graph	ab5fbb4cdcdfb2ef.bin
94b0b871d5221cd5.tex	.tex	C:\Users\etqdo\Downloads\Clash Braum project\Braum.wad\94b0b871d5221cd5.tex	Braum.wad/94b0b871d5221cd5.tex	87420	b597308bb48a8c452e3f427b2f5ce1000a2f8e6897a5df2c91e656c57e1ca0b7	5445580000010001010c00014d4d0000	94b0b871d5221cd5	assets/characters/braum/skins/skin33/particles/braum_skin33_smoke_seq.tex	League texture	other skin/shared; see reference graph	ac2d2bd054d44f09.bin
94c9c1d110a6fd6f.tex	.tex	C:\Users\etqdo\Downloads\Clash Braum project\Braum.wad\94c9c1d110a6fd6f.tex	Braum.wad/94c9c1d110a6fd6f.tex	43740	af7af88978014402823dc8830b0145025baf60106c190d08a2f30e8440a65411	5445580000018000010c00012d2d0000	94c9c1d110a6fd6f	assets/characters/braum/skins/skin33/particles/braum_skin33_q_water_ring_mult_01.tex	League texture	other skin/shared; see reference graph	25c2b1d3f80a7166.bin;399a7a520477b139.bin;3a207b8680fc4f78.bin;4af4d37cc3da7630.bin;775c4474dbe4b86c.bin;cf092c39484cec07.bin;f2aa871abddf9427.bin;f5df8e88540921e0.bin;ff9b3266cfca2ba6.bin
94e2bc606ec6df0f.anm	.anm	C:\Users\etqdo\Downloads\Clash Braum project\Braum.wad\94e2bc606ec6df0f.anm	Braum.wad/94e2bc606ec6df0f.anm	55138	6759275f98751304d51e5c3ff1224db6631343f5bf81d1e62517aac21ce11256	7233643263616e6d0100000056d70000	94e2bc606ec6df0f	assets/characters/braum/skins/skin11/animations/braum_joke_loop.anm	Animation tracks	other skin/shared; see reference graph	e43dcf714c8a2a42.bin
951d0c833eb25f6c.tex	.tex	C:\Users\etqdo\Downloads\Clash Braum project\Braum.wad\951d0c833eb25f6c.tex	Braum.wad/951d0c833eb25f6c.tex	87420	0e650eb1dc85dd001a37beb186d7d3cdaf1ffeaf62889db71ab916294c06cc77	5445580000010001010c000145450000	951d0c833eb25f6c	assets/characters/braum/skins/skin42/particles/braum_skin42_p_bone01.tex	League texture	other skin/shared; see reference graph	ab5fbb4cdcdfb2ef.bin
95509f3e4d92f82c.skl	.skl	C:\Users\etqdo\Downloads\Clash Braum project\Braum.wad\95509f3e4d92f82c.skl	Braum.wad/95509f3e4d92f82c.skl	304	96e0b911c6fbcacb9901cd7c0d3f61611121746dd80296e38bbb187ca40ed437	30010000c34ffd220000000000000200	95509f3e4d92f82c	assets/characters/braum/skins/skin24/particles/braum_skin24_r_cake_shard_02.skl	Skeleton, bind transforms and influence palette	other skin/shared; see reference graph	3f6a40609700ee85.bin;88b5dd6dc0e099bd.bin;8cf62c85e1e2e7f9.bin;992d3c62ff62964c.bin;a582cf4ad353f261.bin;b30d6dd1b38ee53c.bin;c5c66176cca69ad3.bin;caacae9cc35f0267.bin;d3dbd3f84a5b8600.bin
95dc07c0d3a8b3d6.tex	.tex	C:\Users\etqdo\Downloads\Clash Braum project\Braum.wad\95dc07c0d3a8b3d6.tex	Braum.wad/95dc07c0d3a8b3d6.tex	87420	f2c4ed931284c95b450752a6869be128c6a426240acd571d56fc7e61f9885b20	5445580000010001010c000149490000	95dc07c0d3a8b3d6	assets/characters/braum/skins/skin11/particles/braum_skin11_z_iridescence.tex	League texture	other skin/shared; see reference graph	23b85b75eb659166.bin;2974de4048ee048b.bin;36b00af025f54940.bin;42ee6bdbfc9d170b.bin;4fe453abcf9c5181.bin;a44281cd843a8348.bin;bb8b47c7d87589f7.bin;d8a52eb470baa538.bin;e1dfd1a549890037.bin;ed7ecf9170cfaaf8.bin
95fbcfb02ccf4cae.tex	.tex	C:\Users\etqdo\Downloads\Clash Braum project\Braum.wad\95fbcfb02ccf4cae.tex	Braum.wad/95fbcfb02ccf4cae.tex	87420	65e31e186fd2bd720781e3f4aed60b5fa17860f0f82088408d31d6c0e8aa9af4	5445580000010001010c00011c1c0000	95fbcfb02ccf4cae	assets/characters/braum/skins/skin01/particles/braum_skin01_ba_distor_tar.tex	League texture	other skin/shared; see reference graph	fca448d5ff3861b5.bin
9654a3935b338668.tex	.tex	C:\Users\etqdo\Downloads\Clash Braum project\Braum.wad\9654a3935b338668.tex	Braum.wad/9654a3935b338668.tex	699076	6498d3509392302d30201a2e5b190e7b21baa6c40656dbc612f0274c69e3634f	5445580000040004010a000105310231	9654a3935b338668		League texture	other skin/shared; see reference graph	
966ac3ebdfbc6051.tex	.tex	C:\Users\etqdo\Downloads\Clash Braum project\Braum.wad\966ac3ebdfbc6051.tex	Braum.wad/966ac3ebdfbc6051.tex	43716	e0821e74e839fbd0c84a55ead4f83f19c671e83385fbd5b04f18669ad8dc1d62	5445580000010001010a000182106529	966ac3ebdfbc6051	assets/characters/braum/skins/skin24/particles/braum_skin24_w_ground_decal_ring.tex	League texture	other skin/shared; see reference graph	02ab7e4623adf97e.bin
9670bfddb8d72b31.anm	.anm	C:\Users\etqdo\Downloads\Clash Braum project\Braum.wad\9670bfddb8d72b31.anm	Braum.wad/9670bfddb8d72b31.anm	44786	6105f5831db92cee7c70bb844ba3cde2c2d9499bfb1e88046f46adebe0e6278e	72336432616e6d6405000000e6ae0000	9670bfddb8d72b31	assets/characters/braum/skins/base/animations/braum_spell3_punch0.anm	Animation tracks	base or shared candidate	0b01eaec2c944f55.bin;57bea13d59e2af1a.bin;5e21202a9a0cef1a.bin;6c0cf3da2d377385.bin;72028fe917890575.bin;aa0aa8a7dd53a131.bin;d0fe19959c26552d.bin;de78a7f6bf5c9803.bin
9673972eb4688226.tex	.tex	C:\Users\etqdo\Downloads\Clash Braum project\Braum.wad\9673972eb4688226.tex	Braum.wad/9673972eb4688226.tex	87420	aa581cc955565289a957ebb7ec46c36532d6a1ea701d560c8541f2957397a7a7	5445580000010001010c000133330000	9673972eb4688226	assets/characters/braum/skins/skin42/particles/braum_skin42_i_shield_glow.tex	League texture	other skin/shared; see reference graph	ab5fbb4cdcdfb2ef.bin
96a1ae046d4f543b.tex	.tex	C:\Users\etqdo\Downloads\Clash Braum project\Braum.wad\96a1ae046d4f543b.tex	Braum.wad/96a1ae046d4f543b.tex	174788	434efc3e499139bf9b83ff9559478c386d3e0d4c938ff8dabfa89cd9ac8946ab	5445580000020002010a0001c260a641	96a1ae046d4f543b	assets/characters/braum/skins/skin30/particles/braum_skin30_r_cake_shard.tex	League texture	other skin/shared; see reference graph	a582cf4ad353f261.bin
9708b87fc9280708.tex	.tex	C:\Users\etqdo\Downloads\Clash Braum project\Braum.wad\9708b87fc9280708.tex	Braum.wad/9708b87fc9280708.tex	349556	99c796d2a334cdb2f1e7a68692565685d75605c922aefd0af089a95848dc459c	5445580000040002010a0001e739e318	9708b87fc9280708	assets/characters/braum/skins/skin16/braum_skin16_tx_cm.tex	League texture	other skin/shared; see reference graph	d8a52eb470baa538.bin
974e0076fa2dfa0e.tex	.tex	C:\Users\etqdo\Downloads\Clash Braum project\Braum.wad\974e0076fa2dfa0e.tex	Braum.wad/974e0076fa2dfa0e.tex	87420	81130ecbf6f8b96485fd032f5eefc9435281dba5f926acffc80b46d4d75f8ce2	5445580000010001010c000113130000	974e0076fa2dfa0e	assets/characters/braum/skins/skin33/particles/braum_skin33_r_shield_smoke.tex	League texture	other skin/shared; see reference graph	ac2d2bd054d44f09.bin
975484994ce76630	[none]	C:\Users\etqdo\Downloads\Clash Braum project\Braum.wad\975484994ce76630	Braum.wad/975484994ce76630	50592	c5d7c88b3845cf4d89b8c1ccc6441657eb8de512d42f8737c9241fc84d813f3e	410f00007c15000044c2ea753ea136ed	975484994ce76630	data/final/champions/braum.wad.subchunktoc	Unknown; inspect magic	other skin/shared; see reference graph	
9754ba2a4659789c.tex	.tex	C:\Users\etqdo\Downloads\Clash Braum project\Braum.wad\9754ba2a4659789c.tex	Braum.wad/9754ba2a4659789c.tex	1398140	8a23d0da5f0c92812608b917bc120a6c681b6395535419c4521924690fe66bba	5445580000040004010c0001ebeb0000	9754ba2a4659789c	assets/characters/braum/skins/skin51/braum_skin51_shield_tx_cm.tex	League texture	other skin/shared; see reference graph	70c57eae58af6c94.bin
977ea4523d8347d5.anm	.anm	C:\Users\etqdo\Downloads\Clash Braum project\Braum.wad\977ea4523d8347d5.anm	Braum.wad/977ea4523d8347d5.anm	141720	f9cc1f4a54a7cbf6559454a431ce90f7c01cadcd0ed1a6b019769dca679f84ea	7233643263616e6d010000008c290200	977ea4523d8347d5	assets/characters/braum/skins/base/animations/braum_taunt_01.anm	Animation tracks	base or shared candidate	0b01eaec2c944f55.bin;57bea13d59e2af1a.bin;6c0cf3da2d377385.bin;d0fe19959c26552d.bin
9782e01e87456dc6.tex	.tex	C:\Users\etqdo\Downloads\Clash Braum project\Braum.wad\9782e01e87456dc6.tex	Braum.wad/9782e01e87456dc6.tex	87420	888348f076f57a309b50453d6da0b3975ac5433f4718be9afdadfa4e6506f4f6	5445580000010001010c00013a3a0000	9782e01e87456dc6	assets/characters/braum/skins/skin51/particles/braum_rework_skin51_r_ground_hole.tex	League texture	other skin/shared; see reference graph	07f65b37fb75e834.bin;08e5b232f3994eee.bin;3079df1f381a87bc.bin;6c66319ffa4bb738.bin;6d6176ab099f3064.bin;70c57eae58af6c94.bin;7a1193b055eb059a.bin;7ca837cacce9639a.bin;b511ce2cc52d55a4.bin;d01bf01d5611bc53.bin;d56c87aaf7fac0ee.bin
97ac8c20dcb239c9.tex	.tex	C:\Users\etqdo\Downloads\Clash Braum project\Braum.wad\97ac8c20dcb239c9.tex	Braum.wad/97ac8c20dcb239c9.tex	87452	82226221d0da8f895ccd9dbc531657d99946d5277ce88d09b79caaf06979572e	5445580000028000010c00011e1e0000	97ac8c20dcb239c9	assets/characters/braum/skins/base/particles/braum_base_q_hit_orbit_tar.tex	League texture	base or shared candidate	2dc39c165f3aa923.bin
97b6d2759bcb22fe.tex	.tex	C:\Users\etqdo\Downloads\Clash Braum project\Braum.wad\97b6d2759bcb22fe.tex	Braum.wad/97b6d2759bcb22fe.tex	87420	78312497332b4363d3cb143535329e79ffcf7e0f0e7b555fd4456c10746aa793	5445580000010001010c00016a6a0000	97b6d2759bcb22fe	assets/shared/particles/3026_items_streaks.tex	League texture	other skin/shared; see reference graph	ac2d2bd054d44f09.bin
97d1595c630693f8.tex	.tex	C:\Users\etqdo\Downloads\Clash Braum project\Braum.wad\97d1595c630693f8.tex	Braum.wad/97d1595c630693f8.tex	2756	64ee4c224b00af05acbf259c32d973b00f9ed5e05e1e87f36975b08e4eb25e3c	5445580040004000010a0001494a8529	97d1595c630693f8	assets/characters/braum/skins/skin24/particles/braum_skin24_q_shield_rgba.tex	League texture	other skin/shared; see reference graph	3f6a40609700ee85.bin;88b5dd6dc0e099bd.bin;8cf62c85e1e2e7f9.bin;992d3c62ff62964c.bin;a582cf4ad353f261.bin;b30d6dd1b38ee53c.bin;c5c66176cca69ad3.bin;caacae9cc35f0267.bin;d3dbd3f84a5b8600.bin
97f1012f552192a8.anm	.anm	C:\Users\etqdo\Downloads\Clash Braum project\Braum.wad\97f1012f552192a8.anm	Braum.wad/97f1012f552192a8.anm	964	b29858e885414a88291bde293c106234b3d8c3c5a01480cadc0ce636ed420542	7233643263616e6d01000000b8030000	97f1012f552192a8	assets/characters/braum/skins/skin24/particles/braum_skin24_r_cake_shard_06.anm	Animation tracks	other skin/shared; see reference graph	3f6a40609700ee85.bin;88b5dd6dc0e099bd.bin;8cf62c85e1e2e7f9.bin;992d3c62ff62964c.bin;a582cf4ad353f261.bin;b30d6dd1b38ee53c.bin;c5c66176cca69ad3.bin;caacae9cc35f0267.bin;d3dbd3f84a5b8600.bin
980dc415571d7338.scb	.scb	C:\Users\etqdo\Downloads\Clash Braum project\Braum.wad\980dc415571d7338.scb	Braum.wad/980dc415571d7338.scb	286320	10a08a6254ec020f5e462d1dd8ad19f7da3966f0e8c02b89d75fbd9a4bf3fc79	723364324d6573680300020000000000	980dc415571d7338	assets/characters/braum/skins/skin33/particles/braum_skin33_e_shield_poolparty.scb	Static mesh, commonly VFX geometry	other skin/shared; see reference graph	25c2b1d3f80a7166.bin;399a7a520477b139.bin;3a207b8680fc4f78.bin;4af4d37cc3da7630.bin;775c4474dbe4b86c.bin;cf092c39484cec07.bin;f2aa871abddf9427.bin;f5df8e88540921e0.bin;ff9b3266cfca2ba6.bin
983c392f08defe38.skn	.skn	C:\Users\etqdo\Downloads\Clash Braum project\Braum.wad\983c392f08defe38.skn	Braum.wad/983c392f08defe38.skn	21412	8278d0cf9010abedccdc0f15b28525b81db287418e586b69b8d62fc04bc8a6bb	3322110004000100010000006c616d62	983c392f08defe38	assets/characters/braum/skins/skin51/particles/braum_skin51_st_anim03.skn	Skinned mesh with submeshes and vertex weights	other skin/shared; see reference graph	07f65b37fb75e834.bin;08e5b232f3994eee.bin;3079df1f381a87bc.bin;6c66319ffa4bb738.bin;6d6176ab099f3064.bin;70c57eae58af6c94.bin;7ca837cacce9639a.bin;b511ce2cc52d55a4.bin;d01bf01d5611bc53.bin;d56c87aaf7fac0ee.bin
988e56a5bc6852e2.bin	.bin	C:\Users\etqdo\Downloads\Clash Braum project\Braum.wad\988e56a5bc6852e2.bin	Braum.wad/988e56a5bc6852e2.bin	362	cce0bfbf81b7d6c6e8330cec137a4df41af24d86b028d87eb3f636fcbe06c579	50524f50030000000000000001000000	988e56a5bc6852e2	data/characters/braum/braum_multi_skins_skin0_skins_skin1_skins_skin10_skins_skin11_skins_skin12_skins_skin13_skins_skin14_skins_skin15_skins_skin16_skins_skin17_skins_skin18_skins_skin19_skins_skin2_skins_skin20_skins_skin21_skins_skin22_skins_skin23_skins_skin3_skins_skin33_skins_skin34_skins_skin35_skins_skin36_skins_skin37_skins_skin38_skins_skin39_skins_skin4_skins_skin40_skins_skin41_skins_skin5_skins_skin6_skins_skin7_skins_skin8_skins_skin9.bin	Property configuration and asset links	other skin/shared; see reference graph	03e78a116663752e.bin;1eb4979be4e9320c.bin;23b85b75eb659166.bin;25c2b1d3f80a7166.bin;26fe02fb42fe5d0f.bin;36b00af025f54940.bin;399a7a520477b139.bin;3a207b8680fc4f78.bin;3e345a7cf645a903.bin;42ee6bdbfc9d170b.bin;4af4d37cc3da7630.bin;4b8cf46e9a27ff51.bin;4fe453abcf9c5181.bin;4fed391540044397.bin;5d7e7a1984eb745d.bin;69066dbc18657bec.bin;775c4474dbe4b86c.bin;7b9824cbef34ed4d.bin;812e1da9fe14f1ec.bin;a44281cd843a8348.bin;a497a5055810256b.bin;bb8b47c7d87589f7.bin;cf092c39484cec07.bin;d0b441e03335be65.bin;d8a52eb470baa538.bin;e1dfd1a549890037.bin;e250f290f6212f81.bin;eb9d53354a504663.bin;ed7ecf9170cfaaf8.bin;f2aa871abddf9427.bin;f5df8e88540921e0.bin;f63b31a3da327a4f.bin;ff9b3266cfca2ba6.bin
98a75db7dd9f29ec.tex	.tex	C:\Users\etqdo\Downloads\Clash Braum project\Braum.wad\98a75db7dd9f29ec.tex	Braum.wad/98a75db7dd9f29ec.tex	21884	86d879874e299d3955ea4caeb41022e2a84f59696ce4d800787e5899f52dbb96	5445580080008000010c000139390000	98a75db7dd9f29ec	assets/characters/braum/skins/skin51/particles/braum_skin51_r_distortion_cas.tex	League texture	other skin/shared; see reference graph	07f65b37fb75e834.bin;08e5b232f3994eee.bin;3079df1f381a87bc.bin;6c66319ffa4bb738.bin;6d6176ab099f3064.bin;70c57eae58af6c94.bin;7a1193b055eb059a.bin;7ca837cacce9639a.bin;b511ce2cc52d55a4.bin;d01bf01d5611bc53.bin;d56c87aaf7fac0ee.bin
9905bd63d1fa14c0.skl	.skl	C:\Users\etqdo\Downloads\Clash Braum project\Braum.wad\9905bd63d1fa14c0.skl	Braum.wad/9905bd63d1fa14c0.skl	18180	83a6714cc04ebeedaf6518b659dad5109fdf47e51944823f75fdc946a06c7fa5	04470000c34ffd220000000000009300	9905bd63d1fa14c0	assets/characters/braum/skins/skin10/braum_skin10.skl	Skeleton, bind transforms and influence palette	other skin/shared; see reference graph	f63b31a3da327a4f.bin
990ec0ee470ea173.tex	.tex	C:\Users\etqdo\Downloads\Clash Braum project\Braum.wad\990ec0ee470ea173.tex	Braum.wad/990ec0ee470ea173.tex	87420	3cf5f43b08465821b9c3fd826ef82c8a721a98c99fc90191f7d34ca5cf8d423d	5445580000010001010c00014e4e0000	990ec0ee470ea173	assets/characters/braum/skins/skin42/particles/braum_skin42_recall_spark04.tex	League texture	other skin/shared; see reference graph	ab5fbb4cdcdfb2ef.bin
991e934bb4dfb426.tex	.tex	C:\Users\etqdo\Downloads\Clash Braum project\Braum.wad\991e934bb4dfb426.tex	Braum.wad/991e934bb4dfb426.tex	43716	3dda0e8e221df688e07cfa053a11d72dede3a4bf2eb3a841cf2f03f1e7d2394f	5445580000010001010a000108222611	991e934bb4dfb426	assets/characters/braum/skins/base/particles/braum_base_q_ini_ring.tex	League texture	base or shared candidate	2dc39c165f3aa923.bin;f2ef4463d62600e6.bin
992d3c62ff62964c.bin	.bin	C:\Users\etqdo\Downloads\Clash Braum project\Braum.wad\992d3c62ff62964c.bin	Braum.wad/992d3c62ff62964c.bin	120620	c27b5b0f2a985f0e3dbf11ca0d862fdb3710e8f048980f70603931d15e510e1a	50524f50030000000800000031024441	992d3c62ff62964c	data/characters/braum/skins/skin27.bin	Property configuration and asset links	other skin/shared; see reference graph	
99396fba349e16d1.tex	.tex	C:\Users\etqdo\Downloads\Clash Braum project\Braum.wad\99396fba349e16d1.tex	Braum.wad/99396fba349e16d1.tex	5500	8eedbac18c787d1109ba20171d6b56fddc83dd932d5e02d51044949aa5587e09	5445580040004000010c000154540000	99396fba349e16d1	assets/characters/braum/skins/skin02/particles/braum_skin02_q_hit_tar_slow.tex	League texture	other skin/shared; see reference graph	d0b441e03335be65.bin
994982da70bff8e9.tex	.tex	C:\Users\etqdo\Downloads\Clash Braum project\Braum.wad\994982da70bff8e9.tex	Braum.wad/994982da70bff8e9.tex	5500	591cd8529acb5af8ddd1ffc6a367435b348b236bef2344bbc47522e666a98360	5445580040004000010c000141410000	994982da70bff8e9	assets/characters/braum/skins/skin33/particles/braum_skin33_buff_body_glow.tex	League texture	other skin/shared; see reference graph	ac2d2bd054d44f09.bin
9952ce93aac5c537.tex	.tex	C:\Users\etqdo\Downloads\Clash Braum project\Braum.wad\9952ce93aac5c537.tex	Braum.wad/9952ce93aac5c537.tex	10948	c625f5b127adfb14b1807ebecb1260a513b0f24c2a51acaecf58e450b08615a1	5445580080008000010a000181188110	9952ce93aac5c537	assets/shared/particles/asc_avatar_sparkle.tex	League texture	other skin/shared; see reference graph	ac2d2bd054d44f09.bin
996b264fd3f11291.tex	.tex	C:\Users\etqdo\Downloads\Clash Braum project\Braum.wad\996b264fd3f11291.tex	Braum.wad/996b264fd3f11291.tex	21884	e9647ed68a8bf36d5833cc333f869655c811948c54a3f8d0ef968ec3f50f65f7	5445580080008000010c00012a2a0000	996b264fd3f11291	assets/characters/braum/skins/skin33/particles/common_trails_self.tex	League texture	other skin/shared; see reference graph	25c2b1d3f80a7166.bin;399a7a520477b139.bin;3a207b8680fc4f78.bin;4af4d37cc3da7630.bin;775c4474dbe4b86c.bin;cf092c39484cec07.bin;f2aa871abddf9427.bin;f5df8e88540921e0.bin;ff9b3266cfca2ba6.bin
99f61b5c2dd61e45.bin	.bin	C:\Users\etqdo\Downloads\Clash Braum project\Braum.wad\99f61b5c2dd61e45.bin	Braum.wad/99f61b5c2dd61e45.bin	11153	cf582b30fe60099352b696be7402100b8cb63e0e565d269e6e753613c125730b	50524f5003000000040000009a004441	99f61b5c2dd61e45	data/characters/braum/skins/skin43.bin	Property configuration and asset links	other skin/shared; see reference graph	
9a068e493386f6e5.tex	.tex	C:\Users\etqdo\Downloads\Clash Braum project\Braum.wad\9a068e493386f6e5.tex	Braum.wad/9a068e493386f6e5.tex	21884	a3c66cfda0b559ddc9fbf13fa6636e9a272a3abd992d98200aa96ea883d2fa7d	5445580080008000010c00010b0b0000	9a068e493386f6e5	assets/characters/braum/skins/skin24/particles/braum_skin24_right_candy_stack.tex	League texture	other skin/shared; see reference graph	02ab7e4623adf97e.bin
9a2189328f3fe189.tex	.tex	C:\Users\etqdo\Downloads\Clash Braum project\Braum.wad\9a2189328f3fe189.tex	Braum.wad/9a2189328f3fe189.tex	43740	a64adfe83b632c1d31d1d0331ef605f67aed1b09ae262e61f9569256d0bf9361	5445580000018000010c000125250000	9a2189328f3fe189	assets/characters/braum/skins/skin51/particles/braum_skin51_57.tex	League texture	other skin/shared; see reference graph	7a1193b055eb059a.bin
9acb34c6c7885dcb.tex	.tex	C:\Users\etqdo\Downloads\Clash Braum project\Braum.wad\9acb34c6c7885dcb.tex	Braum.wad/9acb34c6c7885dcb.tex	21884	99b334c2e5732d99f89dcba75a26091b828308d6a723060b7e8587d2adb8d78d	5445580080008000010c000138380000	9acb34c6c7885dcb	assets/characters/braum/skins/skin02/particles/braum_skin02_r_ground_crack_02.tex	League texture	other skin/shared; see reference graph	d0b441e03335be65.bin
9afdad1178c14ef1.tex	.tex	C:\Users\etqdo\Downloads\Clash Braum project\Braum.wad\9afdad1178c14ef1.tex	Braum.wad/9afdad1178c14ef1.tex	21884	8bb5d7a84fd0e12b94f8e53d4cc7a3950a6a61c52b66c6ff563cce8c514e1f7b	5445580080008000010c00016d6d0000	9afdad1178c14ef1	assets/characters/braum/skins/skin34/particles/braum_skin34_hat.tex	League texture	other skin/shared; see reference graph	ff9b3266cfca2ba6.bin
9b10bde0415481a6.scb	.scb	C:\Users\etqdo\Downloads\Clash Braum project\Braum.wad\9b10bde0415481a6.scb	Braum.wad/9b10bde0415481a6.scb	11416	fbc5ded02d81c926f30351c6bdccd7f9e35eaea25248e0cd527fa1a1e76cc7b4	723364324d6573680300020000000000	9b10bde0415481a6	assets/characters/braum/skins/skin51/particles/braum_skin51_q_swipemesh02.scb	Static mesh, commonly VFX geometry	other skin/shared; see reference graph	07f65b37fb75e834.bin;08e5b232f3994eee.bin;3079df1f381a87bc.bin;6c66319ffa4bb738.bin;6d6176ab099f3064.bin;70c57eae58af6c94.bin;7ca837cacce9639a.bin;b511ce2cc52d55a4.bin;d01bf01d5611bc53.bin;d56c87aaf7fac0ee.bin
9b54f704f649b80b.tex	.tex	C:\Users\etqdo\Downloads\Clash Braum project\Braum.wad\9b54f704f649b80b.tex	Braum.wad/9b54f704f649b80b.tex	87420	99b971bb3cf18e12179f436bad943e3e4a3961ca5790e2889440f693521b029a	5445580000010001010c000164640000	9b54f704f649b80b	assets/characters/braum/skins/skin02/particles/braum_skin02_q_ini_ring.tex	League texture	other skin/shared; see reference graph	d0b441e03335be65.bin
9b701e6000aefb27.tex	.tex	C:\Users\etqdo\Downloads\Clash Braum project\Braum.wad\9b701e6000aefb27.tex	Braum.wad/9b701e6000aefb27.tex	349556	ad59325afd6a6509db80e99721043eda994d06b42365528067a3d33929d8fff3	5445580000040002010a000144314210	9b701e6000aefb27	assets/characters/braum/skins/base/braum_base_tx_gm.tex	League texture	base or shared candidate	eb9d53354a504663.bin
9b8248658ce51711.skl	.skl	C:\Users\etqdo\Downloads\Clash Braum project\Braum.wad\9b8248658ce51711.skl	Braum.wad/9b8248658ce51711.skl	12080	8e14e4c098792739c5137022c20f868232dd4f8685f43c6bb042fa94e9542904	302f0000c34ffd220000000000006100	9b8248658ce51711	assets/characters/braum/skins/base/braum_base.skl	Skeleton, bind transforms and influence palette	base or shared candidate	eb9d53354a504663.bin
9b90bda50d24e727.scb	.scb	C:\Users\etqdo\Downloads\Clash Braum project\Braum.wad\9b90bda50d24e727.scb	Braum.wad/9b90bda50d24e727.scb	92012	2e58f191bd9d00cbb01fd78b0b81397a9f9041a5f9be734d78f9217d9131eb6b	723364324d6573680300020000000000	9b90bda50d24e727	assets/characters/braum/skins/skin42/particles/braum_skin42_e_shield_buff01.scb	Static mesh, commonly VFX geometry	other skin/shared; see reference graph	ab5fbb4cdcdfb2ef.bin
9bad74e44bd8f01b.tex	.tex	C:\Users\etqdo\Downloads\Clash Braum project\Braum.wad\9bad74e44bd8f01b.tex	Braum.wad/9bad74e44bd8f01b.tex	21876	283ec81923f5623324915c67af920e859e85c69120d747c1720a0bdda1f966a6	5445580000018000010a00014a52473a	9bad74e44bd8f01b	assets/characters/braum/skins/skin01/particles/braum_skin01_e_shield_override_trans.tex	League texture	other skin/shared; see reference graph	1eb4979be4e9320c.bin;26fe02fb42fe5d0f.bin;3e345a7cf645a903.bin;4b8cf46e9a27ff51.bin;4fed391540044397.bin;5d7e7a1984eb745d.bin;69066dbc18657bec.bin;7b9824cbef34ed4d.bin;812e1da9fe14f1ec.bin;a497a5055810256b.bin;e250f290f6212f81.bin
9be231ab0000bd47.tex	.tex	C:\Users\etqdo\Downloads\Clash Braum project\Braum.wad\9be231ab0000bd47.tex	Braum.wad/9be231ab0000bd47.tex	21916	f91fcb2335845320def06f6bd98cc00087dc4508ccf9eb76f8da683820f6c893	5445580040000001010c000143430000	9be231ab0000bd47	assets/characters/braum/skins/skin33/particles/braum_skin33_r_ground_glow_pan_mult_02.tex	League texture	other skin/shared; see reference graph	25c2b1d3f80a7166.bin;399a7a520477b139.bin;3a207b8680fc4f78.bin;4af4d37cc3da7630.bin;775c4474dbe4b86c.bin;cf092c39484cec07.bin;f2aa871abddf9427.bin;f5df8e88540921e0.bin;ff9b3266cfca2ba6.bin
9bf343cee35cef92.tex	.tex	C:\Users\etqdo\Downloads\Clash Braum project\Braum.wad\9bf343cee35cef92.tex	Braum.wad/9bf343cee35cef92.tex	174788	c999f0e53a3f68c2f582cc2feeb5e405013cbd6bc9e78e8acba0fecf0699b957	5445580000020002010a000109930673	9bf343cee35cef92	assets/characters/braum/skins/skin28/particles/braum_skin28_r_cake_shard.tex	League texture	other skin/shared; see reference graph	88b5dd6dc0e099bd.bin
9c03732a028bce99.bnk	.bnk	C:\Users\etqdo\Downloads\Clash Braum project\Braum.wad\9c03732a028bce99.bnk	Braum.wad/9c03732a028bce99.bnk	17152	97babd8b823b15125341089d4aec4ee997ee531f10d2f10f825ab975aabcf1a3	424b484428000000910000002a96f143	9c03732a028bce99	assets/sounds/wwise2016/sfx/characters/braum/skins/skin24/braum_skin24_sfx_events.bnk	Wwise event graph or embedded audio bank	other skin/shared; see reference graph	3f6a40609700ee85.bin;88b5dd6dc0e099bd.bin;8cf62c85e1e2e7f9.bin;992d3c62ff62964c.bin;a582cf4ad353f261.bin;b30d6dd1b38ee53c.bin;c5c66176cca69ad3.bin;caacae9cc35f0267.bin;d3dbd3f84a5b8600.bin
9c1153cf6eb10b31.tex	.tex	C:\Users\etqdo\Downloads\Clash Braum project\Braum.wad\9c1153cf6eb10b31.tex	Braum.wad/9c1153cf6eb10b31.tex	174788	25847262e3b2ba5b59a68bcc65b9f25be8a87cc454470b5ef033a30e22bbf96a	5445580000020002010a0001aa6aea49	9c1153cf6eb10b31	assets/characters/braum/skins/skin17/braum_skin17_poro_tx_cm.tex	League texture	other skin/shared; see reference graph	bb8b47c7d87589f7.bin
9c28b8ea7576092c.scb	.scb	C:\Users\etqdo\Downloads\Clash Braum project\Braum.wad\9c28b8ea7576092c.scb	Braum.wad/9c28b8ea7576092c.scb	16112	6ea7a6909521a789f279842686042fb8a389771e7a7de3ac5d6810ef084fdc0a	723364324d65736803000200653a5c72	9c28b8ea7576092c	assets/characters/braum/skins/skin51/particles/braum_skin51_ba_trail_01.scb	Static mesh, commonly VFX geometry	other skin/shared; see reference graph	7a1193b055eb059a.bin
9c2df39986d3f61e.tex	.tex	C:\Users\etqdo\Downloads\Clash Braum project\Braum.wad\9c2df39986d3f61e.tex	Braum.wad/9c2df39986d3f61e.tex	87420	0964798d24dc2cb7c7a703170138016863c72786a539787feb12e282a05d5d74	5445580000010001010c00016a6a0000	9c2df39986d3f61e	assets/characters/braum/skins/skin01/particles/braum_skin01_e_shield_ini.tex	League texture	other skin/shared; see reference graph	1eb4979be4e9320c.bin;26fe02fb42fe5d0f.bin;3e345a7cf645a903.bin;4b8cf46e9a27ff51.bin;4fed391540044397.bin;5d7e7a1984eb745d.bin;69066dbc18657bec.bin;7b9824cbef34ed4d.bin;812e1da9fe14f1ec.bin;a497a5055810256b.bin;e250f290f6212f81.bin
9c2e100b5c458555.tex	.tex	C:\Users\etqdo\Downloads\Clash Braum project\Braum.wad\9c2e100b5c458555.tex	Braum.wad/9c2e100b5c458555.tex	16396	b39785b21bf82b729157dc457998edd3bafa235a6fb69eb5a21b281d7664cd69	5445580080008000010c000000000000	9c2e100b5c458555		League texture	other skin/shared; see reference graph	
9c35b7d4f406bd61.scb	.scb	C:\Users\etqdo\Downloads\Clash Braum project\Braum.wad\9c35b7d4f406bd61.scb	Braum.wad/9c35b7d4f406bd61.scb	5578	97651e8c5c7ba6fcc41a3d2de1963cb0e35f16647b532892c339cc76c648f863	723364324d6573680300020000000000	9c35b7d4f406bd61	assets/characters/braum/skins/skin51/particles/braum_skin51_q_ice_shards.scb	Static mesh, commonly VFX geometry	other skin/shared; see reference graph	07f65b37fb75e834.bin;08e5b232f3994eee.bin;3079df1f381a87bc.bin;6c66319ffa4bb738.bin;6d6176ab099f3064.bin;70c57eae58af6c94.bin;7a1193b055eb059a.bin;7ca837cacce9639a.bin;b511ce2cc52d55a4.bin;d01bf01d5611bc53.bin;d56c87aaf7fac0ee.bin
9c389a8b900950e3.tex	.tex	C:\Users\etqdo\Downloads\Clash Braum project\Braum.wad\9c389a8b900950e3.tex	Braum.wad/9c389a8b900950e3.tex	36	2045ec159a292a51b46725ab2135ff9e76521870e97a54e22c62c36137f8a6aa	5445580004000400010a000100000100	9c389a8b900950e3	assets/characters/braum/skins/skin51/particles/common_black.tex	League texture	other skin/shared; see reference graph	7a1193b055eb059a.bin
9c6546a88710d863.scb	.scb	C:\Users\etqdo\Downloads\Clash Braum project\Braum.wad\9c6546a88710d863.scb	Braum.wad/9c6546a88710d863.scb	29472	cbca2b9cb850f0d330d9494c3dd382846acc39d11125a5b42df0437d8dacdac0	723364324d6573680300020000000000	9c6546a88710d863	assets/characters/braum/skins/skin24/particles/braum_skin24_candy.scb	Static mesh, commonly VFX geometry	other skin/shared; see reference graph	02ab7e4623adf97e.bin;3f6a40609700ee85.bin;88b5dd6dc0e099bd.bin;8cf62c85e1e2e7f9.bin;992d3c62ff62964c.bin;a582cf4ad353f261.bin;b30d6dd1b38ee53c.bin;c5c66176cca69ad3.bin;caacae9cc35f0267.bin;d3dbd3f84a5b8600.bin
9c6567703a91a50a.tex	.tex	C:\Users\etqdo\Downloads\Clash Braum project\Braum.wad\9c6567703a91a50a.tex	Braum.wad/9c6567703a91a50a.tex	349564	f43eba5782ac2fc45790d200c86adbccb0f531a4587d6b5dc4377ef013ee5b23	5445580000020002010c0001ffff0000	9c6567703a91a50a	assets/characters/braum/skins/skin37/braum_skin37_poro_tx_cm.tex	League texture	other skin/shared; see reference graph	4af4d37cc3da7630.bin
9c770800fd3c8ebc.tex	.tex	C:\Users\etqdo\Downloads\Clash Braum project\Braum.wad\9c770800fd3c8ebc.tex	Braum.wad/9c770800fd3c8ebc.tex	36	2045ec159a292a51b46725ab2135ff9e76521870e97a54e22c62c36137f8a6aa	5445580004000400010a000100000100	9c770800fd3c8ebc	assets/characters/braum/skins/skin42/particles/braum_skin42_common_black.tex	League texture	other skin/shared; see reference graph	ab5fbb4cdcdfb2ef.bin
9ca93df2fb087243.tex	.tex	C:\Users\etqdo\Downloads\Clash Braum project\Braum.wad\9ca93df2fb087243.tex	Braum.wad/9ca93df2fb087243.tex	349564	613bc09de74e5c36dca8f792fcfdf691f9905fb1d797f29abe6c876596801d71	5445580000020002010c000154540000	9ca93df2fb087243	assets/characters/braum/skins/skin57/particles/braum_skin57_braum_skin57_shield_05.tex	League texture	other skin/shared; see reference graph	b511ce2cc52d55a4.bin
9cd936f28c11bee8.tex	.tex	C:\Users\etqdo\Downloads\Clash Braum project\Braum.wad\9cd936f28c11bee8.tex	Braum.wad/9cd936f28c11bee8.tex	87452	9eac961037c037d3f131733b769bb8a73c86fa21780bd7952e8d1a157a448642	5445580000028000010c000186860000	9cd936f28c11bee8	assets/characters/braum/skins/skin51/particles/braum_skin51_q_mis_glow.tex	League texture	other skin/shared; see reference graph	7a1193b055eb059a.bin
9ce6ed2f5568d21c.anm	.anm	C:\Users\etqdo\Downloads\Clash Braum project\Braum.wad\9ce6ed2f5568d21c.anm	Braum.wad/9ce6ed2f5568d21c.anm	14228	2ffbb632c7279afc7a74904bb110709f5f656d17607415c09d24157eee7abbcb	72336432616e6d640500000088370000	9ce6ed2f5568d21c	assets/characters/braum/skins/base/animations/braum_spell3_leapforward.anm	Animation tracks	base or shared candidate	0b01eaec2c944f55.bin;57bea13d59e2af1a.bin;5e21202a9a0cef1a.bin;6c0cf3da2d377385.bin;72028fe917890575.bin;aa0aa8a7dd53a131.bin;d0fe19959c26552d.bin;de78a7f6bf5c9803.bin
9cf51a8c8bb3ac54.tex	.tex	C:\Users\etqdo\Downloads\Clash Braum project\Braum.wad\9cf51a8c8bb3ac54.tex	Braum.wad/9cf51a8c8bb3ac54.tex	43716	511b0fd4c2cd6723308fd46c6aec4d5db247b6fd220d7071f55b3cc61e8b8044	5445580000010001010a0001c228c028	9cf51a8c8bb3ac54	assets/characters/braum/skins/skin01/particles/braum_skin01_p_flash_tar.tex	League texture	other skin/shared; see reference graph	1eb4979be4e9320c.bin;26fe02fb42fe5d0f.bin;3e345a7cf645a903.bin;4b8cf46e9a27ff51.bin;4fed391540044397.bin;5d7e7a1984eb745d.bin;69066dbc18657bec.bin;7b9824cbef34ed4d.bin;812e1da9fe14f1ec.bin;a497a5055810256b.bin;e250f290f6212f81.bin;fca448d5ff3861b5.bin
9cf8471a3c394dec.tex	.tex	C:\Users\etqdo\Downloads\Clash Braum project\Braum.wad\9cf8471a3c394dec.tex	Braum.wad/9cf8471a3c394dec.tex	10948	df6ddec14b06a4b00eddcddd5bb595b5d3018324a812b6aefa27556d3098f302	5445580080008000010a000182108208	9cf8471a3c394dec	assets/characters/braum/skins/skin51/particles/braum_skin51_z_particles_3_02.tex	League texture	other skin/shared; see reference graph	7a1193b055eb059a.bin
9d30d54988c61154.tex	.tex	C:\Users\etqdo\Downloads\Clash Braum project\Braum.wad\9d30d54988c61154.tex	Braum.wad/9d30d54988c61154.tex	5500	ed4f569d4cabc57cfb1dfaf433bcfe32afe2169980439cd78e8cb133d311d0c8	5445580040004000010c0001ffff0000	9d30d54988c61154	assets/characters/braum/skins/skin51/particles/braum_skin51_z_127.tex	League texture	other skin/shared; see reference graph	7a1193b055eb059a.bin
9d4d7b38d7bc9207.scb	.scb	C:\Users\etqdo\Downloads\Clash Braum project\Braum.wad\9d4d7b38d7bc9207.scb	Braum.wad/9d4d7b38d7bc9207.scb	16884	902f53bdd8641d7406437eb41955f2f1a54e663962539ad9f96c51fad057aaac	723364324d6573680300020000000000	9d4d7b38d7bc9207	assets/characters/braum/skins/skin51/particles/braum_skin51_cylinder_01.scb	Static mesh, commonly VFX geometry	other skin/shared; see reference graph	7a1193b055eb059a.bin
9d5be0c7c5197416.skn	.skn	C:\Users\etqdo\Downloads\Clash Braum project\Braum.wad\9d5be0c7c5197416.skn	Braum.wad/9d5be0c7c5197416.skn	15100	e50f717583b104222ab347cee548ff19b468bec9f9cc14b9cd8c0eb289e4a620	3322110004000100010000006c616d62	9d5be0c7c5197416	assets/characters/braum/skins/skin42/particles/braum_skin42_meat01.skn	Skinned mesh with submeshes and vertex weights	other skin/shared; see reference graph	ab5fbb4cdcdfb2ef.bin
9d62a08d5374014b.skn	.skn	C:\Users\etqdo\Downloads\Clash Braum project\Braum.wad\9d62a08d5374014b.skn	Braum.wad/9d62a08d5374014b.skn	902724	c605cb989c09a996608a9d1f8256272210b4f22b28c550b9e6b77df0b04edd79	332211000400010004000000426f6479	9d62a08d5374014b	assets/characters/braum/skins/skin51/braum_skin51.skn	Skinned mesh with submeshes and vertex weights	other skin/shared; see reference graph	07f65b37fb75e834.bin;08e5b232f3994eee.bin;3079df1f381a87bc.bin;6c66319ffa4bb738.bin;6d6176ab099f3064.bin;70c57eae58af6c94.bin;7ca837cacce9639a.bin;b511ce2cc52d55a4.bin;d01bf01d5611bc53.bin;d56c87aaf7fac0ee.bin
9dbe80c02d80855b.tex	.tex	C:\Users\etqdo\Downloads\Clash Braum project\Braum.wad\9dbe80c02d80855b.tex	Braum.wad/9dbe80c02d80855b.tex	87420	fdcae30498ff5d60fbc749ac43d7c2964a5c3df5b5b9d264da14812077916faf	5445580000010001010c0001adad0000	9dbe80c02d80855b	assets/characters/braum/skins/base/particles/braum_base_p_stun_override.tex	League texture	base or shared candidate	2dc39c165f3aa923.bin
9deffdd48a7004a2.tex	.tex	C:\Users\etqdo\Downloads\Clash Braum project\Braum.wad\9deffdd48a7004a2.tex	Braum.wad/9deffdd48a7004a2.tex	21884	e5fcddbd7edd94e78690451b1daa4dc7bc0ebe33408074bdec6ef00a4ab33178	5445580080008000010c00016d6d0000	9deffdd48a7004a2	assets/characters/braum/skins/skin41/particles/braum_skin41_hat.tex	League texture	other skin/shared; see reference graph	f5df8e88540921e0.bin
9e1fe5178efb02d8.scb	.scb	C:\Users\etqdo\Downloads\Clash Braum project\Braum.wad\9e1fe5178efb02d8.scb	Braum.wad/9e1fe5178efb02d8.scb	42832	9463a17c62b15f3b47342ab7b6eeb388e2b053a9830324e04f74cb506ae503b0	723364324d65736803000200653a5c72	9e1fe5178efb02d8	assets/characters/braum/skins/skin01/particles/braum_skin01_q_fire_core.scb	Static mesh, commonly VFX geometry	other skin/shared; see reference graph	fca448d5ff3861b5.bin
9e4e4993e1abfeb7.tex	.tex	C:\Users\etqdo\Downloads\Clash Braum project\Braum.wad\9e4e4993e1abfeb7.tex	Braum.wad/9e4e4993e1abfeb7.tex	21884	6b14882bd9c3b103db8188cfdd1f04061c88abdb976d755faa601aba2359f84d	5445580080008000010c000195950000	9e4e4993e1abfeb7	assets/characters/braum/skins/skin42/particles/braum_skin42_q_fire_trail_up.tex	League texture	other skin/shared; see reference graph	ab5fbb4cdcdfb2ef.bin
9e570db76e00fe25.tex	.tex	C:\Users\etqdo\Downloads\Clash Braum project\Braum.wad\9e570db76e00fe25.tex	Braum.wad/9e570db76e00fe25.tex	43716	25b523da61e89b579097b7c23780d36abe33a0381fa04e941f26adc5ef996947	5445580000010001010a0001c739c318	9e570db76e00fe25	assets/characters/braum/skins/skin24/particles/braum_skin24_w_decal_blur.tex	League texture	other skin/shared; see reference graph	02ab7e4623adf97e.bin
9eb377e083e2f50a.anm	.anm	C:\Users\etqdo\Downloads\Clash Braum project\Braum.wad\9eb377e083e2f50a.anm	Braum.wad/9eb377e083e2f50a.anm	964	b29858e885414a88291bde293c106234b3d8c3c5a01480cadc0ce636ed420542	7233643263616e6d01000000b8030000	9eb377e083e2f50a	assets/characters/braum/skins/skin24/particles/braum_skin24_r_cake_shard_01.anm	Animation tracks	other skin/shared; see reference graph	3f6a40609700ee85.bin;88b5dd6dc0e099bd.bin;8cf62c85e1e2e7f9.bin;992d3c62ff62964c.bin;a582cf4ad353f261.bin;b30d6dd1b38ee53c.bin;c5c66176cca69ad3.bin;caacae9cc35f0267.bin;d3dbd3f84a5b8600.bin
9f469c24272621a0.tex	.tex	C:\Users\etqdo\Downloads\Clash Braum project\Braum.wad\9f469c24272621a0.tex	Braum.wad/9f469c24272621a0.tex	174788	fea25403b02068039c9e1585443904c3c772a67cf7ca67dfd904cd754ea525a0	5445580000020002010a0001cc62ca52	9f469c24272621a0	assets/characters/braum/skins/skin18/braum_skin18_poro_tx_cm.tex	League texture	other skin/shared; see reference graph	36b00af025f54940.bin
9f7163397fa97810.tex	.tex	C:\Users\etqdo\Downloads\Clash Braum project\Braum.wad\9f7163397fa97810.tex	Braum.wad/9f7163397fa97810.tex	87420	1119412bf6a27cb5df51de8a3eb6ad66b47115ecb779576f0963e89dec53096d	5445580000010001010c000154540000	9f7163397fa97810	assets/characters/braum/skins/skin42/particles/braum_skin42_r_vegetable01.tex	League texture	other skin/shared; see reference graph	ab5fbb4cdcdfb2ef.bin
9f75300d8dd6dcdd.scb	.scb	C:\Users\etqdo\Downloads\Clash Braum project\Braum.wad\9f75300d8dd6dcdd.scb	Braum.wad/9f75300d8dd6dcdd.scb	5304	c5c7fe43f62f2a0193e4835354bb58308d1f0e30b5258890bb141cc6d99dc331	723364324d65736803000200653a5c72	9f75300d8dd6dcdd	assets/characters/braum/skins/skin24/particles/braum_skin24_e_shield_break_01.scb	Static mesh, commonly VFX geometry	other skin/shared; see reference graph	02ab7e4623adf97e.bin
9f8814c743b161d4.skl	.skl	C:\Users\etqdo\Downloads\Clash Braum project\Braum.wad\9f8814c743b161d4.skl	Braum.wad/9f8814c743b161d4.skl	724	38312a1040fa3d3f28820c867257e3e8b9808f0f96fa5213bf097184160947ef	d4020000c34ffd220000000000000500	9f8814c743b161d4	assets/characters/braum/skins/skin33/particles/r_fish_02.skl	Skeleton, bind transforms and influence palette	other skin/shared; see reference graph	25c2b1d3f80a7166.bin;399a7a520477b139.bin;3a207b8680fc4f78.bin;4af4d37cc3da7630.bin;775c4474dbe4b86c.bin;cf092c39484cec07.bin;f2aa871abddf9427.bin;f5df8e88540921e0.bin;ff9b3266cfca2ba6.bin
a02a09280e03acb1.tex	.tex	C:\Users\etqdo\Downloads\Clash Braum project\Braum.wad\a02a09280e03acb1.tex	Braum.wad/a02a09280e03acb1.tex	10948	a19ced0761f466746e9376f184a2e0815b8c191242bb3863805a17e903833963	5445580080008000010a0001c320c700	a02a09280e03acb1	assets/characters/braum/skins/skin33/particles/braum_skin33_p_cas_flash.tex	League texture	other skin/shared; see reference graph	ac2d2bd054d44f09.bin
a0a2b2928f81667e.tex	.tex	C:\Users\etqdo\Downloads\Clash Braum project\Braum.wad\a0a2b2928f81667e.tex	Braum.wad/a0a2b2928f81667e.tex	21884	c5105746310a0548f62b269da5b6b4a28833c6c0f2166b699fe5427c9271a5dd	5445580080008000010c0001e8e80000	a0a2b2928f81667e	assets/characters/braum/skins/skin36/particles/braum_skin36_e_shield_mult_texture_2.tex	League texture	other skin/shared; see reference graph	25c2b1d3f80a7166.bin
a0aa5107c7a784f8.tex	.tex	C:\Users\etqdo\Downloads\Clash Braum project\Braum.wad\a0aa5107c7a784f8.tex	Braum.wad/a0aa5107c7a784f8.tex	10948	7ee8763c7b8670c7aad809ecece8189e10d668faf8cfbb81b8fc1471190616f8	5445580080008000010a0001a949a529	a0aa5107c7a784f8	assets/characters/braum/skins/skin51/particles/braum_skin51_122.tex	League texture	other skin/shared; see reference graph	07f65b37fb75e834.bin;08e5b232f3994eee.bin;3079df1f381a87bc.bin;6c66319ffa4bb738.bin;6d6176ab099f3064.bin;70c57eae58af6c94.bin;7a1193b055eb059a.bin;7ca837cacce9639a.bin;b511ce2cc52d55a4.bin;d01bf01d5611bc53.bin;d56c87aaf7fac0ee.bin
a0af9770040d0a81.tex	.tex	C:\Users\etqdo\Downloads\Clash Braum project\Braum.wad\a0af9770040d0a81.tex	Braum.wad/a0af9770040d0a81.tex	699076	6fed86e1ff3dfc1fbfd261ba2b8085aad421512baa96199b9a465fcca89e0f6f	5445580000040004010a000187318518	a0af9770040d0a81		League texture	other skin/shared; see reference graph	
a105ddcd1efadf7b.tex	.tex	C:\Users\etqdo\Downloads\Clash Braum project\Braum.wad\a105ddcd1efadf7b.tex	Braum.wad/a105ddcd1efadf7b.tex	87420	f6873d861d4a452ac54e77650613184f04f15a27d82027a49808d1fcf129246d	5445580000010001010c000118180000	a105ddcd1efadf7b	assets/characters/braum/skins/skin42/particles/braum_skin42_046r_aoe_decal_side.tex	League texture	other skin/shared; see reference graph	ab5fbb4cdcdfb2ef.bin
a14e60df9d034599.tex	.tex	C:\Users\etqdo\Downloads\Clash Braum project\Braum.wad\a14e60df9d034599.tex	Braum.wad/a14e60df9d034599.tex	87420	880b8e531f6e0b6aa45861ff10d69dee8c9073f725dd27d28e30b10293c1dcda	5445580000010001010c00016a6a0000	a14e60df9d034599	assets/characters/braum/skins/skin10/particles/braum_skin10_q_frost_tail.tex	League texture	other skin/shared; see reference graph	f63b31a3da327a4f.bin
a181dbd71ed20c0d.tex	.tex	C:\Users\etqdo\Downloads\Clash Braum project\Braum.wad\a181dbd71ed20c0d.tex	Braum.wad/a181dbd71ed20c0d.tex	10948	2546c435f493f839112edc9aee56333e0decfa19628ffc7b8295d861d866ac77	5445580080008000010a0001bad6b9d6	a181dbd71ed20c0d	assets/characters/braum/skins/skin24/braum_skin24_poro_tx_cm_mask.tex	League texture	other skin/shared; see reference graph	3f6a40609700ee85.bin;88b5dd6dc0e099bd.bin;8cf62c85e1e2e7f9.bin;992d3c62ff62964c.bin;a582cf4ad353f261.bin;b30d6dd1b38ee53c.bin;c5c66176cca69ad3.bin;caacae9cc35f0267.bin;d3dbd3f84a5b8600.bin
a1a125b37e63ca62.tex	.tex	C:\Users\etqdo\Downloads\Clash Braum project\Braum.wad\a1a125b37e63ca62.tex	Braum.wad/a1a125b37e63ca62.tex	87420	d1efaf77cdeda5fcae104232de1869d2b86926417c0fb32c78c594573cc4a08e	5445580000010001010c000102020000	a1a125b37e63ca62	assets/characters/braum/skins/skin60/particles/braum_skin60_shield_tx_02.tex	League texture	other skin/shared; see reference graph	6c66319ffa4bb738.bin
a1a978e2d388f3aa.anm	.anm	C:\Users\etqdo\Downloads\Clash Braum project\Braum.wad\a1a978e2d388f3aa.anm	Braum.wad/a1a978e2d388f3aa.anm	28250	ec7059cc6c9f1a97593f743ba7087dfd499548839e379a9e9525df2f1a80ff8d	7233643263616e6d010000004e6e0000	a1a978e2d388f3aa	assets/characters/braum/skins/base/animations/braum_run_02.anm	Animation tracks	base or shared candidate	0b01eaec2c944f55.bin;57bea13d59e2af1a.bin;5e21202a9a0cef1a.bin;6c0cf3da2d377385.bin;72028fe917890575.bin;aa0aa8a7dd53a131.bin;d0fe19959c26552d.bin;de78a7f6bf5c9803.bin;e43dcf714c8a2a42.bin
a1eb4b69dc019658.tex	.tex	C:\Users\etqdo\Downloads\Clash Braum project\Braum.wad\a1eb4b69dc019658.tex	Braum.wad/a1eb4b69dc019658.tex	349564	265839d0cde51f9df61f0088a69a1d54e19c5641f5cf890aeb382f5a785e2c00	5445580000020002010c000164640000	a1eb4b69dc019658	assets/characters/braum/skins/skin24/particles/braum_skin24_e_shield_first_block_01.tex	League texture	other skin/shared; see reference graph	d3dbd3f84a5b8600.bin
a21961f610aa1593.tex	.tex	C:\Users\etqdo\Downloads\Clash Braum project\Braum.wad\a21961f610aa1593.tex	Braum.wad/a21961f610aa1593.tex	21884	4d412cca277c74641f7e5fc5c6ea37004456d93a8682a274c21ac6229c4f2c8e	5445580080008000010c000144440000	a21961f610aa1593	assets/characters/braum/skins/skin24/particles/braum_skin24_fullcandy_stack.tex	League texture	other skin/shared; see reference graph	02ab7e4623adf97e.bin
a2244ac544167f71.tex	.tex	C:\Users\etqdo\Downloads\Clash Braum project\Braum.wad\a2244ac544167f71.tex	Braum.wad/a2244ac544167f71.tex	87420	94ff72f5b24ed868db46d313083b1232d7a4c6e366aceb8a3aeb578aeeb8f484	5445580000010001010c000112120000	a2244ac544167f71	assets/characters/braum/skins/skin33/particles/braum_skin02_p_mark_glow_stack_2.tex	League texture	other skin/shared; see reference graph	ac2d2bd054d44f09.bin
a2381fa63acad23d.tex	.tex	C:\Users\etqdo\Downloads\Clash Braum project\Braum.wad\a2381fa63acad23d.tex	Braum.wad/a2381fa63acad23d.tex	87420	d2b0455a61633c374d4153fca0eb7c3b19249b69f28995e07404dc6e9a4a00c2	5445580000010001010c000122220000	a2381fa63acad23d	assets/characters/braum/skins/skin42/particles/braum_skin42_glow01.tex	League texture	other skin/shared; see reference graph	ab5fbb4cdcdfb2ef.bin
a246dc9e68ccb901.tex	.tex	C:\Users\etqdo\Downloads\Clash Braum project\Braum.wad\a246dc9e68ccb901.tex	Braum.wad/a246dc9e68ccb901.tex	87420	f34be340888ee0d3807190260b358742220006d54c0ba1d24ed798741ab1606f	5445580000010001010c000187870000	a246dc9e68ccb901	assets/characters/braum/skins/skin51/particles/braum_skin51_q_blend_trailr02.tex	League texture	other skin/shared; see reference graph	07f65b37fb75e834.bin;08e5b232f3994eee.bin;3079df1f381a87bc.bin;6c66319ffa4bb738.bin;6d6176ab099f3064.bin;70c57eae58af6c94.bin;7ca837cacce9639a.bin;b511ce2cc52d55a4.bin;d01bf01d5611bc53.bin;d56c87aaf7fac0ee.bin
a25427f326fa9732.tex	.tex	C:\Users\etqdo\Downloads\Clash Braum project\Braum.wad\a25427f326fa9732.tex	Braum.wad/a25427f326fa9732.tex	349564	10ef4c775379e172f753c2c1a821ffd325146bf549cf651b63486cffe2599319	5445580000020002010c000137370000	a25427f326fa9732	assets/shared/particles/item_ghostwalker_smoke.tex	League texture	other skin/shared; see reference graph	25c2b1d3f80a7166.bin;399a7a520477b139.bin;3a207b8680fc4f78.bin;4af4d37cc3da7630.bin;775c4474dbe4b86c.bin;ac2d2bd054d44f09.bin;cf092c39484cec07.bin;f2aa871abddf9427.bin;f5df8e88540921e0.bin;ff9b3266cfca2ba6.bin
a2854068832a6081.tex	.tex	C:\Users\etqdo\Downloads\Clash Braum project\Braum.wad\a2854068832a6081.tex	Braum.wad/a2854068832a6081.tex	21876	deb32bd3ddad217bfe80e8afb4d3b3810608e9b03559a8f7e4bdf1f38bd98b4c	5445580000018000010a0001a410a008	a2854068832a6081	assets/characters/braum/skins/base/particles/braum_base_ba_flash_tar.tex	League texture	base or shared candidate	2974de4048ee048b.bin;2dc39c165f3aa923.bin;b8d6f27624ae797b.bin;f63b31a3da327a4f.bin
a28b7e6f848616f1.tex	.tex	C:\Users\etqdo\Downloads\Clash Braum project\Braum.wad\a28b7e6f848616f1.tex	Braum.wad/a28b7e6f848616f1.tex	174788	3a4b28eb6fc9b60e91ff354455df69fc1577a850b701cc2032752aa103ba8269	5445580000020002010a0001075a074a	a28b7e6f848616f1	assets/characters/braum/skins/skin02/braum_skin02_recall_tx_cm.tex	League texture	other skin/shared; see reference graph	d0b441e03335be65.bin
a29074f3b95f294f.tex	.tex	C:\Users\etqdo\Downloads\Clash Braum project\Braum.wad\a29074f3b95f294f.tex	Braum.wad/a29074f3b95f294f.tex	87420	76035b6dd5c4739ba3a29b179dffcba921419dbd3f02f23d122c8d56f05849b3	5445580000010001010c000120200000	a29074f3b95f294f	assets/characters/braum/skins/skin42/particles/braum_skin42_e_shield_buff03.tex	League texture	other skin/shared; see reference graph	ab5fbb4cdcdfb2ef.bin
a2a48c37b36aeecb.scb	.scb	C:\Users\etqdo\Downloads\Clash Braum project\Braum.wad\a2a48c37b36aeecb.scb	Braum.wad/a2a48c37b36aeecb.scb	108760	f93ddbf88923973fb04c11f0209ed91d484803cbe7ba6b97475d28ae46c62ad0	723364324d65736803000200653a5c72	a2a48c37b36aeecb	assets/characters/braum/skins/base/particles/braum_base_q_shield_base.scb	Static mesh, commonly VFX geometry	base or shared candidate	03e78a116663752e.bin;2974de4048ee048b.bin;eb9d53354a504663.bin
a2ac80b3cd5ac6f6.skn	.skn	C:\Users\etqdo\Downloads\Clash Braum project\Braum.wad\a2ac80b3cd5ac6f6.skn	Braum.wad/a2ac80b3cd5ac6f6.skn	952	c25562b4da6d6ffd7b2602ee14eb558a80ad9f444160d681ce3fc1df3f43bcfd	33221100040001000100000070617374	a2ac80b3cd5ac6f6	assets/characters/braum/skins/skin24/particles/braum_skin24_r_cake_shard_04.skn	Skinned mesh with submeshes and vertex weights	other skin/shared; see reference graph	3f6a40609700ee85.bin;88b5dd6dc0e099bd.bin;8cf62c85e1e2e7f9.bin;992d3c62ff62964c.bin;a582cf4ad353f261.bin;b30d6dd1b38ee53c.bin;c5c66176cca69ad3.bin;caacae9cc35f0267.bin;d3dbd3f84a5b8600.bin
a2f7a989a0bbbc4d.scb	.scb	C:\Users\etqdo\Downloads\Clash Braum project\Braum.wad\a2f7a989a0bbbc4d.scb	Braum.wad/a2f7a989a0bbbc4d.scb	34352	5084453ae6f52581caebb54b0ddfc910415fea748a4dd095d350530c077c3633	723364324d65736803000200653a5c72	a2f7a989a0bbbc4d	assets/characters/braum/skins/skin51/particles/braum_skin51_q_slow_ring.scb	Static mesh, commonly VFX geometry	other skin/shared; see reference graph	7a1193b055eb059a.bin
a337dde3ebe3e57f.tex	.tex	C:\Users\etqdo\Downloads\Clash Braum project\Braum.wad\a337dde3ebe3e57f.tex	Braum.wad/a337dde3ebe3e57f.tex	87420	f610ed99a074a2174d511c4852f89d8e8e2065823f96846745ec5d9992a5cb5e	5445580000010001010c0001fdfd0000	a337dde3ebe3e57f	assets/characters/braum/skins/skin01/particles/braum_skin01_ba_solar_circle.tex	League texture	other skin/shared; see reference graph	fca448d5ff3861b5.bin
a352fd8c578a5124.tex	.tex	C:\Users\etqdo\Downloads\Clash Braum project\Braum.wad\a352fd8c578a5124.tex	Braum.wad/a352fd8c578a5124.tex	10972	d52398246c7aaed059b31f40f3f5bbe08c3e7060a7d5c674158eba4ed3d09e66	5445580080004000010c000137370000	a352fd8c578a5124	assets/characters/braum/skins/skin51/particles/braum_skin51_q_tendrils_z01.tex	League texture	other skin/shared; see reference graph	07f65b37fb75e834.bin;08e5b232f3994eee.bin;3079df1f381a87bc.bin;6c66319ffa4bb738.bin;6d6176ab099f3064.bin;70c57eae58af6c94.bin;7ca837cacce9639a.bin;b511ce2cc52d55a4.bin;d01bf01d5611bc53.bin;d56c87aaf7fac0ee.bin
a36a452cd7edb329.tex	.tex	C:\Users\etqdo\Downloads\Clash Braum project\Braum.wad\a36a452cd7edb329.tex	Braum.wad/a36a452cd7edb329.tex	349564	0d2d952e58d5480a4aec05a24dc871704d9e67052a38d06d67fd1dc4b9b9ba6b	5445580000020002010c000166660000	a36a452cd7edb329	assets/characters/braum/skins/skin26/particles/braum_skin26_e_shield_first_block_01.tex	League texture	other skin/shared; see reference graph	b30d6dd1b38ee53c.bin
a37ee6b2f607f627.tex	.tex	C:\Users\etqdo\Downloads\Clash Braum project\Braum.wad\a37ee6b2f607f627.tex	Braum.wad/a37ee6b2f607f627.tex	5500	a20fd638914381463596b2ba5dc8b43d0b9d6b2f2b832b2c7ae0e2685416cb3a	5445580040004000010c00019a9a0000	a37ee6b2f607f627	assets/characters/braum/skins/skin51/particles/braum_skin51_z_trail_0.tex	League texture	other skin/shared; see reference graph	7a1193b055eb059a.bin
a3a397bd08e96cae.bin	.bin	C:\Users\etqdo\Downloads\Clash Braum project\Braum.wad\a3a397bd08e96cae.bin	Braum.wad/a3a397bd08e96cae.bin	5539	17dd542e31d5a5a0f17e39c9030a0385fb86bb24e15a589a4d92670bd6cc0b6b	50524f50030000000000000003000000	a3a397bd08e96cae	data/characters/braum/braum_multi_skins_skin0_skins_skin10_skins_skin11_skins_skin12_skins_skin13_skins_skin14_skins_skin15_skins_skin16_skins_skin17_skins_skin18_skins_skin19.bin	Property configuration and asset links	other skin/shared; see reference graph	23b85b75eb659166.bin;36b00af025f54940.bin;42ee6bdbfc9d170b.bin;4fe453abcf9c5181.bin;a44281cd843a8348.bin;bb8b47c7d87589f7.bin;d8a52eb470baa538.bin;e1dfd1a549890037.bin;eb9d53354a504663.bin;ed7ecf9170cfaaf8.bin;f63b31a3da327a4f.bin
a3aba5fe9c21ee6b.anm	.anm	C:\Users\etqdo\Downloads\Clash Braum project\Braum.wad\a3aba5fe9c21ee6b.anm	Braum.wad/a3aba5fe9c21ee6b.anm	53144	78c625c75dec058b76e3a3cc5fc5422d807b01b9a82072e416b5799d3c33b7da	72336432616e6d64050000008ccf0000	a3aba5fe9c21ee6b	assets/characters/braum/skins/skin11/animations/braum_spell4.anm	Animation tracks	other skin/shared; see reference graph	e43dcf714c8a2a42.bin
a3d03617257f6a05.tex	.tex	C:\Users\etqdo\Downloads\Clash Braum project\Braum.wad\a3d03617257f6a05.tex	Braum.wad/a3d03617257f6a05.tex	87420	3bcfd8c3333875b7efe92ee08b78804130432b4f3ea033528157a6463ec2c5fa	5445580000010001010c000169690000	a3d03617257f6a05	assets/characters/braum/skins/skin60/particles/braum_skin60_r_crack_04.tex	League texture	other skin/shared; see reference graph	6c66319ffa4bb738.bin
a401029ae08050a7.tex	.tex	C:\Users\etqdo\Downloads\Clash Braum project\Braum.wad\a401029ae08050a7.tex	Braum.wad/a401029ae08050a7.tex	21884	ace82c9311e33d872e5fc0a0251ae7cfda5cea14c759536a2b466c79443eff9d	5445580080008000010c000132320000	a401029ae08050a7	assets/characters/braum/skins/skin11/particles/braum_skin11_recall_poromuzzle_add.tex	League texture	other skin/shared; see reference graph	2974de4048ee048b.bin
a4070d3e7cbc4173.anm	.anm	C:\Users\etqdo\Downloads\Clash Braum project\Braum.wad\a4070d3e7cbc4173.anm	Braum.wad/a4070d3e7cbc4173.anm	1068	218e117703e28aec7207a5eb76ef8d11cbb8fc78a4b277a79361b1bfd09a5490	7233643263616e6d0100000020040000	a4070d3e7cbc4173	assets/characters/braum/skins/skin33/particles/r_fish_02.anm	Animation tracks	other skin/shared; see reference graph	25c2b1d3f80a7166.bin;399a7a520477b139.bin;3a207b8680fc4f78.bin;4af4d37cc3da7630.bin;775c4474dbe4b86c.bin;cf092c39484cec07.bin;f2aa871abddf9427.bin;f5df8e88540921e0.bin;ff9b3266cfca2ba6.bin
a44281cd843a8348.bin	.bin	C:\Users\etqdo\Downloads\Clash Braum project\Braum.wad\a44281cd843a8348.bin	Braum.wad/a44281cd843a8348.bin	80656	ab687f10ce8a68bc5cf6b214f600dc11d0140343d5e7a0db7269263a9f036d14	50524f50030000000c0000003f034441	a44281cd843a8348	data/characters/braum/skins/skin13.bin	Property configuration and asset links	other skin/shared; see reference graph	
a4449aae1f669741.anm	.anm	C:\Users\etqdo\Downloads\Clash Braum project\Braum.wad\a4449aae1f669741.anm	Braum.wad/a4449aae1f669741.anm	53386	1ce7782196d1cd81638650591ed15d9d7bae1b01b2807de82252abaaf2ac0cb1	7233643263616e6d010000007ed00000	a4449aae1f669741	assets/characters/braum/skins/base/animations/braum_attack_turret_01.anm	Animation tracks	base or shared candidate	0b01eaec2c944f55.bin;57bea13d59e2af1a.bin;5e21202a9a0cef1a.bin;72028fe917890575.bin;aa0aa8a7dd53a131.bin;d0fe19959c26552d.bin;de78a7f6bf5c9803.bin;e43dcf714c8a2a42.bin
a485c4b46181b64d.bin	.bin	C:\Users\etqdo\Downloads\Clash Braum project\Braum.wad\a485c4b46181b64d.bin	Braum.wad/a485c4b46181b64d.bin	11047	b8cebf7d2f47439f21587303df3d09a2e4be7e9d0b3b053cfaf2c01ea47a9c71	50524f5003000000040000009a004441	a485c4b46181b64d	data/characters/braum/skins/skin42.bin	Property configuration and asset links	other skin/shared; see reference graph	
a497a5055810256b.bin	.bin	C:\Users\etqdo\Downloads\Clash Braum project\Braum.wad\a497a5055810256b.bin	Braum.wad/a497a5055810256b.bin	25302	26493b8f9ff9fcdd6a73f668e4e900fdb063dc672f159c24943cde376d6186fc	50524f5003000000090000003f034441	a497a5055810256b	data/characters/braum/skins/skin21.bin	Property configuration and asset links	other skin/shared; see reference graph	
a4a45903acd7ed4f.scb	.scb	C:\Users\etqdo\Downloads\Clash Braum project\Braum.wad\a4a45903acd7ed4f.scb	Braum.wad/a4a45903acd7ed4f.scb	22112	ac1302769e533ef7536de331c52aa75e3343a08a83c88afba33e78dcb4e0bc3a	723364324d6573680300020000000000	a4a45903acd7ed4f	assets/characters/braum/skins/skin33/particles/cage.scb	Static mesh, commonly VFX geometry	other skin/shared; see reference graph	25c2b1d3f80a7166.bin;399a7a520477b139.bin;3a207b8680fc4f78.bin;4af4d37cc3da7630.bin;775c4474dbe4b86c.bin;cf092c39484cec07.bin;f2aa871abddf9427.bin;f5df8e88540921e0.bin;ff9b3266cfca2ba6.bin
a4dafa687f6c1527.tex	.tex	C:\Users\etqdo\Downloads\Clash Braum project\Braum.wad\a4dafa687f6c1527.tex	Braum.wad/a4dafa687f6c1527.tex	21884	c352beeaa3d8ea52cd34a7cca63bfdd8b1523f232b2d00edc0dfff004896cf53	5445580080008000010c000144440000	a4dafa687f6c1527	assets/characters/braum/skins/skin33/particles/braum_skin33_pain.tex	League texture	other skin/shared; see reference graph	3a207b8680fc4f78.bin
a4dbbbf58975a099.tex	.tex	C:\Users\etqdo\Downloads\Clash Braum project\Braum.wad\a4dbbbf58975a099.tex	Braum.wad/a4dbbbf58975a099.tex	5500	e87326aa650e5491a5213fece9ebd1b1adb0a252449a8fdfeb95f59aa62f9119	5445580040004000010c0001cece0000	a4dbbbf58975a099	assets/characters/braum/skins/skin51/particles/braum_skin51_p_ice_shard_rgba.tex	League texture	other skin/shared; see reference graph	07f65b37fb75e834.bin;08e5b232f3994eee.bin;3079df1f381a87bc.bin;6c66319ffa4bb738.bin;6d6176ab099f3064.bin;70c57eae58af6c94.bin;7a1193b055eb059a.bin;7ca837cacce9639a.bin;b511ce2cc52d55a4.bin;d01bf01d5611bc53.bin;d56c87aaf7fac0ee.bin
a5059b8c7ae0886c.tex	.tex	C:\Users\etqdo\Downloads\Clash Braum project\Braum.wad\a5059b8c7ae0886c.tex	Braum.wad/a5059b8c7ae0886c.tex	21884	86f854b46438453832b37a304d0bd9c9e656ca74cf196ea9c0f31055f4d3baaa	5445580080008000010c000131310000	a5059b8c7ae0886c	assets/characters/braum/skins/skin42/particles/braum_skin42_vgu_awaken_glow.tex	League texture	other skin/shared; see reference graph	ab5fbb4cdcdfb2ef.bin
a51cbd32735b91e8.anm	.anm	C:\Users\etqdo\Downloads\Clash Braum project\Braum.wad\a51cbd32735b91e8.anm	Braum.wad/a51cbd32735b91e8.anm	756	bb3fb587a2e603c91831e22933e6d16bff062a90a848baaa358d4979587eac4c	7233643263616e6d01000000e8020000	a51cbd32735b91e8	assets/characters/braum/skins/skin51/particles/braum_skin51_st_anim022.anm	Animation tracks	other skin/shared; see reference graph	07f65b37fb75e834.bin;08e5b232f3994eee.bin;3079df1f381a87bc.bin;6c66319ffa4bb738.bin;6d6176ab099f3064.bin;70c57eae58af6c94.bin;7ca837cacce9639a.bin;b511ce2cc52d55a4.bin;d01bf01d5611bc53.bin;d56c87aaf7fac0ee.bin
a51df288941a2a83.scb	.scb	C:\Users\etqdo\Downloads\Clash Braum project\Braum.wad\a51df288941a2a83.scb	Braum.wad/a51df288941a2a83.scb	28096	a7f46f31a8799408e8189855f5ec3aa7021126b8399abe462c996b02c7b534eb	723364324d65736803000200653a5c72	a51df288941a2a83	assets/characters/braum/skins/skin42/particles/braum_skin42_braum_base_ba_trail_02.scb	Static mesh, commonly VFX geometry	other skin/shared; see reference graph	ab5fbb4cdcdfb2ef.bin
a53f65132b8a2d00.tex	.tex	C:\Users\etqdo\Downloads\Clash Braum project\Braum.wad\a53f65132b8a2d00.tex	Braum.wad/a53f65132b8a2d00.tex	2756	820dac9846df4b5707ee4b52d33f873dfdd5d621c90622483b7eeb2c6518df5d	5445580040004000010a000110331013	a53f65132b8a2d00	assets/characters/braum/skins/base/particles/braum_base_e_ice_rgb.tex	League texture	base or shared candidate	03e78a116663752e.bin;2974de4048ee048b.bin;2dc39c165f3aa923.bin;eb9d53354a504663.bin
a5555dd06115c632.tex	.tex	C:\Users\etqdo\Downloads\Clash Braum project\Braum.wad\a5555dd06115c632.tex	Braum.wad/a5555dd06115c632.tex	87420	636bcb6bf771c80204ba1729427795226a1797c438c20ce58ac097e15b49a8c0	5445580000010001010c000132320000	a5555dd06115c632	assets/characters/braum/skins/skin01/particles/braum_skin01_e_ground_sub.tex	League texture	other skin/shared; see reference graph	1eb4979be4e9320c.bin;26fe02fb42fe5d0f.bin;3e345a7cf645a903.bin;4b8cf46e9a27ff51.bin;4fed391540044397.bin;5d7e7a1984eb745d.bin;69066dbc18657bec.bin;7b9824cbef34ed4d.bin;812e1da9fe14f1ec.bin;a497a5055810256b.bin;e250f290f6212f81.bin
a57b24a79c545e5d.tex	.tex	C:\Users\etqdo\Downloads\Clash Braum project\Braum.wad\a57b24a79c545e5d.tex	Braum.wad/a57b24a79c545e5d.tex	21884	28261ff8d2297cdb250ec3be3e410cfd5efd76913a95e7889aadbb22032db91f	5445580080008000010c000113130000	a57b24a79c545e5d	assets/characters/braum/skins/skin24/particles/braum_skin24_p_buff_endingglow.tex	League texture	other skin/shared; see reference graph	02ab7e4623adf97e.bin
a57bbf4607058eb5.tex	.tex	C:\Users\etqdo\Downloads\Clash Braum project\Braum.wad\a57bbf4607058eb5.tex	Braum.wad/a57bbf4607058eb5.tex	87420	da9a31bdad402d59a9fc864a4f6def8160e02cd0161fdee02f9e953d7a2eff8d	5445580000010001010c000102020000	a57bbf4607058eb5	assets/characters/braum/skins/skin57/particles/braum_skin57_shield_tx_02.tex	League texture	other skin/shared; see reference graph	b511ce2cc52d55a4.bin
a582cf4ad353f261.bin	.bin	C:\Users\etqdo\Downloads\Clash Braum project\Braum.wad\a582cf4ad353f261.bin	Braum.wad/a582cf4ad353f261.bin	120620	e05ebdb21bf185d4919fc106850248a4c8c2d3876e821a6867b5e230e2f71ccf	50524f50030000000800000031024441	a582cf4ad353f261	data/characters/braum/skins/skin30.bin	Property configuration and asset links	other skin/shared; see reference graph	
a5884dc9befc81f8.tex	.tex	C:\Users\etqdo\Downloads\Clash Braum project\Braum.wad\a5884dc9befc81f8.tex	Braum.wad/a5884dc9befc81f8.tex	43740	6ea3c614250d3097a7a1b579f6d084d0d1c1c86e297bfeb6b25a55c5890621e0	5445580000018000010c000108080000	a5884dc9befc81f8	assets/characters/braum/skins/skin42/particles/braum_skin42_e_shield_firealpha02.tex	League texture	other skin/shared; see reference graph	ab5fbb4cdcdfb2ef.bin
a58e8e392fe82c3b.tex	.tex	C:\Users\etqdo\Downloads\Clash Braum project\Braum.wad\a58e8e392fe82c3b.tex	Braum.wad/a58e8e392fe82c3b.tex	349564	66d6faeed1c39ee4706e770db0016c0727a3a52bfe7f7da4c379bf4c78c329bd	5445580000020002010c00015c5c0000	a58e8e392fe82c3b	assets/characters/braum/skins/skin32/particles/braum_skin32_e_shield_first_block_01.tex	League texture	other skin/shared; see reference graph	8cf62c85e1e2e7f9.bin
a5cf204a0db06a42.tex	.tex	C:\Users\etqdo\Downloads\Clash Braum project\Braum.wad\a5cf204a0db06a42.tex	Braum.wad/a5cf204a0db06a42.tex	43716	65cfadb9b8c8dad1dddccddd3b183b1ff9c2a129aaa282397edcc8f7b289faeb	5445580000010001010a0001a751a630	a5cf204a0db06a42	assets/characters/braum/skins/skin24/particles/braum_skin24_candy_heart.tex	League texture	other skin/shared; see reference graph	02ab7e4623adf97e.bin
a5cf383f1be61656.tex	.tex	C:\Users\etqdo\Downloads\Clash Braum project\Braum.wad\a5cf383f1be61656.tex	Braum.wad/a5cf383f1be61656.tex	21884	cfae30ea02c0919eec2a72d3e11e5c2907b60902ed7290fe5d801cf0e09d0073	5445580080008000010c00011e1e0000	a5cf383f1be61656	assets/characters/braum/skins/skin02/particles/braum_skin02_p_cooldowntimer.tex	League texture	other skin/shared; see reference graph	d0b441e03335be65.bin
a5e62b237de431e1.scb	.scb	C:\Users\etqdo\Downloads\Clash Braum project\Braum.wad\a5e62b237de431e1.scb	Braum.wad/a5e62b237de431e1.scb	21644	4db15a1ebc088cd3f5220e096f5ee40e985a05ce3ee88648a2a4d9f9bfa986bf	723364324d6573680300020000000000	a5e62b237de431e1	assets/characters/braum/skins/skin51/particles/braum_skin51_r_plane.scb	Static mesh, commonly VFX geometry	other skin/shared; see reference graph	07f65b37fb75e834.bin;08e5b232f3994eee.bin;3079df1f381a87bc.bin;6c66319ffa4bb738.bin;6d6176ab099f3064.bin;70c57eae58af6c94.bin;7ca837cacce9639a.bin;b511ce2cc52d55a4.bin;d01bf01d5611bc53.bin;d56c87aaf7fac0ee.bin
a5f8ed2695fca6e8.tex	.tex	C:\Users\etqdo\Downloads\Clash Braum project\Braum.wad\a5f8ed2695fca6e8.tex	Braum.wad/a5f8ed2695fca6e8.tex	43716	396a17b23d832c969eb09bd11cd27a5212fa724f4f84b41035d80e0fad0b2d5a	5445580000010001010a000121312030	a5f8ed2695fca6e8	assets/characters/braum/skins/skin02/particles/braum_skin02_e_block_spark.tex	League texture	other skin/shared; see reference graph	d0b441e03335be65.bin
a5fee65d297d52f3.tex	.tex	C:\Users\etqdo\Downloads\Clash Braum project\Braum.wad\a5fee65d297d52f3.tex	Braum.wad/a5fee65d297d52f3.tex	2796228	15dc5d93c35d87eea1f959fe42772ae0b1e0afc762e456cef152763d32cad33b	5445580000080008010a000107520551	a5fee65d297d52f3		League texture	other skin/shared; see reference graph	
a606d490a8a4f07a.tex	.tex	C:\Users\etqdo\Downloads\Clash Braum project\Braum.wad\a606d490a8a4f07a.tex	Braum.wad/a606d490a8a4f07a.tex	87420	6b9c8404ad6fe0a7da82f7d9818842bbb0650ea3acc86848bdd0f9a05c7f3bac	5445580000010001010c00010c0c0000	a606d490a8a4f07a	assets/characters/braum/skins/skin51/particles/braum_skin51_w_crack6_ersion1.tex	League texture	other skin/shared; see reference graph	7a1193b055eb059a.bin
a632fe17e2f7dbe9.tex	.tex	C:\Users\etqdo\Downloads\Clash Braum project\Braum.wad\a632fe17e2f7dbe9.tex	Braum.wad/a632fe17e2f7dbe9.tex	21884	345dbbc145c3efc067b7c52142cbad2a3c75b2f80657679f9d776e2a3a12c26b	5445580080008000010c000155550000	a632fe17e2f7dbe9	assets/characters/braum/skins/skin33/particles/braum_skin33_e_frost_tail_mult_mis.tex	League texture	other skin/shared; see reference graph	ac2d2bd054d44f09.bin
a645001703dbd839.tex	.tex	C:\Users\etqdo\Downloads\Clash Braum project\Braum.wad\a645001703dbd839.tex	Braum.wad/a645001703dbd839.tex	87420	488d1c86b03d09a84f6ce174698f4d97dc5f2b9911dd78ba864917d0f89d8fb7	5445580000010001010c000131310000	a645001703dbd839	assets/characters/braum/skins/base/particles/braum_base_r_smoke_mult.tex	League texture	base or shared candidate	2dc39c165f3aa923.bin;f63b31a3da327a4f.bin
a64502f17be075be.tex	.tex	C:\Users\etqdo\Downloads\Clash Braum project\Braum.wad\a64502f17be075be.tex	Braum.wad/a64502f17be075be.tex	2756	820dac9846df4b5707ee4b52d33f873dfdd5d621c90622483b7eeb2c6518df5d	5445580040004000010a000110331013	a64502f17be075be	assets/characters/braum/skins/skin33/particles/braum_skin33_e_ice_rgb.tex	League texture	other skin/shared; see reference graph	25c2b1d3f80a7166.bin;399a7a520477b139.bin;3a207b8680fc4f78.bin;4af4d37cc3da7630.bin;775c4474dbe4b86c.bin;ac2d2bd054d44f09.bin;cf092c39484cec07.bin;f2aa871abddf9427.bin;f5df8e88540921e0.bin;ff9b3266cfca2ba6.bin
a6968be69ccd3afd.tex	.tex	C:\Users\etqdo\Downloads\Clash Braum project\Braum.wad\a6968be69ccd3afd.tex	Braum.wad/a6968be69ccd3afd.tex	87420	8f5c79965caaaf8d1eeb98b8c05e2f5da0628cc73b565ddd3c9246e3d5693b04	5445580000010001010c000138380000	a6968be69ccd3afd	assets/characters/braum/skins/skin51/particles/braum_rework_r_cracks_erosion.tex	League texture	other skin/shared; see reference graph	07f65b37fb75e834.bin;08e5b232f3994eee.bin;3079df1f381a87bc.bin;6c66319ffa4bb738.bin;6d6176ab099f3064.bin;70c57eae58af6c94.bin;7a1193b055eb059a.bin;7ca837cacce9639a.bin;b511ce2cc52d55a4.bin;d01bf01d5611bc53.bin;d56c87aaf7fac0ee.bin
a6e4480f5a53e035.tex	.tex	C:\Users\etqdo\Downloads\Clash Braum project\Braum.wad\a6e4480f5a53e035.tex	Braum.wad/a6e4480f5a53e035.tex	87420	81130ecbf6f8b96485fd032f5eefc9435281dba5f926acffc80b46d4d75f8ce2	5445580000010001010c000113130000	a6e4480f5a53e035	assets/characters/braum/skins/skin24/particles/braum_skin24_r_shield_smoke.tex	League texture	other skin/shared; see reference graph	02ab7e4623adf97e.bin
a78c519ef388e3fb.anm	.anm	C:\Users\etqdo\Downloads\Clash Braum project\Braum.wad\a78c519ef388e3fb.anm	Braum.wad/a78c519ef388e3fb.anm	14222	a032518b559310a594f3b3db8af1f3626a73636d1aa9b2a326cb29c1a02473ae	72336432616e6d640500000082370000	a78c519ef388e3fb	assets/characters/braum/skins/base/animations/braum_spell3_leapleft.anm	Animation tracks	base or shared candidate	0b01eaec2c944f55.bin;57bea13d59e2af1a.bin;5e21202a9a0cef1a.bin;6c0cf3da2d377385.bin;72028fe917890575.bin;aa0aa8a7dd53a131.bin;d0fe19959c26552d.bin;de78a7f6bf5c9803.bin
a7a9a4842c24808a.anm	.anm	C:\Users\etqdo\Downloads\Clash Braum project\Braum.wad\a7a9a4842c24808a.anm	Braum.wad/a7a9a4842c24808a.anm	41398	4c75559aa8ca1c4b0abfea0d7d6a272aac5587bda909183d91e0c74c437cae81	7233643263616e6d01000000aaa10000	a7a9a4842c24808a	assets/characters/braum/skins/base/animations/braum_joke_loop.anm	Animation tracks	base or shared candidate	0b01eaec2c944f55.bin;57bea13d59e2af1a.bin;5e21202a9a0cef1a.bin;6c0cf3da2d377385.bin;72028fe917890575.bin;aa0aa8a7dd53a131.bin;d0fe19959c26552d.bin;de78a7f6bf5c9803.bin
a7fcf823ec35c6a2.tex	.tex	C:\Users\etqdo\Downloads\Clash Braum project\Braum.wad\a7fcf823ec35c6a2.tex	Braum.wad/a7fcf823ec35c6a2.tex	2796228	53ab5f795ab6003f48ad7060cd7bb367015c2bcb96314c11f939325b1da9f1be	5445580000080008010a0001066ae859	a7fcf823ec35c6a2		League texture	other skin/shared; see reference graph	
a8041d60285ff553.tex	.tex	C:\Users\etqdo\Downloads\Clash Braum project\Braum.wad\a8041d60285ff553.tex	Braum.wad/a8041d60285ff553.tex	87420	0ffde9c1919e11f5d9e417237ac29fd5b095fefc28fa4e52a9c21a30e27f43b9	5445580000010001010c000102020000	a8041d60285ff553	assets/characters/braum/skins/skin51/particles/braum_skin51_shield_tx_02.tex	League texture	other skin/shared; see reference graph	70c57eae58af6c94.bin
a83802f47ce6b928.tex	.tex	C:\Users\etqdo\Downloads\Clash Braum project\Braum.wad\a83802f47ce6b928.tex	Braum.wad/a83802f47ce6b928.tex	10948	3e09eb6218b3b15409aa238c3f7ed77f2cb4674dd65e9a3c3fa857fa2b38efd6	5445580080008000010a000162106108	a83802f47ce6b928	assets/characters/braum/skins/skin42/particles/braum_skin42_p_poro_mustache.tex	League texture	other skin/shared; see reference graph	ab5fbb4cdcdfb2ef.bin
a84cc8787c656890.tex	.tex	C:\Users\etqdo\Downloads\Clash Braum project\Braum.wad\a84cc8787c656890.tex	Braum.wad/a84cc8787c656890.tex	21884	cdc3cf6fd575c8bf0cda0421cd8f2e16c897d87ab8d7e1f611f2dab8ccb89077	5445580080008000010c000105050000	a84cc8787c656890	assets/characters/braum/skins/skin42/particles/braum_skin42_recall_spark01.tex	League texture	other skin/shared; see reference graph	ab5fbb4cdcdfb2ef.bin
a8b8467372a7f23d.tex	.tex	C:\Users\etqdo\Downloads\Clash Braum project\Braum.wad\a8b8467372a7f23d.tex	Braum.wad/a8b8467372a7f23d.tex	87420	b597308bb48a8c452e3f427b2f5ce1000a2f8e6897a5df2c91e656c57e1ca0b7	5445580000010001010c00014d4d0000	a8b8467372a7f23d	assets/characters/braum/skins/skin02/particles/braum_skin02_i_smoke_seq.tex	League texture	other skin/shared; see reference graph	d0b441e03335be65.bin
a8c2fb20d64efa86.scb	.scb	C:\Users\etqdo\Downloads\Clash Braum project\Braum.wad\a8c2fb20d64efa86.scb	Braum.wad/a8c2fb20d64efa86.scb	28096	a7f46f31a8799408e8189855f5ec3aa7021126b8399abe462c996b02c7b534eb	723364324d65736803000200653a5c72	a8c2fb20d64efa86	assets/characters/braum/skins/skin01/particles/braum_skin01_ba_trail_02.scb	Static mesh, commonly VFX geometry	other skin/shared; see reference graph	fca448d5ff3861b5.bin
a90a0b954ee38ecc.tex	.tex	C:\Users\etqdo\Downloads\Clash Braum project\Braum.wad\a90a0b954ee38ecc.tex	Braum.wad/a90a0b954ee38ecc.tex	5500	b2c1d350ec41024c402c0a883f1715d536810c028aa77d705bc2495f9254cdfd	5445580040004000010c000187870000	a90a0b954ee38ecc	assets/characters/braum/skins/skin51/particles/braum_skin51_z_bokeh_color.tex	League texture	other skin/shared; see reference graph	7a1193b055eb059a.bin
a90c1a8e6cbcc64d.tex	.tex	C:\Users\etqdo\Downloads\Clash Braum project\Braum.wad\a90c1a8e6cbcc64d.tex	Braum.wad/a90c1a8e6cbcc64d.tex	21884	c5b1fa7d8d3adcd100e961f75a78e8455cd24675eccbac53d05813e1fc96be01	5445580080008000010c0001ffff0000	a90c1a8e6cbcc64d	assets/characters/braum/skins/skin42/particles/braum_skin42_q_groundliquid02.tex	League texture	other skin/shared; see reference graph	ab5fbb4cdcdfb2ef.bin
a90ea69abcb3954f.tex	.tex	C:\Users\etqdo\Downloads\Clash Braum project\Braum.wad\a90ea69abcb3954f.tex	Braum.wad/a90ea69abcb3954f.tex	699076	f2e1cf3503ea3c964276a98a3ed493d7976754ae6bbdf33a60997dc73ec4e2eb	5445580000040004010a00010739072a	a90ea69abcb3954f		League texture	other skin/shared; see reference graph	
a91d39b217475e2d.scb	.scb	C:\Users\etqdo\Downloads\Clash Braum project\Braum.wad\a91d39b217475e2d.scb	Braum.wad/a91d39b217475e2d.scb	58936	d19692ff7eefcd36f88d39ddeb1a54dee9893e53c78562f7f77e7d962a4cd4d2	723364324d6573680300020000000000	a91d39b217475e2d	assets/characters/braum/skins/skin10/particles/braum_skin10_e_ribbon.scb	Static mesh, commonly VFX geometry	other skin/shared; see reference graph	f63b31a3da327a4f.bin
a91fde6b8ea5f64c.anm	.anm	C:\Users\etqdo\Downloads\Clash Braum project\Braum.wad\a91fde6b8ea5f64c.anm	Braum.wad/a91fde6b8ea5f64c.anm	64598	496bb8c76db24f3f789e4dbb34288c521733a154d80bf31abc4bde5400ce3282	72336432616e6d64050000004afc0000	a91fde6b8ea5f64c	assets/characters/braum/skins/base/animations/braum_critical_attack_01.anm	Animation tracks	base or shared candidate	0b01eaec2c944f55.bin;57bea13d59e2af1a.bin;5e21202a9a0cef1a.bin;6c0cf3da2d377385.bin;72028fe917890575.bin;aa0aa8a7dd53a131.bin;d0fe19959c26552d.bin;de78a7f6bf5c9803.bin;e43dcf714c8a2a42.bin
a92559892c16e62b.scb	.scb	C:\Users\etqdo\Downloads\Clash Braum project\Braum.wad\a92559892c16e62b.scb	Braum.wad/a92559892c16e62b.scb	14736	100b4d353a802b6e89fc66f17eaa77e739610992d02d43e701e8236284c37dac	723364324d6573680300020000000000	a92559892c16e62b	assets/characters/braum/skins/skin51/particles/braum_lighting_cyl.scb	Static mesh, commonly VFX geometry	other skin/shared; see reference graph	7a1193b055eb059a.bin
a95347358b0d42c8.tex	.tex	C:\Users\etqdo\Downloads\Clash Braum project\Braum.wad\a95347358b0d42c8.tex	Braum.wad/a95347358b0d42c8.tex	87420	6521948dc4e06a64e42570c5f4e8f7727303c71553464efe16517f02ecd4d063	5445580000010001010c0001fdfd0000	a95347358b0d42c8	assets/shared/particles/braum_base_ba_solar_circle.tex	League texture	other skin/shared; see reference graph	ac2d2bd054d44f09.bin
a977c0add8284a7a.tex	.tex	C:\Users\etqdo\Downloads\Clash Braum project\Braum.wad\a977c0add8284a7a.tex	Braum.wad/a977c0add8284a7a.tex	349564	6bdfaabb7f2ed9d7b08616c434ac9885ae3c789afaaca124fed9aa0a6447285d	5445580000020002010c000179790000	a977c0add8284a7a	assets/shared/particles/cassiopeia_skin09_shield_gradient.tex	League texture	other skin/shared; see reference graph	25c2b1d3f80a7166.bin;399a7a520477b139.bin;3a207b8680fc4f78.bin;4af4d37cc3da7630.bin;775c4474dbe4b86c.bin;cf092c39484cec07.bin;f2aa871abddf9427.bin;f5df8e88540921e0.bin;ff9b3266cfca2ba6.bin
a9866717e4d52cea.tex	.tex	C:\Users\etqdo\Downloads\Clash Braum project\Braum.wad\a9866717e4d52cea.tex	Braum.wad/a9866717e4d52cea.tex	21884	5e05c065f4ec6ac019322de5137293c10b807193cfe5f5ed9077172645e9486f	5445580080008000010c000129290000	a9866717e4d52cea	assets/characters/braum/skins/base/particles/braum_base_q_slow_swirls.tex	League texture	base or shared candidate	2974de4048ee048b.bin;2dc39c165f3aa923.bin
a999106298e40888.tex	.tex	C:\Users\etqdo\Downloads\Clash Braum project\Braum.wad\a999106298e40888.tex	Braum.wad/a999106298e40888.tex	349556	53902bf9b0478d59ad9c0ef2bce8878f9dd2d0310de16a94cb3bae87f16768cf	5445580000040002010a0001c541c920	a999106298e40888	assets/characters/braum/skins/skin04/braum_skin04_tx_cm.tex	League texture	other skin/shared; see reference graph	5d7e7a1984eb745d.bin
a9e562b536c92caa.tex	.tex	C:\Users\etqdo\Downloads\Clash Braum project\Braum.wad\a9e562b536c92caa.tex	Braum.wad/a9e562b536c92caa.tex	87420	855e51735a9487aa07336632bb2880aa85236c657393224f9d090db94416619c	5445580000010001010c000197970000	a9e562b536c92caa	assets/characters/braum/skins/skin01/particles/braum_skin01_e_shield_break_ice.tex	League texture	other skin/shared; see reference graph	fca448d5ff3861b5.bin
a9ebdf6dce4b27fd.bin	.bin	C:\Users\etqdo\Downloads\Clash Braum project\Braum.wad\a9ebdf6dce4b27fd.bin	Braum.wad/a9ebdf6dce4b27fd.bin	136	b61b81100b93a49419f97c0061609ef264bd0613faf158697c384f5a3412202a	50524f50030000000000000001000000	a9ebdf6dce4b27fd	data/characters/braum/braum_multi_skins_skin0_skins_skin10_skins_skin24_skins_skin25_skins_skin26_skins_skin27_skins_skin28_skins_skin29_skins_skin3_skins_skin30_skins_skin31_skins_skin32.bin	Property configuration and asset links	other skin/shared; see reference graph	03e78a116663752e.bin;3f6a40609700ee85.bin;88b5dd6dc0e099bd.bin;8cf62c85e1e2e7f9.bin;992d3c62ff62964c.bin;a582cf4ad353f261.bin;b30d6dd1b38ee53c.bin;c5c66176cca69ad3.bin;caacae9cc35f0267.bin;d3dbd3f84a5b8600.bin;eb9d53354a504663.bin;f63b31a3da327a4f.bin
aa0aa8a7dd53a131.bin	.bin	C:\Users\etqdo\Downloads\Clash Braum project\Braum.wad\aa0aa8a7dd53a131.bin	Braum.wad/aa0aa8a7dd53a131.bin	56297	04e8958e2221c59bd9c18d8bee83cb318f7dcc63e4f1ebb4fb61c6cec13a7e37	50524f50030000000000000001000000	aa0aa8a7dd53a131	data/characters/braum/animations/skin24.bin	Property configuration and asset links	other skin/shared; see reference graph	3f6a40609700ee85.bin;88b5dd6dc0e099bd.bin;8cf62c85e1e2e7f9.bin;992d3c62ff62964c.bin;a582cf4ad353f261.bin;b30d6dd1b38ee53c.bin;c5c66176cca69ad3.bin;caacae9cc35f0267.bin;d3dbd3f84a5b8600.bin
aa24ed5fb8d0d2f4.tex	.tex	C:\Users\etqdo\Downloads\Clash Braum project\Braum.wad\aa24ed5fb8d0d2f4.tex	Braum.wad/aa24ed5fb8d0d2f4.tex	87420	a9f2f66a95afaeb26144396d0500401e41f416fb8614b1be86da1f58e225a5c1	5445580000010001010c000102020000	aa24ed5fb8d0d2f4	assets/characters/braum/skins/skin59/particles/braum_skin59_shield_tx_02.tex	League texture	other skin/shared; see reference graph	3079df1f381a87bc.bin
aa2d91fb94d2f636.tex	.tex	C:\Users\etqdo\Downloads\Clash Braum project\Braum.wad\aa2d91fb94d2f636.tex	Braum.wad/aa2d91fb94d2f636.tex	21884	6dea85664f47bda9c3038dc3490e1e616ef1253d9477d0fab54d6dd0d6970c4a	5445580080008000010c000123230000	aa2d91fb94d2f636	assets/characters/braum/skins/skin51/particles/braum_skin51_z_flame_ring.tex	League texture	other skin/shared; see reference graph	7a1193b055eb059a.bin
aa580b4b853f5515.skl	.skl	C:\Users\etqdo\Downloads\Clash Braum project\Braum.wad\aa580b4b853f5515.skl	Braum.wad/aa580b4b853f5515.skl	15464	bb4d651f4ad8cf7353b562a9e1c7b013fc10ebb0ed3cc674c4faca5b9a928a17	683c0000c34ffd220000000000007c00	aa580b4b853f5515	assets/characters/braum/skins/skin24/braum_skin24.skl	Skeleton, bind transforms and influence palette	other skin/shared; see reference graph	3f6a40609700ee85.bin;88b5dd6dc0e099bd.bin;8cf62c85e1e2e7f9.bin;992d3c62ff62964c.bin;a582cf4ad353f261.bin;b30d6dd1b38ee53c.bin;c5c66176cca69ad3.bin;caacae9cc35f0267.bin;d3dbd3f84a5b8600.bin
aa6104501cc720ea.tex	.tex	C:\Users\etqdo\Downloads\Clash Braum project\Braum.wad\aa6104501cc720ea.tex	Braum.wad/aa6104501cc720ea.tex	380	0e831ea548b495e5661f65333ad3e2b5b28b425f314e5d665c32a92aa8be092a	5445580010001000010c000100000000	aa6104501cc720ea	assets/spells/textures/blank.tex	League texture	other skin/shared; see reference graph	52d36b20890112f7.bin
aa82de345c400fca.tex	.tex	C:\Users\etqdo\Downloads\Clash Braum project\Braum.wad\aa82de345c400fca.tex	Braum.wad/aa82de345c400fca.tex	349556	1a5d4e6d53559e6fde0dd23a74e6702c10ae761baf93a7675b9d6249345145ac	5445580000040002010a0001e360c741	aa82de345c400fca	assets/characters/braum/skins/skin12/braum_skin12_tx_cm.tex	League texture	other skin/shared; see reference graph	ed7ecf9170cfaaf8.bin
aaee0c050c74f2ff.tex	.tex	C:\Users\etqdo\Downloads\Clash Braum project\Braum.wad\aaee0c050c74f2ff.tex	Braum.wad/aaee0c050c74f2ff.tex	21884	02c8faceb3846c42787eff4ecf4ce11743eeb34b01616ac908a192e9541f948c	5445580080008000010c0001e8e80000	aaee0c050c74f2ff	assets/characters/braum/skins/skin35/particles/braum_skin35_e_shield_mult_texture_2.tex	League texture	other skin/shared; see reference graph	399a7a520477b139.bin
aafafd3bc7327580.tex	.tex	C:\Users\etqdo\Downloads\Clash Braum project\Braum.wad\aafafd3bc7327580.tex	Braum.wad/aafafd3bc7327580.tex	43716	06c0e2bbe9f25d606b52c47a3a38160019ddae8ade932b22b70bb35fc0df8563	5445580000010001010a0001a2102108	aafafd3bc7327580	assets/characters/braum/skins/skin01/particles/braum_skin01_ba_ring_tar.tex	League texture	other skin/shared; see reference graph	fca448d5ff3861b5.bin
ab202744bef5745d.tex	.tex	C:\Users\etqdo\Downloads\Clash Braum project\Braum.wad\ab202744bef5745d.tex	Braum.wad/ab202744bef5745d.tex	87420	af3bcd2c689c1427c8ecffd7968bafc47f0a11887b9ee1100573dffc806900c5	5445580000010001010c00011d1d0000	ab202744bef5745d	assets/shared/particles/orianna_skin11_splash_2x2.tex	League texture	other skin/shared; see reference graph	ac2d2bd054d44f09.bin
ab3e3d2f6faeb62f.scb	.scb	C:\Users\etqdo\Downloads\Clash Braum project\Braum.wad\ab3e3d2f6faeb62f.scb	Braum.wad/ab3e3d2f6faeb62f.scb	14288	ce71885a35b8695dc2ea79a6853d70616a828135d8aa22eb414a469a5699f540	723364324d6573680300020000000000	ab3e3d2f6faeb62f	assets/characters/braum/skins/skin11/particles/braum_skin11_z_debuff.scb	Static mesh, commonly VFX geometry	other skin/shared; see reference graph	23b85b75eb659166.bin;2974de4048ee048b.bin;36b00af025f54940.bin;42ee6bdbfc9d170b.bin;4fe453abcf9c5181.bin;a44281cd843a8348.bin;bb8b47c7d87589f7.bin;d8a52eb470baa538.bin;e1dfd1a549890037.bin;ed7ecf9170cfaaf8.bin
ab54186978bf6123.tex	.tex	C:\Users\etqdo\Downloads\Clash Braum project\Braum.wad\ab54186978bf6123.tex	Braum.wad/ab54186978bf6123.tex	21884	5efc67260b9befaeddd189ef65da78be3e25cbd344df8602be44fb7252049caf	5445580080008000010c000154540000	ab54186978bf6123	assets/characters/braum/skins/skin51/particles/braum_skin51_r_hit_tar_slow012.tex	League texture	other skin/shared; see reference graph	07f65b37fb75e834.bin;08e5b232f3994eee.bin;3079df1f381a87bc.bin;6c66319ffa4bb738.bin;6d6176ab099f3064.bin;70c57eae58af6c94.bin;7ca837cacce9639a.bin;b511ce2cc52d55a4.bin;d01bf01d5611bc53.bin;d56c87aaf7fac0ee.bin
ab5fbb4cdcdfb2ef.bin	.bin	C:\Users\etqdo\Downloads\Clash Braum project\Braum.wad\ab5fbb4cdcdfb2ef.bin	Braum.wad/ab5fbb4cdcdfb2ef.bin	397539	8fae8a23ef8157974be21cba3ef1809dcbd67b29b29126a2ebfb1db1ea1da481	50524f50030000000000000055000000	ab5fbb4cdcdfb2ef	data/characters/braum/braum_multi_skins_skin42_skins_skin43_skins_skin44_skins_skin45_skins_skin46_skins_skin47_skins_skin48_skins_skin49_skins_skin50.bin	Property configuration and asset links	other skin/shared; see reference graph	087454f36df0c471.bin;21c14331eb9e3fdd.bin;5665076b09fc85c9.bin;60bd129d627e731e.bin;99f61b5c2dd61e45.bin;a485c4b46181b64d.bin;b4470b8fb5a238f6.bin;e4dae9eea59fb2f8.bin;fbd72592f4eee68e.bin
ab882257f4739389.tex	.tex	C:\Users\etqdo\Downloads\Clash Braum project\Braum.wad\ab882257f4739389.tex	Braum.wad/ab882257f4739389.tex	349564	678557858edd7afb89daad719f8e1b9e794595a062d0c7daaa766784e936d04b	5445580000020002010c000130300000	ab882257f4739389	assets/characters/braum/skins/skin51/particles/braum_skin51_p_skin51_00.tex	League texture	other skin/shared; see reference graph	7a1193b055eb059a.bin
ab9499d88bdbf932.tex	.tex	C:\Users\etqdo\Downloads\Clash Braum project\Braum.wad\ab9499d88bdbf932.tex	Braum.wad/ab9499d88bdbf932.tex	10948	6dba751ff0f67063b5b8e44b7240f49a8ca9e78a9cadf5f38f8b4d72eeb001ea	5445580080008000010a0001129e169d	ab9499d88bdbf932	assets/characters/braum/skins/skin51/particles/braum_skin51_w_rainbowx.tex	League texture	other skin/shared; see reference graph	07f65b37fb75e834.bin;08e5b232f3994eee.bin;3079df1f381a87bc.bin;6c66319ffa4bb738.bin;6d6176ab099f3064.bin;70c57eae58af6c94.bin;7a1193b055eb059a.bin;7ca837cacce9639a.bin;b511ce2cc52d55a4.bin;d01bf01d5611bc53.bin;d56c87aaf7fac0ee.bin
abb13bf0c51a1eba.tex	.tex	C:\Users\etqdo\Downloads\Clash Braum project\Braum.wad\abb13bf0c51a1eba.tex	Braum.wad/abb13bf0c51a1eba.tex	87420	01dd8d88050a99be449f08432e81080576bd8fcac34d599c9b1c072856ebed11	5445580000010001010c0001aeae0000	abb13bf0c51a1eba	assets/characters/braum/skins/skin24/braum_skin24_poro_tx_cm.tex	League texture	other skin/shared; see reference graph	3f6a40609700ee85.bin;88b5dd6dc0e099bd.bin;8cf62c85e1e2e7f9.bin;992d3c62ff62964c.bin;a582cf4ad353f261.bin;b30d6dd1b38ee53c.bin;c5c66176cca69ad3.bin;caacae9cc35f0267.bin;d3dbd3f84a5b8600.bin
abbe818c5e56e4f6.tex	.tex	C:\Users\etqdo\Downloads\Clash Braum project\Braum.wad\abbe818c5e56e4f6.tex	Braum.wad/abbe818c5e56e4f6.tex	21884	5aa1ec089ea65285346ae9db47c7b32e57c1ef758c6cd3b42e70ac9ba0846541	5445580080008000010c00017c7c0000	abbe818c5e56e4f6	assets/characters/braum/skins/skin51/particles/base_nova_mult.tex	League texture	other skin/shared; see reference graph	07f65b37fb75e834.bin;08e5b232f3994eee.bin;3079df1f381a87bc.bin;6c66319ffa4bb738.bin;6d6176ab099f3064.bin;70c57eae58af6c94.bin;7a1193b055eb059a.bin;7ca837cacce9639a.bin;b511ce2cc52d55a4.bin;d01bf01d5611bc53.bin;d56c87aaf7fac0ee.bin
abbfc89cd4d58f53.tex	.tex	C:\Users\etqdo\Downloads\Clash Braum project\Braum.wad\abbfc89cd4d58f53.tex	Braum.wad/abbfc89cd4d58f53.tex	21884	e0b1a1cad84ce2fe9e1818f4358e2fe93823d5832e6703c3a607193f0de47571	5445580080008000010c00011e1e0000	abbfc89cd4d58f53	assets/characters/braum/skins/skin01/particles/braum_skin01_p_cooldowntimer.tex	League texture	other skin/shared; see reference graph	fca448d5ff3861b5.bin
abdd9e28c73371d3.tex	.tex	C:\Users\etqdo\Downloads\Clash Braum project\Braum.wad\abdd9e28c73371d3.tex	Braum.wad/abdd9e28c73371d3.tex	87420	1829eda7572f48a146227f1ac9eb8e5e570dd6a77c7100ae4dac238bb530ed06	5445580000010001010c00013b3b0000	abdd9e28c73371d3	assets/characters/braum/skins/skin24/particles/braum_skin24_r_frozen_ground_02.tex	League texture	other skin/shared; see reference graph	3f6a40609700ee85.bin;88b5dd6dc0e099bd.bin;8cf62c85e1e2e7f9.bin;992d3c62ff62964c.bin;a582cf4ad353f261.bin;b30d6dd1b38ee53c.bin;c5c66176cca69ad3.bin;caacae9cc35f0267.bin;d3dbd3f84a5b8600.bin
abe7d55771f5e8ad.scb	.scb	C:\Users\etqdo\Downloads\Clash Braum project\Braum.wad\abe7d55771f5e8ad.scb	Braum.wad/abe7d55771f5e8ad.scb	10476	ffa3bc9cab13f65cd0d61007edadda7c5ec8e1b22a93e24aa1539a0da2a42f57	723364324d65736803000200653a5c72	abe7d55771f5e8ad	assets/characters/braum/skins/skin02/particles/braum_skin02_ba_hit_sphere_tar.scb	Static mesh, commonly VFX geometry	other skin/shared; see reference graph	2974de4048ee048b.bin;d0b441e03335be65.bin
ac2d2bd054d44f09.bin	.bin	C:\Users\etqdo\Downloads\Clash Braum project\Braum.wad\ac2d2bd054d44f09.bin	Braum.wad/ac2d2bd054d44f09.bin	227105	6dcfe632297d0307c741a8ca6a65d26f8b0a62d54ac0bbe8a3b67dc671b29ba7	50524f50030000000000000037000000	ac2d2bd054d44f09	data/characters/braum/braum_multi_skins_skin33_skins_skin34_skins_skin35_skins_skin36_skins_skin37_skins_skin38_skins_skin39_skins_skin40_skins_skin41.bin	Property configuration and asset links	other skin/shared; see reference graph	25c2b1d3f80a7166.bin;399a7a520477b139.bin;3a207b8680fc4f78.bin;4af4d37cc3da7630.bin;775c4474dbe4b86c.bin;cf092c39484cec07.bin;f2aa871abddf9427.bin;f5df8e88540921e0.bin;ff9b3266cfca2ba6.bin
ac2f9bb4fe977d8c.tex	.tex	C:\Users\etqdo\Downloads\Clash Braum project\Braum.wad\ac2f9bb4fe977d8c.tex	Braum.wad/ac2f9bb4fe977d8c.tex	87420	ac3c67ace754a2e2d7e47e29ca636d5e0679466648f325dcdf3c01697120ede0	5445580000010001010c000110100000	ac2f9bb4fe977d8c	assets/characters/braum/skins/skin42/particles/braum_skin42_i_ground_crack01.tex	League texture	other skin/shared; see reference graph	ab5fbb4cdcdfb2ef.bin
ac46a6806662a58e.bnk	.bnk	C:\Users\etqdo\Downloads\Clash Braum project\Braum.wad\ac46a6806662a58e.bnk	Braum.wad/ac46a6806662a58e.bnk	20055	1fd6944c6aea3a5391a33ae2e4a14508a2e723801e8ae34957384540974a0604	424b484428000000910000007ad6bd03	ac46a6806662a58e	assets/sounds/wwise2016/sfx/characters/braum/skins/skin11/braum_skin11_sfx_events.bnk	Wwise event graph or embedded audio bank	other skin/shared; see reference graph	23b85b75eb659166.bin;36b00af025f54940.bin;42ee6bdbfc9d170b.bin;4fe453abcf9c5181.bin;a44281cd843a8348.bin;bb8b47c7d87589f7.bin;d8a52eb470baa538.bin;e1dfd1a549890037.bin;ed7ecf9170cfaaf8.bin
ac491d4c23a38f5e.scb	.scb	C:\Users\etqdo\Downloads\Clash Braum project\Braum.wad\ac491d4c23a38f5e.scb	Braum.wad/ac491d4c23a38f5e.scb	24384	e628622cac4dd04d7812fcfa5555282d90720ad3ece972c89514b7cea1b7b141	723364324d6573680300020000000000	ac491d4c23a38f5e	assets/characters/braum/skins/skin24/particles/braum_skin24_e_shield_inchant_ini_01.scb	Static mesh, commonly VFX geometry	other skin/shared; see reference graph	02ab7e4623adf97e.bin
ac58e7e2fc25640c.tex	.tex	C:\Users\etqdo\Downloads\Clash Braum project\Braum.wad\ac58e7e2fc25640c.tex	Braum.wad/ac58e7e2fc25640c.tex	1398140	a6ad09d6b5e3da15a6119068ce9341b441035e280199c3f8b1574a332f2d1fb4	5445580000040004010c0001ffff0000	ac58e7e2fc25640c	assets/characters/braum/skins/skin34/braum_skin34_body_tx_cm.tex	League texture	other skin/shared; see reference graph	ff9b3266cfca2ba6.bin
ac6f2f408d5c0a1c.tex	.tex	C:\Users\etqdo\Downloads\Clash Braum project\Braum.wad\ac6f2f408d5c0a1c.tex	Braum.wad/ac6f2f408d5c0a1c.tex	43716	16628ed910cf9a1043106f14876098083976698b81f1a2216f8364f3b22c689f	5445580000010001010a000120002108	ac6f2f408d5c0a1c	assets/characters/braum/skins/skin42/particles/braum_skin42_w_shield_decal02.tex	League texture	other skin/shared; see reference graph	ab5fbb4cdcdfb2ef.bin
ac84199cdd99ce66.tex	.tex	C:\Users\etqdo\Downloads\Clash Braum project\Braum.wad\ac84199cdd99ce66.tex	Braum.wad/ac84199cdd99ce66.tex	10948	ebe4b595b254306dac6baeb5179d16eebdc9948c034437953314b2ce2020ad1c	5445580080008000010a0001e518e310	ac84199cdd99ce66	assets/characters/braum/skins/base/particles/braum_base_q_spark_cas.tex	League texture	base or shared candidate	2dc39c165f3aa923.bin
ac864c7819a8d76e.tex	.tex	C:\Users\etqdo\Downloads\Clash Braum project\Braum.wad\ac864c7819a8d76e.tex	Braum.wad/ac864c7819a8d76e.tex	21884	345dbbc145c3efc067b7c52142cbad2a3c75b2f80657679f9d776e2a3a12c26b	5445580080008000010c000155550000	ac864c7819a8d76e	assets/characters/braum/skins/skin42/particles/braum_skin42_q_frost_tail_mult_mis.tex	League texture	other skin/shared; see reference graph	ab5fbb4cdcdfb2ef.bin
acb7949ddb11eb78.tex	.tex	C:\Users\etqdo\Downloads\Clash Braum project\Braum.wad\acb7949ddb11eb78.tex	Braum.wad/acb7949ddb11eb78.tex	87420	66bebecf6de2edb60f199252c3815855039a3a841d106151c13c6816d1a4fe40	5445580000010001010c000123230000	acb7949ddb11eb78	assets/characters/braum/skins/base/particles/braum_base_p_ice_shards.tex	League texture	base or shared candidate	03e78a116663752e.bin;2dc39c165f3aa923.bin;eb9d53354a504663.bin
acbb558744072f60.tex	.tex	C:\Users\etqdo\Downloads\Clash Braum project\Braum.wad\acbb558744072f60.tex	Braum.wad/acbb558744072f60.tex	349564	034244f225eb9b9ac0ec7f4592d5a01ed27cc8931e4f8ed63c5a8039e4ce968d	5445580000020002010c0001ffff0000	acbb558744072f60	assets/characters/braum/skins/skin54/particles/braum_skin54_r_stone_01.tex	League texture	other skin/shared; see reference graph	07f65b37fb75e834.bin
ad04f0720ff1206c.skl	.skl	C:\Users\etqdo\Downloads\Clash Braum project\Braum.wad\ad04f0720ff1206c.skl	Braum.wad/ad04f0720ff1206c.skl	304	96e0b911c6fbcacb9901cd7c0d3f61611121746dd80296e38bbb187ca40ed437	30010000c34ffd220000000000000200	ad04f0720ff1206c	assets/characters/braum/skins/skin24/particles/braum_skin24_r_cake_shard_05.skl	Skeleton, bind transforms and influence palette	other skin/shared; see reference graph	3f6a40609700ee85.bin;88b5dd6dc0e099bd.bin;8cf62c85e1e2e7f9.bin;992d3c62ff62964c.bin;a582cf4ad353f261.bin;b30d6dd1b38ee53c.bin;c5c66176cca69ad3.bin;caacae9cc35f0267.bin;d3dbd3f84a5b8600.bin
ad198153b755113d.anm	.anm	C:\Users\etqdo\Downloads\Clash Braum project\Braum.wad\ad198153b755113d.anm	Braum.wad/ad198153b755113d.anm	26582	3ee4e553134fb3ee8f8dd86faf34cb5aa2ef9f03cd55ab98b6ac08e746fc00d2	72336432616e6d6405000000ca670000	ad198153b755113d	assets/characters/braum/skins/skin11/animations/braum_skin11_spell3_leapleft.anm	Animation tracks	other skin/shared; see reference graph	e43dcf714c8a2a42.bin
ad273eeea99d3015.scb	.scb	C:\Users\etqdo\Downloads\Clash Braum project\Braum.wad\ad273eeea99d3015.scb	Braum.wad/ad273eeea99d3015.scb	104512	7bb4feebf7c5ed428550b937afaeb1f56103df795d6cab388bf0c15ec0421f10	723364324d65736803000200653a5c6c	ad273eeea99d3015	assets/characters/braum/skins/skin01/particles/braum_skin01_q_ini_ring.scb	Static mesh, commonly VFX geometry	other skin/shared; see reference graph	fca448d5ff3861b5.bin
ad5d7df5bf6da575.anm	.anm	C:\Users\etqdo\Downloads\Clash Braum project\Braum.wad\ad5d7df5bf6da575.anm	Braum.wad/ad5d7df5bf6da575.anm	276	1dc84af3d8c60c105cbd885b50cc8d02b6c37c4e05123e904f1e5a1a6bf42278	7233643263616e6d0100000008010000	ad5d7df5bf6da575	assets/characters/braum/skins/skin33/particles/braum_skin33_e_leafs_firstlock.anm	Animation tracks	other skin/shared; see reference graph	25c2b1d3f80a7166.bin;399a7a520477b139.bin;3a207b8680fc4f78.bin;4af4d37cc3da7630.bin;775c4474dbe4b86c.bin;cf092c39484cec07.bin;f2aa871abddf9427.bin;f5df8e88540921e0.bin;ff9b3266cfca2ba6.bin
add1f5c468b540f3.tex	.tex	C:\Users\etqdo\Downloads\Clash Braum project\Braum.wad\add1f5c468b540f3.tex	Braum.wad/add1f5c468b540f3.tex	21884	8ba89aeb9a8ad1c99ea9fdc89b45963dcec5fb9f6bd9962dde8d3052799ea77a	5445580080008000010c000154540000	add1f5c468b540f3	assets/characters/braum/skins/skin42/particles/braum_skin42_q_hit_tar_slow.tex	League texture	other skin/shared; see reference graph	ab5fbb4cdcdfb2ef.bin
ae23186d96aef9cf.skl	.skl	C:\Users\etqdo\Downloads\Clash Braum project\Braum.wad\ae23186d96aef9cf.skl	Braum.wad/ae23186d96aef9cf.skl	14368	abb0171182b6440a1aa510b8b6bdba88997400a825ba70d0d4afffa9a29e8e95	20380000c34ffd220000000000007300	ae23186d96aef9cf	assets/characters/braum/skins/skin11/braum_skin11.skl	Skeleton, bind transforms and influence palette	other skin/shared; see reference graph	36b00af025f54940.bin;42ee6bdbfc9d170b.bin;4fe453abcf9c5181.bin;a44281cd843a8348.bin;bb8b47c7d87589f7.bin;d8a52eb470baa538.bin;ed7ecf9170cfaaf8.bin
ae7a4cd5619c3a79.tex	.tex	C:\Users\etqdo\Downloads\Clash Braum project\Braum.wad\ae7a4cd5619c3a79.tex	Braum.wad/ae7a4cd5619c3a79.tex	349564	44c1f348b6e57adb355d60e880fd7be8f85961b20b83ae8a73cbb43978ff9ba4	5445580000020002010c000108080000	ae7a4cd5619c3a79	assets/characters/braum/skins/skin32/particles/braum_skin32_q_cookie_shard.tex	League texture	other skin/shared; see reference graph	8cf62c85e1e2e7f9.bin
aebeecb31c02a4c8.skl	.skl	C:\Users\etqdo\Downloads\Clash Braum project\Braum.wad\aebeecb31c02a4c8.skl	Braum.wad/aebeecb31c02a4c8.skl	11820	30d91a30320ea106532e608f97bdcbcbc8e7e1e42790d6e4cf4d4d0e12b3b04f	2c2e0000c34ffd220000000000005f00	aebeecb31c02a4c8	assets/characters/braum/skins/skin03/braum_skin03.skl	Skeleton, bind transforms and influence palette	other skin/shared; see reference graph	03e78a116663752e.bin
aed67e301e240847.tex	.tex	C:\Users\etqdo\Downloads\Clash Braum project\Braum.wad\aed67e301e240847.tex	Braum.wad/aed67e301e240847.tex	87420	e87f1336b29979225029f1a4f16183f0e0208e29fea23943b772c74d486c29f5	5445580000010001010c000169690000	aed67e301e240847	assets/characters/braum/skins/skin54/particles/braum_skin54_r_crack_04.tex	League texture	other skin/shared; see reference graph	07f65b37fb75e834.bin
aef2a09309fa0418.tex	.tex	C:\Users\etqdo\Downloads\Clash Braum project\Braum.wad\aef2a09309fa0418.tex	Braum.wad/aef2a09309fa0418.tex	21884	8914c557297b0bcafeb8675efead55ba71ad580e83a1844953ebc4a59dc47665	5445580080008000010c00013b3b0000	aef2a09309fa0418	assets/shared/particles/3026_glow_bright.tex	League texture	other skin/shared; see reference graph	ac2d2bd054d44f09.bin
af06f9312b13677a.tex	.tex	C:\Users\etqdo\Downloads\Clash Braum project\Braum.wad\af06f9312b13677a.tex	Braum.wad/af06f9312b13677a.tex	87420	30895d8390b7126dfefdf1705451d5246f47b039bce71ba2425abbb74dbd6e69	5445580000010001010c000137370000	af06f9312b13677a	assets/characters/braum/skins/skin51/particles/item_ghostwalker_smoke.tex	League texture	other skin/shared; see reference graph	07f65b37fb75e834.bin;08e5b232f3994eee.bin;3079df1f381a87bc.bin;6c66319ffa4bb738.bin;6d6176ab099f3064.bin;70c57eae58af6c94.bin;7ca837cacce9639a.bin;b511ce2cc52d55a4.bin;d01bf01d5611bc53.bin;d56c87aaf7fac0ee.bin
af0f26f986a7f68b.tex	.tex	C:\Users\etqdo\Downloads\Clash Braum project\Braum.wad\af0f26f986a7f68b.tex	Braum.wad/af0f26f986a7f68b.tex	87420	bdcd22aa4078d220c7c0dd0ebae14bfb9a5d159abd6e23fb39b5005d728b2ca5	5445580000010001010c00017a7a0000	af0f26f986a7f68b	assets/characters/braum/skins/skin01/particles/braum_skin01_i_crack_noise_mult.tex	League texture	other skin/shared; see reference graph	1eb4979be4e9320c.bin;26fe02fb42fe5d0f.bin;3e345a7cf645a903.bin;4b8cf46e9a27ff51.bin;4fed391540044397.bin;5d7e7a1984eb745d.bin;69066dbc18657bec.bin;7b9824cbef34ed4d.bin;812e1da9fe14f1ec.bin;a497a5055810256b.bin;d0b441e03335be65.bin;e250f290f6212f81.bin;fca448d5ff3861b5.bin
af25422a838fb22f.scb	.scb	C:\Users\etqdo\Downloads\Clash Braum project\Braum.wad\af25422a838fb22f.scb	Braum.wad/af25422a838fb22f.scb	28096	a7f46f31a8799408e8189855f5ec3aa7021126b8399abe462c996b02c7b534eb	723364324d65736803000200653a5c72	af25422a838fb22f	assets/characters/braum/skins/skin51/particles/braum_skin51_ba_trail_02.scb	Static mesh, commonly VFX geometry	other skin/shared; see reference graph	7a1193b055eb059a.bin
af2e8e218e01d729.tex	.tex	C:\Users\etqdo\Downloads\Clash Braum project\Braum.wad\af2e8e218e01d729.tex	Braum.wad/af2e8e218e01d729.tex	21884	a3e9f2174294b80b20f155c65e1a352a381bb6440e607f3773d5bc28d612145b	5445580080008000010c000153530000	af2e8e218e01d729	assets/characters/braum/skins/skin33/particles/braum_skin33_r_waves_2.tex	League texture	other skin/shared; see reference graph	25c2b1d3f80a7166.bin;399a7a520477b139.bin;3a207b8680fc4f78.bin;4af4d37cc3da7630.bin;775c4474dbe4b86c.bin;cf092c39484cec07.bin;f2aa871abddf9427.bin;f5df8e88540921e0.bin;ff9b3266cfca2ba6.bin
af80121ba098b2c7.tex	.tex	C:\Users\etqdo\Downloads\Clash Braum project\Braum.wad\af80121ba098b2c7.tex	Braum.wad/af80121ba098b2c7.tex	87420	b597308bb48a8c452e3f427b2f5ce1000a2f8e6897a5df2c91e656c57e1ca0b7	5445580000010001010c00014d4d0000	af80121ba098b2c7	assets/characters/braum/skins/skin24/particles/braum_skin24_i_smoke_seq.tex	League texture	other skin/shared; see reference graph	02ab7e4623adf97e.bin
af85f025b200b4a0.tex	.tex	C:\Users\etqdo\Downloads\Clash Braum project\Braum.wad\af85f025b200b4a0.tex	Braum.wad/af85f025b200b4a0.tex	87420	aac61407485999a0ff630cf5bd3a6ee3fbfddd03ff27705aab4447195b313022	5445580000010001010c000129290000	af85f025b200b4a0	assets/characters/braum/skins/skin24/particles/chocolate_plash_shield.tex	League texture	other skin/shared; see reference graph	02ab7e4623adf97e.bin
afac4d1f90880f11	[none]	C:\Users\etqdo\Downloads\Clash Braum project\Braum.wad\afac4d1f90880f11	Braum.wad/afac4d1f90880f11	8517	5cf07a3068bb4d213f0422fa087e818e650a1d9fbdeb37258bac159fdab89cae	010200000100010018000b0000000001	afac4d1f90880f11		Unknown; inspect magic	other skin/shared; see reference graph	
afaf1735ef56f142.tex	.tex	C:\Users\etqdo\Downloads\Clash Braum project\Braum.wad\afaf1735ef56f142.tex	Braum.wad/afaf1735ef56f142.tex	5500	823941857a0837ae65a721b879433c98741e9a94f1571db4968fe8c33da3f35c	5445580040004000010c00014e4e0000	afaf1735ef56f142	assets/characters/braum/skins/skin51/particles/braum_skin51_w_distort_rgba.tex	League texture	other skin/shared; see reference graph	07f65b37fb75e834.bin;08e5b232f3994eee.bin;3079df1f381a87bc.bin;6c66319ffa4bb738.bin;6d6176ab099f3064.bin;70c57eae58af6c94.bin;7a1193b055eb059a.bin;7ca837cacce9639a.bin;b511ce2cc52d55a4.bin;d01bf01d5611bc53.bin;d56c87aaf7fac0ee.bin
afbb27b711667178.scb	.scb	C:\Users\etqdo\Downloads\Clash Braum project\Braum.wad\afbb27b711667178.scb	Braum.wad/afbb27b711667178.scb	57820	4dde489412a3cae8750175264f8b15fdb92026496b50b1f5068703b2b50a949e	723364324d65736802000200653a5c72	afbb27b711667178	assets/characters/braum/skins/base/particles/braum_base_e_block_shock.scb	Static mesh, commonly VFX geometry	base or shared candidate	2974de4048ee048b.bin;2dc39c165f3aa923.bin;f63b31a3da327a4f.bin
afe9550f2fe4b115.anm	.anm	C:\Users\etqdo\Downloads\Clash Braum project\Braum.wad\afe9550f2fe4b115.anm	Braum.wad/afe9550f2fe4b115.anm	114400	3d3a5db48e47d55fc6e81dfe0093041f0ce0fe2c1f1f3b401a2191c7b439398c	7233643263616e6d01000000d4be0100	afe9550f2fe4b115	assets/characters/braum/skins/skin11/animations/braum_laugh.anm	Animation tracks	other skin/shared; see reference graph	e43dcf714c8a2a42.bin
afeec39576158b0a.tex	.tex	C:\Users\etqdo\Downloads\Clash Braum project\Braum.wad\afeec39576158b0a.tex	Braum.wad/afeec39576158b0a.tex	87420	5308db28c060ef2b8a9b7d69f5d3def5da174b9ef0a9c75abfcbd559a67216c5	5445580000010001010c00011f1f0000	afeec39576158b0a	assets/characters/braum/skins/skin51/particles/braum_skin51_decal_10.tex	League texture	other skin/shared; see reference graph	7a1193b055eb059a.bin
affb4e2ee0f1cd01.bnk	.bnk	C:\Users\etqdo\Downloads\Clash Braum project\Braum.wad\affb4e2ee0f1cd01.bnk	Braum.wad/affb4e2ee0f1cd01.bnk	909825	e299fa2b26b976f46ee8db6a0da494d71aed4b7ef666c367e61a1edcf56169f5	424b48443400000091000000fd3a3c8c	affb4e2ee0f1cd01	assets/sounds/wwise2016/sfx/characters/braum/skins/skin02/braum_skin02_sfx_audio.bnk	Wwise event graph or embedded audio bank	other skin/shared; see reference graph	d0b441e03335be65.bin
b04e0ec942567468.tex	.tex	C:\Users\etqdo\Downloads\Clash Braum project\Braum.wad\b04e0ec942567468.tex	Braum.wad/b04e0ec942567468.tex	43716	bd09207647ad9030dcba53f96fa34fd999e66732fce76112ed4f67827cc991e3	5445580000010001010a000160206010	b04e0ec942567468	assets/characters/braum/skins/skin01/particles/braum_skin01_w_ground_shield_decal.tex	League texture	other skin/shared; see reference graph	fca448d5ff3861b5.bin
b0581ff0fe20ce45.tex	.tex	C:\Users\etqdo\Downloads\Clash Braum project\Braum.wad\b0581ff0fe20ce45.tex	Braum.wad/b0581ff0fe20ce45.tex	349564	f253dd5418dce5564fd1db735c605046d939f109587728085dc853b6c018013e	5445580000020002010c0001fafa0000	b0581ff0fe20ce45	assets/characters/braum/skins/skin39/braum_skin39_crab_tx_cm.tex	League texture	other skin/shared; see reference graph	cf092c39484cec07.bin
b0aa9db75eb90ba5.tex	.tex	C:\Users\etqdo\Downloads\Clash Braum project\Braum.wad\b0aa9db75eb90ba5.tex	Braum.wad/b0aa9db75eb90ba5.tex	21884	783a343d6f97b7464df2180b11147240691e3351c73a3200abcce362d508fde3	5445580080008000010c000118180000	b0aa9db75eb90ba5	assets/characters/braum/skins/skin51/particles/braum_skin51_z_046r_aoe_decal_side2.tex	League texture	other skin/shared; see reference graph	7a1193b055eb059a.bin
b0c7cad74dfc261e.tex	.tex	C:\Users\etqdo\Downloads\Clash Braum project\Braum.wad\b0c7cad74dfc261e.tex	Braum.wad/b0c7cad74dfc261e.tex	87420	ad4bde6d29fa7ab79732b433dba3c0949003c3ed2ed50328136f3e25ac5313d2	5445580000010001010c000163630000	b0c7cad74dfc261e	assets/characters/braum/skins/skin10/particles/braum_skin10_r_ground_crack_02.tex	League texture	other skin/shared; see reference graph	f63b31a3da327a4f.bin
b101caa524eb5d20.tex	.tex	C:\Users\etqdo\Downloads\Clash Braum project\Braum.wad\b101caa524eb5d20.tex	Braum.wad/b101caa524eb5d20.tex	87420	6521948dc4e06a64e42570c5f4e8f7727303c71553464efe16517f02ecd4d063	5445580000010001010c0001fdfd0000	b101caa524eb5d20	assets/characters/braum/skins/base/particles/braum_base_ba_solar_circle.tex	League texture	base or shared candidate	2974de4048ee048b.bin;2dc39c165f3aa923.bin;f63b31a3da327a4f.bin
b118043a8d99536d.tex	.tex	C:\Users\etqdo\Downloads\Clash Braum project\Braum.wad\b118043a8d99536d.tex	Braum.wad/b118043a8d99536d.tex	43716	d542d409ee48084aea6ccd4379d9ce517f709feb40f9ddf5b6ed0d51e194ca9b	5445580000010001010a000162106100	b118043a8d99536d	assets/characters/braum/skins/skin51/particles/starfilter_basic.tex	League texture	other skin/shared; see reference graph	07f65b37fb75e834.bin;08e5b232f3994eee.bin;3079df1f381a87bc.bin;6c66319ffa4bb738.bin;6d6176ab099f3064.bin;70c57eae58af6c94.bin;7a1193b055eb059a.bin;7ca837cacce9639a.bin;b511ce2cc52d55a4.bin;d01bf01d5611bc53.bin;d56c87aaf7fac0ee.bin
b122c3017dfbedd7.tex	.tex	C:\Users\etqdo\Downloads\Clash Braum project\Braum.wad\b122c3017dfbedd7.tex	Braum.wad/b122c3017dfbedd7.tex	21884	ea182ac292f888dd2cff57ba3765605a42835fb5a108c91802ea40310af1853b	5445580080008000010c00012a2a0000	b122c3017dfbedd7	assets/characters/braum/skins/skin51/particles/braum_skin51_z_ground2_aoering.tex	League texture	other skin/shared; see reference graph	7a1193b055eb059a.bin
b12d63680023a3cb.tex	.tex	C:\Users\etqdo\Downloads\Clash Braum project\Braum.wad\b12d63680023a3cb.tex	Braum.wad/b12d63680023a3cb.tex	21884	1ab3fae2f24136608b7fb52d6782da96267edbdf722839fd1caa84f4183090b1	5445580080008000010c000167670000	b12d63680023a3cb	assets/characters/braum/skins/skin33/particles/braum_skin33_p_water_hit.tex	League texture	other skin/shared; see reference graph	ac2d2bd054d44f09.bin
b1302b3553a4aad4.tex	.tex	C:\Users\etqdo\Downloads\Clash Braum project\Braum.wad\b1302b3553a4aad4.tex	Braum.wad/b1302b3553a4aad4.tex	349564	5710bfa929254c2786a455f97d98be3ac483d62640dd982101586f8142519ba7	5445580000020002010c00010d0d0000	b1302b3553a4aad4	assets/characters/braum/skins/skin11/particles/braum_skin11_recall_cracksdark.tex	League texture	other skin/shared; see reference graph	2974de4048ee048b.bin
b15105873d006e89.tex	.tex	C:\Users\etqdo\Downloads\Clash Braum project\Braum.wad\b15105873d006e89.tex	Braum.wad/b15105873d006e89.tex	21884	ecb0b6217daa22a3de11cbbe88c6dee01a994fb1852a9828cf5ec6fe6f054651	5445580080008000010c000147470000	b15105873d006e89	assets/characters/braum/skins/base/particles/braum_base_i_clumps.tex	League texture	base or shared candidate	2974de4048ee048b.bin;2ac87759d2643dea.bin;d0b441e03335be65.bin;f2ef4463d62600e6.bin;fca448d5ff3861b5.bin
b17190a1eab5b82a.anm	.anm	C:\Users\etqdo\Downloads\Clash Braum project\Braum.wad\b17190a1eab5b82a.anm	Braum.wad/b17190a1eab5b82a.anm	14104	d44c5cbcb736d5a3c80345db42d37f3f91b7414580955d253b6a00a1633fce91	72336432616e6d64050000000c370000	b17190a1eab5b82a	assets/characters/braum/skins/skin10/animations/braum_skin04_homeguard_out.anm	Animation tracks	other skin/shared; see reference graph	57bea13d59e2af1a.bin
b1ea1860fb6b29ce.tex	.tex	C:\Users\etqdo\Downloads\Clash Braum project\Braum.wad\b1ea1860fb6b29ce.tex	Braum.wad/b1ea1860fb6b29ce.tex	87420	45e05270cab24d733ce20d6a8caf9de9ce3f7f650c48d6ea42577d1293ec5bbc	5445580000010001010c00011a1a0000	b1ea1860fb6b29ce	assets/characters/braum/skins/skin42/particles/braum_skin42_ba_spikes_tar.tex	League texture	other skin/shared; see reference graph	ab5fbb4cdcdfb2ef.bin
b1f2faae89284fad.tex	.tex	C:\Users\etqdo\Downloads\Clash Braum project\Braum.wad\b1f2faae89284fad.tex	Braum.wad/b1f2faae89284fad.tex	86252	d611db4b4e532dd78d5645f781dfc6a0a42434997ffbbf17f5bac470a612e510	5445580034013002010a000001000000	b1f2faae89284fad	assets/characters/braum/skins/skin01/braumloadscreen_1.tex	League texture	other skin/shared; see reference graph	1eb4979be4e9320c.bin;26fe02fb42fe5d0f.bin;3e345a7cf645a903.bin;4b8cf46e9a27ff51.bin;4fed391540044397.bin;5d7e7a1984eb745d.bin;69066dbc18657bec.bin;7b9824cbef34ed4d.bin;812e1da9fe14f1ec.bin;a497a5055810256b.bin;e250f290f6212f81.bin
b21191c57259d667.scb	.scb	C:\Users\etqdo\Downloads\Clash Braum project\Braum.wad\b21191c57259d667.scb	Braum.wad/b21191c57259d667.scb	16752	548c666a791b9f821dc92e7e0554886206ad9c81eaab14b18976404659c35ba7	723364324d6573680300020000000000	b21191c57259d667	assets/characters/braum/skins/skin24/particles/braum_skin24_e_shield_inchant_01.scb	Static mesh, commonly VFX geometry	other skin/shared; see reference graph	3f6a40609700ee85.bin;88b5dd6dc0e099bd.bin;8cf62c85e1e2e7f9.bin;992d3c62ff62964c.bin;a582cf4ad353f261.bin;b30d6dd1b38ee53c.bin;c5c66176cca69ad3.bin;caacae9cc35f0267.bin;d3dbd3f84a5b8600.bin
b234b05311bc4d97.tex	.tex	C:\Users\etqdo\Downloads\Clash Braum project\Braum.wad\b234b05311bc4d97.tex	Braum.wad/b234b05311bc4d97.tex	87420	a57216240689e11508e0f96c0e9bd040d9f5c5244218c92db80b8db976bd33a7	5445580000010001010c000132320000	b234b05311bc4d97	assets/characters/braum/skins/skin42/particles/braum_skin42_e_shield_ground01.tex	League texture	other skin/shared; see reference graph	ab5fbb4cdcdfb2ef.bin
b24ffcfd8213fa09.tex	.tex	C:\Users\etqdo\Downloads\Clash Braum project\Braum.wad\b24ffcfd8213fa09.tex	Braum.wad/b24ffcfd8213fa09.tex	87420	7c1cac12023ca881bbfd2a08af22fe1d80d23b7a376b05eb77801fc6eabff47d	5445580000010001010c00014d4d0000	b24ffcfd8213fa09	assets/characters/braum/skins/skin42/particles/braum_skin42_recall_spark03.tex	League texture	other skin/shared; see reference graph	ab5fbb4cdcdfb2ef.bin
b2fd67d86230c876.skl	.skl	C:\Users\etqdo\Downloads\Clash Braum project\Braum.wad\b2fd67d86230c876.skl	Braum.wad/b2fd67d86230c876.skl	192	563ae2aa4a1a3ff471d10e2808db0aee22a47a95f2ce40fa30f1bf0ac55b77d8	c0000000c34ffd220000000000000100	b2fd67d86230c876	assets/characters/braum/skins/skin51/particles/braum_skin51_st_anim022.skl	Skeleton, bind transforms and influence palette	other skin/shared; see reference graph	07f65b37fb75e834.bin;08e5b232f3994eee.bin;3079df1f381a87bc.bin;6c66319ffa4bb738.bin;6d6176ab099f3064.bin;70c57eae58af6c94.bin;7ca837cacce9639a.bin;b511ce2cc52d55a4.bin;d01bf01d5611bc53.bin;d56c87aaf7fac0ee.bin
b30d6dd1b38ee53c.bin	.bin	C:\Users\etqdo\Downloads\Clash Braum project\Braum.wad\b30d6dd1b38ee53c.bin	Braum.wad/b30d6dd1b38ee53c.bin	120648	c865d0c22262f839ae2667dade55c7128aebc85594931913d8c855a08a3828cb	50524f50030000000800000031024441	b30d6dd1b38ee53c	data/characters/braum/skins/skin26.bin	Property configuration and asset links	other skin/shared; see reference graph	
b3230c9f4cd4adb0.tex	.tex	C:\Users\etqdo\Downloads\Clash Braum project\Braum.wad\b3230c9f4cd4adb0.tex	Braum.wad/b3230c9f4cd4adb0.tex	87420	cd33d3bbee7ab3dd849eb0a693d1cb9eff792f88333f8b01ed819845f8b39b58	5445580000010001010c0001afaf0000	b3230c9f4cd4adb0	assets/characters/braum/skins/skin51/particles/braum_skin51_e_shield_first_block_shatter.tex	League texture	other skin/shared; see reference graph	07f65b37fb75e834.bin;08e5b232f3994eee.bin;3079df1f381a87bc.bin;6c66319ffa4bb738.bin;6d6176ab099f3064.bin;70c57eae58af6c94.bin;7ca837cacce9639a.bin;b511ce2cc52d55a4.bin;d01bf01d5611bc53.bin;d56c87aaf7fac0ee.bin
b387d7768db4f17a.scb	.scb	C:\Users\etqdo\Downloads\Clash Braum project\Braum.wad\b387d7768db4f17a.scb	Braum.wad/b387d7768db4f17a.scb	5578	97651e8c5c7ba6fcc41a3d2de1963cb0e35f16647b532892c339cc76c648f863	723364324d6573680300020000000000	b387d7768db4f17a	assets/characters/braum/skins/skin42/particles/braum_skin42_p_ice_shards.scb	Static mesh, commonly VFX geometry	other skin/shared; see reference graph	ab5fbb4cdcdfb2ef.bin
b38b0ef1f27c5768.skn	.skn	C:\Users\etqdo\Downloads\Clash Braum project\Braum.wad\b38b0ef1f27c5768.skn	Braum.wad/b38b0ef1f27c5768.skn	2536	f2b1fc99568ab2013f3d51e5b5aef69c9051bfd30b0bdb994a9833ef2a678b62	3322110004000100010000006c616d62	b38b0ef1f27c5768	assets/characters/braum/skins/skin51/particles/braum_skin51_st_anim0111.skn	Skinned mesh with submeshes and vertex weights	other skin/shared; see reference graph	07f65b37fb75e834.bin;08e5b232f3994eee.bin;3079df1f381a87bc.bin;6c66319ffa4bb738.bin;6d6176ab099f3064.bin;70c57eae58af6c94.bin;7ca837cacce9639a.bin;b511ce2cc52d55a4.bin;d01bf01d5611bc53.bin;d56c87aaf7fac0ee.bin
b3b3743247ceb74d.skn	.skn	C:\Users\etqdo\Downloads\Clash Braum project\Braum.wad\b3b3743247ceb74d.skn	Braum.wad/b3b3743247ceb74d.skn	483740	c9746e792c07f2bb401128f696abd2b9eaec8fc789006c75608d105586dcd2cd	33221100040001000200000042726175	b3b3743247ceb74d	assets/characters/braum/skins/skin01/braum_skin01.skn	Skinned mesh with submeshes and vertex weights	other skin/shared; see reference graph	1eb4979be4e9320c.bin;26fe02fb42fe5d0f.bin;3e345a7cf645a903.bin;4b8cf46e9a27ff51.bin;4fed391540044397.bin;5d7e7a1984eb745d.bin;69066dbc18657bec.bin;7b9824cbef34ed4d.bin;812e1da9fe14f1ec.bin;a497a5055810256b.bin;e250f290f6212f81.bin
b3ebe30223182d3f.anm	.anm	C:\Users\etqdo\Downloads\Clash Braum project\Braum.wad\b3ebe30223182d3f.anm	Braum.wad/b3ebe30223182d3f.anm	876	666bcab12d26ea6bcd1daca6af4294ea4440fae9f3facf64e46fa1ec261683fa	7233643263616e6d0100000060030000	b3ebe30223182d3f	assets/characters/braum/skins/skin51/particles/braum_skin51_st_anim0111.anm	Animation tracks	other skin/shared; see reference graph	07f65b37fb75e834.bin;08e5b232f3994eee.bin;3079df1f381a87bc.bin;6c66319ffa4bb738.bin;6d6176ab099f3064.bin;70c57eae58af6c94.bin;7ca837cacce9639a.bin;b511ce2cc52d55a4.bin;d01bf01d5611bc53.bin;d56c87aaf7fac0ee.bin
b4470b8fb5a238f6.bin	.bin	C:\Users\etqdo\Downloads\Clash Braum project\Braum.wad\b4470b8fb5a238f6.bin	Braum.wad/b4470b8fb5a238f6.bin	11080	9fc55bfb3cdcf13c5e39067a60149bbe7f1415213ce4ddc1e60c4b9b25f6b243	50524f5003000000040000009a004441	b4470b8fb5a238f6	data/characters/braum/skins/skin46.bin	Property configuration and asset links	other skin/shared; see reference graph	
b45fa971428e33ca.tex	.tex	C:\Users\etqdo\Downloads\Clash Braum project\Braum.wad\b45fa971428e33ca.tex	Braum.wad/b45fa971428e33ca.tex	43716	d696708a9c4c135993adc35a49bb06bc09faf366c68fb153326fcd42e6328a52	5445580000010001010a00010128e308	b45fa971428e33ca	assets/characters/braum/skins/skin11/particles/braum_skin11_z_sparkleglow.tex	League texture	other skin/shared; see reference graph	23b85b75eb659166.bin;2974de4048ee048b.bin;36b00af025f54940.bin;42ee6bdbfc9d170b.bin;4fe453abcf9c5181.bin;a44281cd843a8348.bin;bb8b47c7d87589f7.bin;d8a52eb470baa538.bin;e1dfd1a549890037.bin;ed7ecf9170cfaaf8.bin
b4d286d17e780bd2.tex	.tex	C:\Users\etqdo\Downloads\Clash Braum project\Braum.wad\b4d286d17e780bd2.tex	Braum.wad/b4d286d17e780bd2.tex	532	5d09aa2758671df772c6f39611c7ac96a2609b6b10991260ba0d6ce3127f8c6b	5445580080000400010a00019ce79fff	b4d286d17e780bd2	assets/shared/particles/defaultfalloff.tex	League texture	other skin/shared; see reference graph	
b508aef7baad140a.scb	.scb	C:\Users\etqdo\Downloads\Clash Braum project\Braum.wad\b508aef7baad140a.scb	Braum.wad/b508aef7baad140a.scb	34784	aad28a753f850ea47d91da3b0f54304a131c6724b98bc084e87ee62e1ea72d62	723364324d65736803000200653a5c72	b508aef7baad140a	assets/characters/braum/skins/skin42/particles/braum_skin42_braum_base_e_shield_inchant_ini.scb	Static mesh, commonly VFX geometry	other skin/shared; see reference graph	ab5fbb4cdcdfb2ef.bin
b511ce2cc52d55a4.bin	.bin	C:\Users\etqdo\Downloads\Clash Braum project\Braum.wad\b511ce2cc52d55a4.bin	Braum.wad/b511ce2cc52d55a4.bin	230998	f614d66b46e21f34cf3489a3cacb4320161191624f0f6758c6be3ce088618604	50524f5003000000040000003f034441	b511ce2cc52d55a4	data/characters/braum/skins/skin57.bin	Property configuration and asset links	other skin/shared; see reference graph	
b517531073e710b2.tex	.tex	C:\Users\etqdo\Downloads\Clash Braum project\Braum.wad\b517531073e710b2.tex	Braum.wad/b517531073e710b2.tex	43716	3e3bac680ab71981ab46578abf914c86e1a0b2aa061aef0d65f2b4710fa710c1	5445580000010001010a00010420a000	b517531073e710b2	assets/characters/braum/skins/skin51/particles/braum_skin51_flash_02.tex	League texture	other skin/shared; see reference graph	07f65b37fb75e834.bin;08e5b232f3994eee.bin;3079df1f381a87bc.bin;6c66319ffa4bb738.bin;6d6176ab099f3064.bin;70c57eae58af6c94.bin;7a1193b055eb059a.bin;7ca837cacce9639a.bin;b511ce2cc52d55a4.bin;d01bf01d5611bc53.bin;d56c87aaf7fac0ee.bin
b520e3fd11b0fae6.anm	.anm	C:\Users\etqdo\Downloads\Clash Braum project\Braum.wad\b520e3fd11b0fae6.anm	Braum.wad/b520e3fd11b0fae6.anm	39440	aa7384abc4e5a3ea380dbd46854e30409b4b2f8f774b20678c94e71f44cb3604	7233643263616e6d01000000049a0000	b520e3fd11b0fae6	assets/characters/braum/skins/skin11/animations/braum_spell3_run90.anm	Animation tracks	other skin/shared; see reference graph	e43dcf714c8a2a42.bin
b5629836cd087585.dds	.dds	C:\Users\etqdo\Downloads\Clash Braum project\Braum.wad\b5629836cd087585.dds	Braum.wad/b5629836cd087585.dds	2176	09f7ab0991eeffb80bb6864331756a9a681acc8c5654f0e508e28bfffb53a40c	444453207c0000000710080040000000	b5629836cd087585	assets/spells/icons2d/gemknight_shatter.dds	DirectDraw texture	other skin/shared; see reference graph	
b58fd49c664ce45a.tex	.tex	C:\Users\etqdo\Downloads\Clash Braum project\Braum.wad\b58fd49c664ce45a.tex	Braum.wad/b58fd49c664ce45a.tex	5500	e87326aa650e5491a5213fece9ebd1b1adb0a252449a8fdfeb95f59aa62f9119	5445580040004000010c0001cece0000	b58fd49c664ce45a	assets/characters/braum/skins/skin02/particles/braum_skin02_w_ice_shard_rgba.tex	League texture	other skin/shared; see reference graph	2974de4048ee048b.bin;d0b441e03335be65.bin
b59cd106a06fceaf.tex	.tex	C:\Users\etqdo\Downloads\Clash Braum project\Braum.wad\b59cd106a06fceaf.tex	Braum.wad/b59cd106a06fceaf.tex	87420	be00af6a22881ca19c1204e8fbc2f2aa77b9f22507fd85db9af9ce0aeb73b0e3	5445580000010001010c000116160000	b59cd106a06fceaf	assets/characters/braum/skins/skin02/particles/braum_skin02_r_knockup_arrow.tex	League texture	other skin/shared; see reference graph	d0b441e03335be65.bin
b5b5e4b3ac310a75.tex	.tex	C:\Users\etqdo\Downloads\Clash Braum project\Braum.wad\b5b5e4b3ac310a75.tex	Braum.wad/b5b5e4b3ac310a75.tex	10948	a36fcc868aa7849401781536996647e9bc2963baf2a5cf65ef30606a5d35f0ab	5445580080008000010a000142084200	b5b5e4b3ac310a75	assets/characters/braum/skins/base/particles/braum_base_i_shield_blue_glow.tex	League texture	base or shared candidate	03e78a116663752e.bin;a3a397bd08e96cae.bin
b5e1e86c86dba518.anm	.anm	C:\Users\etqdo\Downloads\Clash Braum project\Braum.wad\b5e1e86c86dba518.anm	Braum.wad/b5e1e86c86dba518.anm	108580	bf8324b7b1d4526847cc1cae8a79da429e524d30d625c49b0cd9c63aa1cdc036	7233643263616e6d0100000018a80100	b5e1e86c86dba518	assets/characters/braum/skins/skin11/animations/braum_recall_return.anm	Animation tracks	other skin/shared; see reference graph	e43dcf714c8a2a42.bin
b6153bf2994bd334.tex	.tex	C:\Users\etqdo\Downloads\Clash Braum project\Braum.wad\b6153bf2994bd334.tex	Braum.wad/b6153bf2994bd334.tex	43716	511b0fd4c2cd6723308fd46c6aec4d5db247b6fd220d7071f55b3cc61e8b8044	5445580000010001010a0001c228c028	b6153bf2994bd334	assets/characters/braum/skins/skin02/particles/braum_skin02_p_flash_tar.tex	League texture	other skin/shared; see reference graph	2974de4048ee048b.bin;d0b441e03335be65.bin
b618cc7c17d67ae6.tex	.tex	C:\Users\etqdo\Downloads\Clash Braum project\Braum.wad\b618cc7c17d67ae6.tex	Braum.wad/b618cc7c17d67ae6.tex	10948	a0a8487833f778208939294cb15fe2d452574cc047d47abf39623b9872f48ac6	5445580080008000010a000182108110	b618cc7c17d67ae6	assets/characters/braum/skins/skin51/particles/braum_skin51_ba_hit_beams_4x1.tex	League texture	other skin/shared; see reference graph	07f65b37fb75e834.bin;08e5b232f3994eee.bin;3079df1f381a87bc.bin;6c66319ffa4bb738.bin;6d6176ab099f3064.bin;70c57eae58af6c94.bin;7ca837cacce9639a.bin;b511ce2cc52d55a4.bin;d01bf01d5611bc53.bin;d56c87aaf7fac0ee.bin
b6857a2a1b834101.anm	.anm	C:\Users\etqdo\Downloads\Clash Braum project\Braum.wad\b6857a2a1b834101.anm	Braum.wad/b6857a2a1b834101.anm	19196	627191d8c5a6f3a441c1ea6555db468c6f5027546bffe358f6447c4220d8f301	72336432616e6d6405000000f04a0000	b6857a2a1b834101	assets/characters/braum/skins/base/animations/braum_spell2.anm	Animation tracks	base or shared candidate	0b01eaec2c944f55.bin;57bea13d59e2af1a.bin;5e21202a9a0cef1a.bin;6c0cf3da2d377385.bin;72028fe917890575.bin;aa0aa8a7dd53a131.bin;d0fe19959c26552d.bin;de78a7f6bf5c9803.bin;e43dcf714c8a2a42.bin
b698277fa5d229c4.tex	.tex	C:\Users\etqdo\Downloads\Clash Braum project\Braum.wad\b698277fa5d229c4.tex	Braum.wad/b698277fa5d229c4.tex	87420	7947490d0fecd2872528caf8dcb7c66eb2de684fb7d93cb0875406446cfdb4da	5445580000010001010c00019b9b0000	b698277fa5d229c4	assets/characters/braum/skins/skin42/particles/braum_skin42_r_oil03.tex	League texture	other skin/shared; see reference graph	ab5fbb4cdcdfb2ef.bin
b6bc64ce501745d1.tex	.tex	C:\Users\etqdo\Downloads\Clash Braum project\Braum.wad\b6bc64ce501745d1.tex	Braum.wad/b6bc64ce501745d1.tex	10948	acf3ed1e18e1b200578b580c7f25e5cbcbd976a4a4f1028469d8e4a5d693b11b	5445580080008000010a0001aa52e841	b6bc64ce501745d1	assets/characters/braum/skins/skin42/particles/braum_skin42_niose01_01_01.tex	League texture	other skin/shared; see reference graph	ab5fbb4cdcdfb2ef.bin
b6c0d34bc77a6327.skn	.skn	C:\Users\etqdo\Downloads\Clash Braum project\Braum.wad\b6c0d34bc77a6327.skn	Braum.wad/b6c0d34bc77a6327.skn	1300	c241c7f69b8cc3ca41e0f1f48c64d7691ee519a9387e4bc959f6790223ecada8	33221100040001000100000070617374	b6c0d34bc77a6327	assets/characters/braum/skins/skin24/particles/braum_skin24_r_cake_shard_03.skn	Skinned mesh with submeshes and vertex weights	other skin/shared; see reference graph	3f6a40609700ee85.bin;88b5dd6dc0e099bd.bin;8cf62c85e1e2e7f9.bin;992d3c62ff62964c.bin;a582cf4ad353f261.bin;b30d6dd1b38ee53c.bin;c5c66176cca69ad3.bin;caacae9cc35f0267.bin;d3dbd3f84a5b8600.bin
b6e4e03b1be3375e.tex	.tex	C:\Users\etqdo\Downloads\Clash Braum project\Braum.wad\b6e4e03b1be3375e.tex	Braum.wad/b6e4e03b1be3375e.tex	87420	73d7789479d27dde453e2f2263e41ba9f6784abfa2ab7ba6cea82ffcd6590852	5445580000010001010c000105050000	b6e4e03b1be3375e	assets/characters/braum/skins/skin02/particles/braum_skin02_r_dirt_spatter.tex	League texture	other skin/shared; see reference graph	d0b441e03335be65.bin
b6f103434c61c692.tex	.tex	C:\Users\etqdo\Downloads\Clash Braum project\Braum.wad\b6f103434c61c692.tex	Braum.wad/b6f103434c61c692.tex	87420	6521948dc4e06a64e42570c5f4e8f7727303c71553464efe16517f02ecd4d063	5445580000010001010c0001fdfd0000	b6f103434c61c692	assets/characters/braum/skins/skin10/particles/braum_base_ba_solar_circle.tex	League texture	other skin/shared; see reference graph	2974de4048ee048b.bin;2dc39c165f3aa923.bin
b70ac77a12195704.scb	.scb	C:\Users\etqdo\Downloads\Clash Braum project\Braum.wad\b70ac77a12195704.scb	Braum.wad/b70ac77a12195704.scb	34784	e1b85a332d9036701f0e51c51b6024679972256d165dd492264a1acc41a81129	723364324d65736803000200653a5c72	b70ac77a12195704	assets/characters/braum/skins/skin02/particles/braum_skin02_e_shield_inchant.scb	Static mesh, commonly VFX geometry	other skin/shared; see reference graph	d0b441e03335be65.bin
b71793497a11d3f7.tex	.tex	C:\Users\etqdo\Downloads\Clash Braum project\Braum.wad\b71793497a11d3f7.tex	Braum.wad/b71793497a11d3f7.tex	174788	470970039ba4efeeb4e5363d73474166cffc4ea244f95ef6422fafb2472f3553	5445580000020002010a0001ed73ed72	b71793497a11d3f7	assets/characters/braum/skins/skin33/braum_skin33_poro_tx_cm.tex	League texture	other skin/shared; see reference graph	3a207b8680fc4f78.bin
b72125b7da4ba3f9.tex	.tex	C:\Users\etqdo\Downloads\Clash Braum project\Braum.wad\b72125b7da4ba3f9.tex	Braum.wad/b72125b7da4ba3f9.tex	43716	40094f5ca37210009bd4f93e0e500cc7a093e9c23e2e98d621c1c681bbab07a3	5445580000010001010a0001a019a010	b72125b7da4ba3f9		League texture	other skin/shared; see reference graph	
b728eaea5e200342.tex	.tex	C:\Users\etqdo\Downloads\Clash Braum project\Braum.wad\b728eaea5e200342.tex	Braum.wad/b728eaea5e200342.tex	21884	b52c503e8c60c7495f6662845ceb8a9437ff68ef33cd185bf448f8e1f74470c3	5445580080008000010c00016d6d0000	b728eaea5e200342	assets/characters/braum/skins/skin35/particles/braum_skin35_hat.tex	League texture	other skin/shared; see reference graph	399a7a520477b139.bin
b776f5615fd48593.tex	.tex	C:\Users\etqdo\Downloads\Clash Braum project\Braum.wad\b776f5615fd48593.tex	Braum.wad/b776f5615fd48593.tex	43740	1881d854328b1fc6a9f5fea3f6f731c0d32fd548298c57555c90fa8e2fe60a52	5445580000018000010c000115150000	b776f5615fd48593	assets/characters/braum/skins/skin51/particles/braum_skin51_q_trail_01.tex	League texture	other skin/shared; see reference graph	07f65b37fb75e834.bin;08e5b232f3994eee.bin;3079df1f381a87bc.bin;6c66319ffa4bb738.bin;6d6176ab099f3064.bin;70c57eae58af6c94.bin;7ca837cacce9639a.bin;b511ce2cc52d55a4.bin;d01bf01d5611bc53.bin;d56c87aaf7fac0ee.bin
b7882f05fe714574.tex	.tex	C:\Users\etqdo\Downloads\Clash Braum project\Braum.wad\b7882f05fe714574.tex	Braum.wad/b7882f05fe714574.tex	21884	b30a16ba087608e6611bc9f3d78687adaf499b27ff570209c0c17f9907fa4fb7	5445580080008000010c000118180000	b7882f05fe714574	assets/characters/braum/skins/skin24/particles/braum_skin24_right_mid_stack.tex	League texture	other skin/shared; see reference graph	02ab7e4623adf97e.bin
b78a800184cef04f.tex	.tex	C:\Users\etqdo\Downloads\Clash Braum project\Braum.wad\b78a800184cef04f.tex	Braum.wad/b78a800184cef04f.tex	349564	bf4b48ad774195668b159a893cbec860572aeec21ed3f0180ddf62a96449c3bd	5445580000020002010c0001ffff0000	b78a800184cef04f	assets/characters/braum/skins/skin55/particles/braum_skin55_r_stone_01.tex	League texture	other skin/shared; see reference graph	6d6176ab099f3064.bin
b792e9e66a386e8d.tex	.tex	C:\Users\etqdo\Downloads\Clash Braum project\Braum.wad\b792e9e66a386e8d.tex	Braum.wad/b792e9e66a386e8d.tex	21884	2e4acc0cae4fd1f50a57e5f8981311559900a99fb36a2d1bfd0bfba4594a423e	5445580080008000010c000109090000	b792e9e66a386e8d	assets/characters/braum/skins/skin33/particles/braum_skin33_q_rgb.tex	League texture	other skin/shared; see reference graph	25c2b1d3f80a7166.bin;399a7a520477b139.bin;3a207b8680fc4f78.bin;4af4d37cc3da7630.bin;775c4474dbe4b86c.bin;ac2d2bd054d44f09.bin;cf092c39484cec07.bin;f2aa871abddf9427.bin;f5df8e88540921e0.bin;ff9b3266cfca2ba6.bin
b79af1f9fdfdfecf.tex	.tex	C:\Users\etqdo\Downloads\Clash Braum project\Braum.wad\b79af1f9fdfdfecf.tex	Braum.wad/b79af1f9fdfdfecf.tex	349564	eb7c87241f9f18c6e5111c9e4a3df5968dee5e076398f14672af3081a6baf915	5445580000020002010c0001f9f90000	b79af1f9fdfdfecf	assets/characters/braum/skins/skin35/braum_skin35_crab_tx_cm.tex	League texture	other skin/shared; see reference graph	399a7a520477b139.bin
b7a1ff3285993ddc.tex	.tex	C:\Users\etqdo\Downloads\Clash Braum project\Braum.wad\b7a1ff3285993ddc.tex	Braum.wad/b7a1ff3285993ddc.tex	68	bc06557b44402fee1498430bd4008df9598085f44b29fea2f02218473674b2f8	5445580008000800010a0001fffffeff	b7a1ff3285993ddc	assets/characters/braum/skins/skin11/particles/braum_skin11_z_colorhold.tex	League texture	other skin/shared; see reference graph	2974de4048ee048b.bin
b7a3dee90fb89b30.tex	.tex	C:\Users\etqdo\Downloads\Clash Braum project\Braum.wad\b7a3dee90fb89b30.tex	Braum.wad/b7a3dee90fb89b30.tex	349564	26e1981939e5ab0c292c01af2a8f683d761261dd00fa64a4eb4c191f08a928a1	5445580000020002010c0001f3f30000	b7a3dee90fb89b30	assets/characters/braum/skins/skin60/particles/braum_skin60_shield_tx_03.tex	League texture	other skin/shared; see reference graph	6c66319ffa4bb738.bin
b7a7a4ab8b7380c5.tex	.tex	C:\Users\etqdo\Downloads\Clash Braum project\Braum.wad\b7a7a4ab8b7380c5.tex	Braum.wad/b7a7a4ab8b7380c5.tex	16396	be604f7d64f38471989b3aa5d63318ddbdfd2de0bc5365d23a98c4b278902197	5445580080008000010c000000000000	b7a7a4ab8b7380c5	assets/characters/braum/hud/braum_circle.tex	League texture	other skin/shared; see reference graph	03e78a116663752e.bin;07f65b37fb75e834.bin;087454f36df0c471.bin;08e5b232f3994eee.bin;1eb4979be4e9320c.bin;21c14331eb9e3fdd.bin;23b85b75eb659166.bin;25c2b1d3f80a7166.bin;26fe02fb42fe5d0f.bin;3079df1f381a87bc.bin;36b00af025f54940.bin;399a7a520477b139.bin;3a207b8680fc4f78.bin;3e345a7cf645a903.bin;3f6a40609700ee85.bin;42ee6bdbfc9d170b.bin;4af4d37cc3da7630.bin;4b8cf46e9a27ff51.bin;4fe453abcf9c5181.bin;4fed391540044397.bin;5665076b09fc85c9.bin;5d7e7a1984eb745d.bin;60bd129d627e731e.bin;69066dbc18657bec.bin;6c66319ffa4bb738.bin;6d6176ab099f3064.bin;70c57eae58af6c94.bin;775c4474dbe4b86c.bin;7b9824cbef34ed4d.bin;7ca837cacce9639a.bin;812e1da9fe14f1ec.bin;88b5dd6dc0e099bd.bin;8cf62c85e1e2e7f9.bin;992d3c62ff62964c.bin;99f61b5c2dd61e45.bin;a44281cd843a8348.bin;a485c4b46181b64d.bin;a497a5055810256b.bin;a582cf4ad353f261.bin;b30d6dd1b38ee53c.bin;b4470b8fb5a238f6.bin;b511ce2cc52d55a4.bin;bb8b47c7d87589f7.bin;c5c66176cca69ad3.bin;caacae9cc35f0267.bin;cf092c39484cec07.bin;d01bf01d5611bc53.bin;d0b441e03335be65.bin;d3dbd3f84a5b8600.bin;d56c87aaf7fac0ee.bin;d8a52eb470baa538.bin;e1dfd1a549890037.bin;e250f290f6212f81.bin;e4dae9eea59fb2f8.bin;e63e7a9cbb51a42f.bin;eb9d53354a504663.bin;ed7ecf9170cfaaf8.bin;f2aa871abddf9427.bin;f5df8e88540921e0.bin;f63b31a3da327a4f.bin;fbd72592f4eee68e.bin;ff9b3266cfca2ba6.bin
b7ac59730fa1de90.tex	.tex	C:\Users\etqdo\Downloads\Clash Braum project\Braum.wad\b7ac59730fa1de90.tex	Braum.wad/b7ac59730fa1de90.tex	87420	14a4eb4368b1789435c2ce675fdf59ffa0b9d864752f2c7df4aa919e0206f393	5445580000010001010c0001e4e40000	b7ac59730fa1de90	assets/characters/braum/skins/skin01/particles/braum_skin01_p_ice_shards_02.tex	League texture	other skin/shared; see reference graph	fca448d5ff3861b5.bin
b7dcd3cbb54f808a.tex	.tex	C:\Users\etqdo\Downloads\Clash Braum project\Braum.wad\b7dcd3cbb54f808a.tex	Braum.wad/b7dcd3cbb54f808a.tex	87420	64ed2dbca9e1ea4add5e246eed21d940d90de89fb88d5a45f7d7539198ce21ed	5445580000010001010c000169690000	b7dcd3cbb54f808a	assets/characters/braum/skins/skin57/particles/braum_skin57_r_crack_04.tex	League texture	other skin/shared; see reference graph	b511ce2cc52d55a4.bin
b7e0bd28e1185322.anm	.anm	C:\Users\etqdo\Downloads\Clash Braum project\Braum.wad\b7e0bd28e1185322.anm	Braum.wad/b7e0bd28e1185322.anm	21302	744d1c28ca2a0c47756f9c3abb4ff4be44509c325131f954c530ce999d013ef2	7233643263616e6d010000002a530000	b7e0bd28e1185322	assets/characters/braum/skins/base/animations/braum_spell3_run-179.anm	Animation tracks	base or shared candidate	0b01eaec2c944f55.bin;57bea13d59e2af1a.bin;5e21202a9a0cef1a.bin;6c0cf3da2d377385.bin;72028fe917890575.bin;aa0aa8a7dd53a131.bin;d0fe19959c26552d.bin;de78a7f6bf5c9803.bin
b80c72278327256c.scb	.scb	C:\Users\etqdo\Downloads\Clash Braum project\Braum.wad\b80c72278327256c.scb	Braum.wad/b80c72278327256c.scb	69952	acab49eefd93dbccdcf466f00c014969f36b2270766fe9fd6355f6fe3389450e	723364324d6573680300020000000000	b80c72278327256c	assets/characters/braum/skins/skin42/particles/braum_skin42_w_aoe_waves.scb	Static mesh, commonly VFX geometry	other skin/shared; see reference graph	ab5fbb4cdcdfb2ef.bin
b80f446636e8432d.tex	.tex	C:\Users\etqdo\Downloads\Clash Braum project\Braum.wad\b80f446636e8432d.tex	Braum.wad/b80f446636e8432d.tex	87452	da6843fa7afba74b9b0cc625099507fb7687d2bdf01d38cc74bcbf955ea72010	5445580000028000010c00011e1e0000	b80f446636e8432d	assets/characters/braum/skins/skin02/particles/braum_skin02_q_hit_orbit_tar.tex	League texture	other skin/shared; see reference graph	d0b441e03335be65.bin
b848b11132d0d5c4.skn	.skn	C:\Users\etqdo\Downloads\Clash Braum project\Braum.wad\b848b11132d0d5c4.skn	Braum.wad/b848b11132d0d5c4.skn	788828	9e51450788586d457441c822d84929e38253c0f86f41911f91d6fb630e65d192	33221100040001000500000052656361	b848b11132d0d5c4	assets/characters/braum/skins/skin10/braum_skin10.skn	Skinned mesh with submeshes and vertex weights	other skin/shared; see reference graph	f63b31a3da327a4f.bin
b88cde9b89349734.tex	.tex	C:\Users\etqdo\Downloads\Clash Braum project\Braum.wad\b88cde9b89349734.tex	Braum.wad/b88cde9b89349734.tex	87420	81987ebbb04665fc51ee79ea82adecd08c3bfd1cd2e226c5cd7979d369312fa6	5445580000010001010c000119190000	b88cde9b89349734	assets/characters/braum/skins/skin42/particles/braum_skin42_p_bone03.tex	League texture	other skin/shared; see reference graph	ab5fbb4cdcdfb2ef.bin
b89f59280705bc73.tex	.tex	C:\Users\etqdo\Downloads\Clash Braum project\Braum.wad\b89f59280705bc73.tex	Braum.wad/b89f59280705bc73.tex	43716	3025c0bde252261fb562385f80b07166dd1c4a3cd49cd9d793159cb8a43bc2e7	5445580000010001010a0001a020a010	b89f59280705bc73	assets/characters/braum/skins/skin02/particles/braum_skin02_w_ground_shield_decal.tex	League texture	other skin/shared; see reference graph	d0b441e03335be65.bin
b8a33312eeb17801.tex	.tex	C:\Users\etqdo\Downloads\Clash Braum project\Braum.wad\b8a33312eeb17801.tex	Braum.wad/b8a33312eeb17801.tex	5500	72b00a133586c24e44c15311d5ee5301336b5dddab9b04451cc00c8d2c3700bf	5445580040004000010c00014e4e0000	b8a33312eeb17801	assets/characters/braum/skins/skin51/particles/braum_skin51_q_gradient.tex	League texture	other skin/shared; see reference graph	07f65b37fb75e834.bin;08e5b232f3994eee.bin;3079df1f381a87bc.bin;6c66319ffa4bb738.bin;6d6176ab099f3064.bin;70c57eae58af6c94.bin;7ca837cacce9639a.bin;b511ce2cc52d55a4.bin;d01bf01d5611bc53.bin;d56c87aaf7fac0ee.bin
b8b0199a161deeb7.tex	.tex	C:\Users\etqdo\Downloads\Clash Braum project\Braum.wad\b8b0199a161deeb7.tex	Braum.wad/b8b0199a161deeb7.tex	87420	cb4e79dac2a5cbb6048a2a58ac145db56b7a3491f27be2961f938c31d3a83c7a	5445580000010001010c000119190000	b8b0199a161deeb7	assets/characters/braum/skins/skin02/particles/braum_skin02_ba_hit_circle_tar.tex	League texture	other skin/shared; see reference graph	23b85b75eb659166.bin;36b00af025f54940.bin;42ee6bdbfc9d170b.bin;4fe453abcf9c5181.bin;a44281cd843a8348.bin;bb8b47c7d87589f7.bin;d0b441e03335be65.bin;d8a52eb470baa538.bin;e1dfd1a549890037.bin;ed7ecf9170cfaaf8.bin
b8bd8d39ea1d1810.bin	.bin	C:\Users\etqdo\Downloads\Clash Braum project\Braum.wad\b8bd8d39ea1d1810.bin	Braum.wad/b8bd8d39ea1d1810.bin	3501	e31687806bdc8b11a82af7bfc9d8e84a66ef0b1c5f175f4bca90cf87755e2b6d	50524f50030000000000000004000000	b8bd8d39ea1d1810	data/characters/braum/braum_multi_skins_skin0_skins_skin11_skins_skin12_skins_skin13_skins_skin14_skins_skin15_skins_skin16_skins_skin17_skins_skin18_skins_skin19_skins_skin3.bin	Property configuration and asset links	other skin/shared; see reference graph	03e78a116663752e.bin;23b85b75eb659166.bin;36b00af025f54940.bin;42ee6bdbfc9d170b.bin;4fe453abcf9c5181.bin;a44281cd843a8348.bin;bb8b47c7d87589f7.bin;d8a52eb470baa538.bin;e1dfd1a549890037.bin;eb9d53354a504663.bin;ed7ecf9170cfaaf8.bin
b8d6f27624ae797b.bin	.bin	C:\Users\etqdo\Downloads\Clash Braum project\Braum.wad\b8d6f27624ae797b.bin	Braum.wad/b8d6f27624ae797b.bin	7103	6db9cdf652415db14ee64e001cc3e625f59c6cc7259423810624d8521af7f2bc	50524f50030000000000000002000000	b8d6f27624ae797b	data/characters/braum/braum_multi_skins_skin0_skins_skin10_skins_skin3.bin	Property configuration and asset links	other skin/shared; see reference graph	03e78a116663752e.bin;eb9d53354a504663.bin;f63b31a3da327a4f.bin
b8fc579fbcbe2d11.skl	.skl	C:\Users\etqdo\Downloads\Clash Braum project\Braum.wad\b8fc579fbcbe2d11.skl	Braum.wad/b8fc579fbcbe2d11.skl	12532	b480e8ebb1b7d0a5d58ba7dcaa3698c8e0192b1e3a8f97e30dd80fd0910bb13a	f4300000c34ffd220000000000006500	b8fc579fbcbe2d11	assets/characters/braum/skins/skin42/braum_skin42.skl	Skeleton, bind transforms and influence palette	other skin/shared; see reference graph	087454f36df0c471.bin;21c14331eb9e3fdd.bin;5665076b09fc85c9.bin;60bd129d627e731e.bin;99f61b5c2dd61e45.bin;a485c4b46181b64d.bin;b4470b8fb5a238f6.bin;e4dae9eea59fb2f8.bin;fbd72592f4eee68e.bin
b8fc8c8fc0a4aa0a.tex	.tex	C:\Users\etqdo\Downloads\Clash Braum project\Braum.wad\b8fc8c8fc0a4aa0a.tex	Braum.wad/b8fc8c8fc0a4aa0a.tex	5500	e87326aa650e5491a5213fece9ebd1b1adb0a252449a8fdfeb95f59aa62f9119	5445580040004000010c0001cece0000	b8fc8c8fc0a4aa0a	assets/characters/braum/skins/base/particles/braum_base_w_ice_shard_rgba.tex	League texture	base or shared candidate	2dc39c165f3aa923.bin;f63b31a3da327a4f.bin
b8fcdbf78148c2e2.tex	.tex	C:\Users\etqdo\Downloads\Clash Braum project\Braum.wad\b8fcdbf78148c2e2.tex	Braum.wad/b8fcdbf78148c2e2.tex	87420	9b769069b02ac6d5b3babfb731aee48d0e64eac3a755835bce188ac334943c02	5445580000010001010c000150500000	b8fcdbf78148c2e2	assets/characters/braum/skins/skin10/particles/braum_skin10_p_poroicon.tex	League texture	other skin/shared; see reference graph	f63b31a3da327a4f.bin
b930c73f2bdf38b7.tex	.tex	C:\Users\etqdo\Downloads\Clash Braum project\Braum.wad\b930c73f2bdf38b7.tex	Braum.wad/b930c73f2bdf38b7.tex	5500	f014aea6c2f7bfe366123b32355b60d9ece451d5dd313991520c73b321212a0a	5445580040004000010c000135350000	b930c73f2bdf38b7	assets/characters/braum/skins/skin51/particles/common_ball32_02.tex	League texture	other skin/shared; see reference graph	7a1193b055eb059a.bin
b93feb247abe3ede.anm	.anm	C:\Users\etqdo\Downloads\Clash Braum project\Braum.wad\b93feb247abe3ede.anm	Braum.wad/b93feb247abe3ede.anm	67156	010b72a887691e5610ebed0a85270e5311ac4c173e4f4e4721fe733fb1e1f2c1	7233643263616e6d0100000048060100	b93feb247abe3ede	assets/characters/braum/skins/skin11/animations/braum_skin11_spell3_punch-45.anm	Animation tracks	other skin/shared; see reference graph	e43dcf714c8a2a42.bin
b940ef2f539c7a30.tex	.tex	C:\Users\etqdo\Downloads\Clash Braum project\Braum.wad\b940ef2f539c7a30.tex	Braum.wad/b940ef2f539c7a30.tex	21884	d88fb87fae1973cdd21085f866eb25b4f0603cf657ee7455009ba2a2014320ca	5445580080008000010c0001bcbc0000	b940ef2f539c7a30	assets/characters/braum/skins/skin33/particles/common_alpha_20.tex	League texture	other skin/shared; see reference graph	ac2d2bd054d44f09.bin
b946d79fdd5f1439.tex	.tex	C:\Users\etqdo\Downloads\Clash Braum project\Braum.wad\b946d79fdd5f1439.tex	Braum.wad/b946d79fdd5f1439.tex	21884	38ed3ba5b9b27ffdc6f6cdeab92b0b94f82bae520792c9d4079fcc3355ce6891	5445580080008000010c0001e8e80000	b946d79fdd5f1439	assets/characters/braum/skins/skin40/particles/braum_skin40_e_shield_mult_texture_2.tex	League texture	other skin/shared; see reference graph	775c4474dbe4b86c.bin
b9488840db611262.tex	.tex	C:\Users\etqdo\Downloads\Clash Braum project\Braum.wad\b9488840db611262.tex	Braum.wad/b9488840db611262.tex	43740	4bd13118e6d63f2bcc96e45dd08f1edfc297905ac941fe82f5b0c2c81b7c3af8	5445580000018000010c00011d1d0000	b9488840db611262	assets/characters/braum/skins/skin42/particles/braum_skin42_e_shield_fire04.tex	League texture	other skin/shared; see reference graph	ab5fbb4cdcdfb2ef.bin
b98889b5605c3085.tex	.tex	C:\Users\etqdo\Downloads\Clash Braum project\Braum.wad\b98889b5605c3085.tex	Braum.wad/b98889b5605c3085.tex	349564	155cb3a9a07cbe1d089acdbdf1dab7be7d81b5cc1fcb3f112f27eca3d077fa9f	5445580000020002010c000108080000	b98889b5605c3085	assets/characters/braum/skins/skin24/particles/braum_skin24_q_cookie_shard.tex	League texture	other skin/shared; see reference graph	d3dbd3f84a5b8600.bin
b98d826790b7cc7e.scb	.scb	C:\Users\etqdo\Downloads\Clash Braum project\Braum.wad\b98d826790b7cc7e.scb	Braum.wad/b98d826790b7cc7e.scb	34348	011f6c5c71316b79d0de3db8905ecf45ab5d5641afa705b8597f1581c456c2cd	723364324d6573680300020000000000	b98d826790b7cc7e	assets/characters/braum/skins/skin33/particles/braum_skin33_sand_ground_midle.scb	Static mesh, commonly VFX geometry	other skin/shared; see reference graph	25c2b1d3f80a7166.bin;399a7a520477b139.bin;3a207b8680fc4f78.bin;4af4d37cc3da7630.bin;775c4474dbe4b86c.bin;cf092c39484cec07.bin;f2aa871abddf9427.bin;f5df8e88540921e0.bin;ff9b3266cfca2ba6.bin
b9a51546589519ca.tex	.tex	C:\Users\etqdo\Downloads\Clash Braum project\Braum.wad\b9a51546589519ca.tex	Braum.wad/b9a51546589519ca.tex	21884	41241eafa700d7aa8a280bc7d943c090005324d146d33777a5b8b4bda3ab977b	5445580080008000010c000139390000	b9a51546589519ca	assets/characters/braum/skins/skin33/particles/common_aura_self.tex	League texture	other skin/shared; see reference graph	ac2d2bd054d44f09.bin
b9bff172a7bb744f.tex	.tex	C:\Users\etqdo\Downloads\Clash Braum project\Braum.wad\b9bff172a7bb744f.tex	Braum.wad/b9bff172a7bb744f.tex	87420	e95b9e9b7004be238e4de1976f14d5dcd06a42f72c58543f11b355b2049fde06	5445580000010001010c000124240000	b9bff172a7bb744f	assets/characters/braum/skins/skin51/particles/braum_skin51_q_ground_dust.tex	League texture	other skin/shared; see reference graph	07f65b37fb75e834.bin;08e5b232f3994eee.bin;3079df1f381a87bc.bin;6c66319ffa4bb738.bin;6d6176ab099f3064.bin;70c57eae58af6c94.bin;7ca837cacce9639a.bin;b511ce2cc52d55a4.bin;d01bf01d5611bc53.bin;d56c87aaf7fac0ee.bin
b9dc3abcade514cf.anm	.anm	C:\Users\etqdo\Downloads\Clash Braum project\Braum.wad\b9dc3abcade514cf.anm	Braum.wad/b9dc3abcade514cf.anm	18002	8299345fe6e804be488737124130b541df9d37a6932b4b0f7b4ac13a926328f9	7233643263616e6d0100000046460000	b9dc3abcade514cf	assets/characters/braum/skins/base/animations/braum_spell3_idle-180.anm	Animation tracks	base or shared candidate	0b01eaec2c944f55.bin;57bea13d59e2af1a.bin;5e21202a9a0cef1a.bin;6c0cf3da2d377385.bin;72028fe917890575.bin;aa0aa8a7dd53a131.bin;d0fe19959c26552d.bin;de78a7f6bf5c9803.bin
bb7023b5627af2b7.tex	.tex	C:\Users\etqdo\Downloads\Clash Braum project\Braum.wad\bb7023b5627af2b7.tex	Braum.wad/bb7023b5627af2b7.tex	43716	601b2ada13d283e7df0e09e11a7919d8fc01f521db16d09e9dd3b7c040d967b3	5445580000010001010a0001718b4f7c	bb7023b5627af2b7	assets/characters/braum/skins/skin51/particles/braum_skin51_ult_clouds_a.tex	League texture	other skin/shared; see reference graph	7a1193b055eb059a.bin
bb8b47c7d87589f7.bin	.bin	C:\Users\etqdo\Downloads\Clash Braum project\Braum.wad\bb8b47c7d87589f7.bin	Braum.wad/bb8b47c7d87589f7.bin	80656	1b5fab17f38274670af36b22280ccfb2123a6c88937db092d1583f1210b93b32	50524f50030000000c0000003f034441	bb8b47c7d87589f7	data/characters/braum/skins/skin17.bin	Property configuration and asset links	other skin/shared; see reference graph	
bb8c7eba2f673c6f.scb	.scb	C:\Users\etqdo\Downloads\Clash Braum project\Braum.wad\bb8c7eba2f673c6f.scb	Braum.wad/bb8c7eba2f673c6f.scb	17812	9493db0497ecfa1d55512d7c50943cc145b461e34e343ec96a61132ca45ad68a	723364324d65736803000200653a5c72	bb8c7eba2f673c6f	assets/characters/braum/skins/base/particles/braum_base_p_poro_mustache.scb	Static mesh, commonly VFX geometry	base or shared candidate	f2ef4463d62600e6.bin
bb993a5048b913b1.tex	.tex	C:\Users\etqdo\Downloads\Clash Braum project\Braum.wad\bb993a5048b913b1.tex	Braum.wad/bb993a5048b913b1.tex	349556	51a333f5561d30a75ca85565a3225779d89813888983fdaaaf470c18816847a3	5445580000040002010a000187418749	bb993a5048b913b1	assets/characters/braum/skins/skin23/particles/braum_skin23_e_shield_override.tex	League texture	other skin/shared; see reference graph	26fe02fb42fe5d0f.bin
bbba3f7d374fbd7e.scb	.scb	C:\Users\etqdo\Downloads\Clash Braum project\Braum.wad\bbba3f7d374fbd7e.scb	Braum.wad/bbba3f7d374fbd7e.scb	20892	d23332ca4057dc3ed34491cda237a7601cc1885a6763f4ad5d784fe5f6c95645	723364324d65736803000200633a5c6c	bbba3f7d374fbd7e	assets/characters/braum/skins/skin33/particles/braum_skin33_q_tar_update_swirl.scb	Static mesh, commonly VFX geometry	other skin/shared; see reference graph	25c2b1d3f80a7166.bin;399a7a520477b139.bin;3a207b8680fc4f78.bin;4af4d37cc3da7630.bin;775c4474dbe4b86c.bin;ac2d2bd054d44f09.bin;cf092c39484cec07.bin;f2aa871abddf9427.bin;f5df8e88540921e0.bin;ff9b3266cfca2ba6.bin
bbc0eac1d17f8084.tex	.tex	C:\Users\etqdo\Downloads\Clash Braum project\Braum.wad\bbc0eac1d17f8084.tex	Braum.wad/bbc0eac1d17f8084.tex	43716	340385880fa7b2e9be164103a83f53d9cd374c80263126d83b6475e0f9dd2fc6	5445580000010001010a0001061a6819	bbc0eac1d17f8084	assets/characters/braum/skins/base/particles/braum_base_p_full_stack.tex	League texture	base or shared candidate	f2ef4463d62600e6.bin
bbf82a19432551e9.tex	.tex	C:\Users\etqdo\Downloads\Clash Braum project\Braum.wad\bbf82a19432551e9.tex	Braum.wad/bbf82a19432551e9.tex	87420	e324295f52954a616bf64bd460fd7fe46d8ce389b81d875ef0418ba26e61589d	5445580000010001010c000134340000	bbf82a19432551e9	assets/characters/braum/skins/base/particles/braum_base_p_base.tex	League texture	base or shared candidate	2dc39c165f3aa923.bin;f2ef4463d62600e6.bin
bbfed213bb021a97.tex	.tex	C:\Users\etqdo\Downloads\Clash Braum project\Braum.wad\bbfed213bb021a97.tex	Braum.wad/bbfed213bb021a97.tex	87420	144b48be60656bc46b545ccce16aefa85ae9965d7ff214ab7a316216528292dc	5445580000010001010c00013b3b0000	bbfed213bb021a97	assets/characters/braum/skins/skin33/particles/braum_skin33_z_frozen_ground_03.tex	League texture	other skin/shared; see reference graph	ac2d2bd054d44f09.bin
bc022f691e70688d.tex	.tex	C:\Users\etqdo\Downloads\Clash Braum project\Braum.wad\bc022f691e70688d.tex	Braum.wad/bc022f691e70688d.tex	174788	5fa072f1d612fffc86e148a5dfd6e21e3aaea786ff9394cfabdf929a93cd2b03	5445580000020002010a0001937cd35b	bc022f691e70688d		League texture	other skin/shared; see reference graph	
bc07311c987836b4.tex	.tex	C:\Users\etqdo\Downloads\Clash Braum project\Braum.wad\bc07311c987836b4.tex	Braum.wad/bc07311c987836b4.tex	43716	9f6bbd14e32c79e6848fed0e70866812eecda06fc1d3f0603da224eb6d05b54e	5445580000010001010a000142082000	bc07311c987836b4	assets/characters/braum/skins/skin51/particles/lighting_03.tex	League texture	other skin/shared; see reference graph	7a1193b055eb059a.bin
bc21c1ec184dc14f.tex	.tex	C:\Users\etqdo\Downloads\Clash Braum project\Braum.wad\bc21c1ec184dc14f.tex	Braum.wad/bc21c1ec184dc14f.tex	21884	e05e75309661c7bc23dbdc8f418f0b78f62e04fdbee64f2b54bd86110423c5cb	5445580080008000010c00017a7a0000	bc21c1ec184dc14f	assets/characters/braum/skins/skin51/particles/braum_ashe_skin51_ground_cracknoise_mult.tex	League texture	other skin/shared; see reference graph	07f65b37fb75e834.bin;08e5b232f3994eee.bin;3079df1f381a87bc.bin;6c66319ffa4bb738.bin;6d6176ab099f3064.bin;70c57eae58af6c94.bin;7a1193b055eb059a.bin;7ca837cacce9639a.bin;b511ce2cc52d55a4.bin;d01bf01d5611bc53.bin;d56c87aaf7fac0ee.bin
bc22bdf2cd680683.scb	.scb	C:\Users\etqdo\Downloads\Clash Braum project\Braum.wad\bc22bdf2cd680683.scb	Braum.wad/bc22bdf2cd680683.scb	16112	6ea7a6909521a789f279842686042fb8a389771e7a7de3ac5d6810ef084fdc0a	723364324d65736803000200653a5c72	bc22bdf2cd680683	assets/characters/braum/skins/skin33/particles/braum_skin33_ba_trail_01.scb	Static mesh, commonly VFX geometry	other skin/shared; see reference graph	ac2d2bd054d44f09.bin
bc235dc138998fad.tex	.tex	C:\Users\etqdo\Downloads\Clash Braum project\Braum.wad\bc235dc138998fad.tex	Braum.wad/bc235dc138998fad.tex	87420	ede1e2adb3eac8d5b07e8bddba0a3e8e6eced3b4249cb8544b1b857e3f55d854	5445580000010001010c00017b7b0000	bc235dc138998fad	assets/characters/braum/skins/skin42/particles/braum_skin42_045_010r_aoe_decal_side.tex	League texture	other skin/shared; see reference graph	ab5fbb4cdcdfb2ef.bin
bc2cce5382d40322.tex	.tex	C:\Users\etqdo\Downloads\Clash Braum project\Braum.wad\bc2cce5382d40322.tex	Braum.wad/bc2cce5382d40322.tex	21884	c49c2f1ab60a9c6634a6b434a89d99999c1b6ae6f14641bcc6ead0d0b9e130e1	5445580080008000010c000187870000	bc2cce5382d40322	assets/characters/braum/skins/skin51/particles/leona_skin50_causticmist.tex	League texture	other skin/shared; see reference graph	07f65b37fb75e834.bin;08e5b232f3994eee.bin;3079df1f381a87bc.bin;6c66319ffa4bb738.bin;6d6176ab099f3064.bin;70c57eae58af6c94.bin;7ca837cacce9639a.bin;b511ce2cc52d55a4.bin;d01bf01d5611bc53.bin;d56c87aaf7fac0ee.bin
bcb016bb2af9c786.tex	.tex	C:\Users\etqdo\Downloads\Clash Braum project\Braum.wad\bcb016bb2af9c786.tex	Braum.wad/bcb016bb2af9c786.tex	21884	ecb0b6217daa22a3de11cbbe88c6dee01a994fb1852a9828cf5ec6fe6f054651	5445580080008000010c000147470000	bcb016bb2af9c786	assets/characters/braum/skins/skin01/particles/braum_skin01_i_clumps.tex	League texture	other skin/shared; see reference graph	d0b441e03335be65.bin;fca448d5ff3861b5.bin
bcb54109e8aa649c.anm	.anm	C:\Users\etqdo\Downloads\Clash Braum project\Braum.wad\bcb54109e8aa649c.anm	Braum.wad/bcb54109e8aa649c.anm	964	b29858e885414a88291bde293c106234b3d8c3c5a01480cadc0ce636ed420542	7233643263616e6d01000000b8030000	bcb54109e8aa649c	assets/characters/braum/skins/skin24/particles/braum_skin24_r_cake_shard_04.anm	Animation tracks	other skin/shared; see reference graph	3f6a40609700ee85.bin;88b5dd6dc0e099bd.bin;8cf62c85e1e2e7f9.bin;992d3c62ff62964c.bin;a582cf4ad353f261.bin;b30d6dd1b38ee53c.bin;c5c66176cca69ad3.bin;caacae9cc35f0267.bin;d3dbd3f84a5b8600.bin
bce55327aa89d421.tex	.tex	C:\Users\etqdo\Downloads\Clash Braum project\Braum.wad\bce55327aa89d421.tex	Braum.wad/bce55327aa89d421.tex	349556	31ebe9641e1d4f69152d9caf041777e2d9954eae16f0e6302929118f6e09984b	5445580000040002010a0001e851e751	bce55327aa89d421	assets/characters/braum/skins/skin17/braum_skin17_tx_cm.tex	League texture	other skin/shared; see reference graph	bb8b47c7d87589f7.bin
bcffbe18543d62e5.scb	.scb	C:\Users\etqdo\Downloads\Clash Braum project\Braum.wad\bcffbe18543d62e5.scb	Braum.wad/bcffbe18543d62e5.scb	4588	a9430c90cc6adcf5c22fc05f30e1178f587200e45266cb1efcbab4df274a28e6	723364324d6573680300020000000000	bcffbe18543d62e5	assets/characters/braum/skins/skin11/particles/braum_skin11_recall_outerglow.scb	Static mesh, commonly VFX geometry	other skin/shared; see reference graph	2974de4048ee048b.bin
bd4900cc0b3228ca.tex	.tex	C:\Users\etqdo\Downloads\Clash Braum project\Braum.wad\bd4900cc0b3228ca.tex	Braum.wad/bd4900cc0b3228ca.tex	699076	93da44c2c3677b6605ffe430fd5fcecd8351b3111e9ef1198d5f8d0a081d4018	5445580000040004010a0001cb7bcd6a	bd4900cc0b3228ca	assets/characters/braum/skins/skin39/braum_skin39_shield_tx_cm.tex	League texture	other skin/shared; see reference graph	cf092c39484cec07.bin
bd86d560881f3ead.tex	.tex	C:\Users\etqdo\Downloads\Clash Braum project\Braum.wad\bd86d560881f3ead.tex	Braum.wad/bd86d560881f3ead.tex	43716	abf86a02f2c9570755b3c9e895f4e1ff6a9a42458cf4a4630d7e18299633b236	5445580000010001010a000103012300	bd86d560881f3ead	assets/characters/braum/skins/base/particles/braum_base_w_ground_shield_decal.tex	League texture	base or shared candidate	2dc39c165f3aa923.bin
bd88fb84f8face84.tex	.tex	C:\Users\etqdo\Downloads\Clash Braum project\Braum.wad\bd88fb84f8face84.tex	Braum.wad/bd88fb84f8face84.tex	699076	ba1ee2203e94a655091caead3a68a0e23e715325a3f6c5456c801bbbf989f4d8	5445580000040004010a0001076ae749	bd88fb84f8face84		League texture	other skin/shared; see reference graph	
bd8b218bcfd70329.tex	.tex	C:\Users\etqdo\Downloads\Clash Braum project\Braum.wad\bd8b218bcfd70329.tex	Braum.wad/bd8b218bcfd70329.tex	5500	d219475fbbed45585a879002d730657dca62addff3d1f2f9f0d51365fcee5f02	5445580040004000010c0001ffff0000	bd8b218bcfd70329	assets/characters/braum/skins/skin51/particles/taliyah_skin21_rainbow_01.tex	League texture	other skin/shared; see reference graph	07f65b37fb75e834.bin;08e5b232f3994eee.bin;3079df1f381a87bc.bin;6c66319ffa4bb738.bin;6d6176ab099f3064.bin;70c57eae58af6c94.bin;7a1193b055eb059a.bin;7ca837cacce9639a.bin;b511ce2cc52d55a4.bin;d01bf01d5611bc53.bin;d56c87aaf7fac0ee.bin
be31f7f76f4e216f.scb	.scb	C:\Users\etqdo\Downloads\Clash Braum project\Braum.wad\be31f7f76f4e216f.scb	Braum.wad/be31f7f76f4e216f.scb	8952	cf7a08462398f9001b1f48ad2b86d8c12f8f9c33c8106a4f91a39ede12de8968	723364324d6573680300020000000000	be31f7f76f4e216f	assets/characters/braum/skins/skin33/particles/braum_skin33_p_cooldowntimer.scb	Static mesh, commonly VFX geometry	other skin/shared; see reference graph	ac2d2bd054d44f09.bin
be52e3ee7b588e98.scb	.scb	C:\Users\etqdo\Downloads\Clash Braum project\Braum.wad\be52e3ee7b588e98.scb	Braum.wad/be52e3ee7b588e98.scb	9640	7f43aa5be4b6c99f06dc61b8f5bc47f2b1125bec904c6c9ef0a44d28bf240b0b	723364324d65736803000200653a5c72	be52e3ee7b588e98	assets/characters/braum/skins/base/particles/braum_base_r_crack_02.scb	Static mesh, commonly VFX geometry	base or shared candidate	2dc39c165f3aa923.bin;f63b31a3da327a4f.bin
bea0177f15463282.scb	.scb	C:\Users\etqdo\Downloads\Clash Braum project\Braum.wad\bea0177f15463282.scb	Braum.wad/bea0177f15463282.scb	20896	73083a3072bdc6271d432ee53bce849a8eac44d03f6569507fdf175d8d8fa833	723364324d65736803000200643a5c70	bea0177f15463282	assets/characters/braum/skins/skin02/particles/braum_skin02_q_fireball_twists.scb	Static mesh, commonly VFX geometry	other skin/shared; see reference graph	23b85b75eb659166.bin;36b00af025f54940.bin;42ee6bdbfc9d170b.bin;4fe453abcf9c5181.bin;a44281cd843a8348.bin;bb8b47c7d87589f7.bin;d0b441e03335be65.bin;d8a52eb470baa538.bin;e1dfd1a549890037.bin;ed7ecf9170cfaaf8.bin
beaff9c8f01d745a.tex	.tex	C:\Users\etqdo\Downloads\Clash Braum project\Braum.wad\beaff9c8f01d745a.tex	Braum.wad/beaff9c8f01d745a.tex	21916	a73cc56c1c5c3d79aca297a7ffd9c70fc93514666ed06adca54fc4bede9ecea6	5445580000014000010c000161610000	beaff9c8f01d745a	assets/characters/braum/skins/skin51/particles/braum_skin51_q_weapontrails_smoke_trail_mult.tex	League texture	other skin/shared; see reference graph	07f65b37fb75e834.bin;08e5b232f3994eee.bin;3079df1f381a87bc.bin;6c66319ffa4bb738.bin;6d6176ab099f3064.bin;70c57eae58af6c94.bin;7ca837cacce9639a.bin;b511ce2cc52d55a4.bin;d01bf01d5611bc53.bin;d56c87aaf7fac0ee.bin
beda41501a179f6e.tex	.tex	C:\Users\etqdo\Downloads\Clash Braum project\Braum.wad\beda41501a179f6e.tex	Braum.wad/beda41501a179f6e.tex	349564	4c614923fa565989f0a592cd1298b9b557aa95f38ddce904b691bcba41cd2d6b	5445580000020002010c0001fbfb0000	beda41501a179f6e	assets/characters/braum/skins/skin41/braum_skin41_crab_tx_cm.tex	League texture	other skin/shared; see reference graph	f5df8e88540921e0.bin
bef43d5088951643.tex	.tex	C:\Users\etqdo\Downloads\Clash Braum project\Braum.wad\bef43d5088951643.tex	Braum.wad/bef43d5088951643.tex	87420	21b7f83e2f43091ecab5b09c55775b7c177c6f0a103248380b5f9e6bccf54d84	5445580000010001010c000127270000	bef43d5088951643	assets/characters/braum/skins/base/particles/braum_base_ba_trail_cas.tex	League texture	base or shared candidate	2974de4048ee048b.bin;2dc39c165f3aa923.bin
bf1c4cf50297f931.tex	.tex	C:\Users\etqdo\Downloads\Clash Braum project\Braum.wad\bf1c4cf50297f931.tex	Braum.wad/bf1c4cf50297f931.tex	87420	aa581cc955565289a957ebb7ec46c36532d6a1ea701d560c8541f2957397a7a7	5445580000010001010c000133330000	bf1c4cf50297f931	assets/characters/braum/skins/skin24/particles/braum_skin24_e_shield_glow.tex	League texture	other skin/shared; see reference graph	02ab7e4623adf97e.bin
bf261a518590a92a.tex	.tex	C:\Users\etqdo\Downloads\Clash Braum project\Braum.wad\bf261a518590a92a.tex	Braum.wad/bf261a518590a92a.tex	21884	e82bec6539b252c1f2e8648df50c0e24e69d532fb5c98253ef34c5aec274d2fc	5445580080008000010c000166660000	bf261a518590a92a	assets/characters/braum/skins/skin33/particles/braum_skin33_z_alphaslice_1.tex	League texture	other skin/shared; see reference graph	ac2d2bd054d44f09.bin
bf7c0e3f106b9390.tex	.tex	C:\Users\etqdo\Downloads\Clash Braum project\Braum.wad\bf7c0e3f106b9390.tex	Braum.wad/bf7c0e3f106b9390.tex	87420	6c18fc1a54a8db23f48f8cdadcb95019f6fd9baf57a53a41fffe52fb30bd755e	5445580000010001010c0001cbcb0000	bf7c0e3f106b9390	assets/characters/braum/skins/skin10/particles/braum_base_e_block_shock.tex	League texture	other skin/shared; see reference graph	f63b31a3da327a4f.bin
bf98844483f8df60.tex	.tex	C:\Users\etqdo\Downloads\Clash Braum project\Braum.wad\bf98844483f8df60.tex	Braum.wad/bf98844483f8df60.tex	174788	05290585ee5be421e2f22c7ffe1096c3b9e4548f3ce338bd20079168d80d7a6a	5445580000020002010a0001827a8292	bf98844483f8df60	assets/characters/braum/skins/skin11/particles/braum_skin11_r_bar_ult.tex	League texture	other skin/shared; see reference graph	2974de4048ee048b.bin
bfb7ee0d47c1e190.tex	.tex	C:\Users\etqdo\Downloads\Clash Braum project\Braum.wad\bfb7ee0d47c1e190.tex	Braum.wad/bfb7ee0d47c1e190.tex	1398140	f70a911d57f06e4ea503352537c07c88ffbf837aa67ec05c71ee7ee4f44b08e3	5445580000040004010c0001ffff0000	bfb7ee0d47c1e190		League texture	other skin/shared; see reference graph	
bff107e3a1cce287.tex	.tex	C:\Users\etqdo\Downloads\Clash Braum project\Braum.wad\bff107e3a1cce287.tex	Braum.wad/bff107e3a1cce287.tex	349556	cc20092b65cbb440d8fcbb672b6b285845cc9f4177f06e90c87287e587800126	5445580000040002010a000106510232	bff107e3a1cce287	assets/characters/braum/skins/skin05/particles/braum_skin05_e_shield_override.tex	League texture	other skin/shared; see reference graph	7b9824cbef34ed4d.bin
c009d6b4523d2b2b.tex	.tex	C:\Users\etqdo\Downloads\Clash Braum project\Braum.wad\c009d6b4523d2b2b.tex	Braum.wad/c009d6b4523d2b2b.tex	21884	640818e8289d92f71f2e9c28e6f95da5deae11219044551d5202c3ec4d27e441	5445580080008000010c0001e8e80000	c009d6b4523d2b2b	assets/characters/braum/skins/skin34/particles/braum_skin34_e_shield_mult_texture_2.tex	League texture	other skin/shared; see reference graph	ff9b3266cfca2ba6.bin
c0108be7e0431fc6.tex	.tex	C:\Users\etqdo\Downloads\Clash Braum project\Braum.wad\c0108be7e0431fc6.tex	Braum.wad/c0108be7e0431fc6.tex	21884	c25e814baeb7424b6f50fde2f3f5b9b73a18d467f17292731ae9dd8ede030d7e	5445580080008000010c000120200000	c0108be7e0431fc6	assets/characters/braum/skins/skin24/particles/braum_skin24_e_stun_debris.tex	League texture	other skin/shared; see reference graph	02ab7e4623adf97e.bin
c016325ff2573327.tex	.tex	C:\Users\etqdo\Downloads\Clash Braum project\Braum.wad\c016325ff2573327.tex	Braum.wad/c016325ff2573327.tex	87420	09e2ff8d36505baa59180f2476786b6342d385fa60344a1f778a162ad4b664af	5445580000010001010c000112120000	c016325ff2573327	assets/characters/braum/skins/skin51/particles/braum_skin51_crater_030.tex	League texture	other skin/shared; see reference graph	07f65b37fb75e834.bin;08e5b232f3994eee.bin;3079df1f381a87bc.bin;6c66319ffa4bb738.bin;6d6176ab099f3064.bin;70c57eae58af6c94.bin;7a1193b055eb059a.bin;7ca837cacce9639a.bin;b511ce2cc52d55a4.bin;d01bf01d5611bc53.bin;d56c87aaf7fac0ee.bin
c01b5bf8c1d602ff.tex	.tex	C:\Users\etqdo\Downloads\Clash Braum project\Braum.wad\c01b5bf8c1d602ff.tex	Braum.wad/c01b5bf8c1d602ff.tex	43716	b02ae5c5444d83a8c855e598666a14529a08d23bab0ccf456c874f1bbf1e0ed3	5445580000010001010a0001a2102108	c01b5bf8c1d602ff	assets/characters/braum/skins/skin51/particles/braum_skin51_i_lightningerosion03.tex	League texture	other skin/shared; see reference graph	07f65b37fb75e834.bin;08e5b232f3994eee.bin;3079df1f381a87bc.bin;6c66319ffa4bb738.bin;6d6176ab099f3064.bin;70c57eae58af6c94.bin;7a1193b055eb059a.bin;7ca837cacce9639a.bin;b511ce2cc52d55a4.bin;d01bf01d5611bc53.bin;d56c87aaf7fac0ee.bin
c01d5d7f600f8df6.scb	.scb	C:\Users\etqdo\Downloads\Clash Braum project\Braum.wad\c01d5d7f600f8df6.scb	Braum.wad/c01d5d7f600f8df6.scb	19752	f00e888c841ba992e60c52149eb3fae3b6adb1b9a2fd03244861914a3570a5f5	723364324d6573680300020000000000	c01d5d7f600f8df6	assets/characters/braum/skins/skin51/particles/braum_skin51_q_tar_hitflash.scb	Static mesh, commonly VFX geometry	other skin/shared; see reference graph	07f65b37fb75e834.bin;08e5b232f3994eee.bin;3079df1f381a87bc.bin;6c66319ffa4bb738.bin;6d6176ab099f3064.bin;70c57eae58af6c94.bin;7a1193b055eb059a.bin;7ca837cacce9639a.bin;b511ce2cc52d55a4.bin;d01bf01d5611bc53.bin;d56c87aaf7fac0ee.bin
c0712c48af186c7a.bnk	.bnk	C:\Users\etqdo\Downloads\Clash Braum project\Braum.wad\c0712c48af186c7a.bnk	Braum.wad/c0712c48af186c7a.bnk	17223	87cfe94adcc6bc85e2ec9d3dfd285a174909b9d07d3171ecaae6dfb76e96545b	424b484428000000910000003ec5bedb	c0712c48af186c7a	assets/sounds/wwise2016/sfx/characters/braum/skins/skin51/braum_skin51_sfx_events.bnk	Wwise event graph or embedded audio bank	other skin/shared; see reference graph	07f65b37fb75e834.bin;08e5b232f3994eee.bin;3079df1f381a87bc.bin;6c66319ffa4bb738.bin;6d6176ab099f3064.bin;70c57eae58af6c94.bin;7ca837cacce9639a.bin;b511ce2cc52d55a4.bin;d01bf01d5611bc53.bin;d56c87aaf7fac0ee.bin
c0958532bdac7c70.tex	.tex	C:\Users\etqdo\Downloads\Clash Braum project\Braum.wad\c0958532bdac7c70.tex	Braum.wad/c0958532bdac7c70.tex	87420	5001bcac08b0564324fb8a248454c57252b492a27e3f3006c397890a9bb1add6	5445580000010001010c00017a7a0000	c0958532bdac7c70	assets/characters/braum/skins/base/particles/braum_base_q_shield_head.tex	League texture	base or shared candidate	2dc39c165f3aa923.bin
c0ba3abb93f4d8c0.scb	.scb	C:\Users\etqdo\Downloads\Clash Braum project\Braum.wad\c0ba3abb93f4d8c0.scb	Braum.wad/c0ba3abb93f4d8c0.scb	34352	5084453ae6f52581caebb54b0ddfc910415fea748a4dd095d350530c077c3633	723364324d65736803000200653a5c72	c0ba3abb93f4d8c0	assets/characters/braum/skins/skin10/particles/braum_base_q_slow_ring.scb	Static mesh, commonly VFX geometry	other skin/shared; see reference graph	2974de4048ee048b.bin;2dc39c165f3aa923.bin
c0d950e5e7dc470f.tex	.tex	C:\Users\etqdo\Downloads\Clash Braum project\Braum.wad\c0d950e5e7dc470f.tex	Braum.wad/c0d950e5e7dc470f.tex	87420	aa581cc955565289a957ebb7ec46c36532d6a1ea701d560c8541f2957397a7a7	5445580000010001010c000133330000	c0d950e5e7dc470f	assets/characters/braum/skins/base/particles/braum_base_i_shield_glow.tex	League texture	base or shared candidate	03e78a116663752e.bin;2974de4048ee048b.bin;2dc39c165f3aa923.bin;a3a397bd08e96cae.bin;f63b31a3da327a4f.bin
c0e8578054dbace0.skl	.skl	C:\Users\etqdo\Downloads\Clash Braum project\Braum.wad\c0e8578054dbace0.skl	Braum.wad/c0e8578054dbace0.skl	304	b188df21905a8115d1a76fcf1c4c682d821f6cf8a4a2388ec84dddf90f45de78	30010000c34ffd220000000000000200	c0e8578054dbace0	assets/characters/braum/skins/skin02/particles/braum_skin02_r_ice_shard.skl	Skeleton, bind transforms and influence palette	other skin/shared; see reference graph	d0b441e03335be65.bin
c0fe5bb54bde69f9.tex	.tex	C:\Users\etqdo\Downloads\Clash Braum project\Braum.wad\c0fe5bb54bde69f9.tex	Braum.wad/c0fe5bb54bde69f9.tex	87420	1acaafdb6d650b996c06776a460904e8850d07f163af7efbd6c31370260ef385	5445580000010001010c00011c1c0000	c0fe5bb54bde69f9	assets/characters/braum/skins/skin10/particles/braum_base_r_flying_shards.tex	League texture	other skin/shared; see reference graph	2dc39c165f3aa923.bin
c100e37ebc8b3282.tex	.tex	C:\Users\etqdo\Downloads\Clash Braum project\Braum.wad\c100e37ebc8b3282.tex	Braum.wad/c100e37ebc8b3282.tex	5500	2d902294ed59c756437faa81f62abace358c77b09560064eb377642531d0510a	5445580040004000010c000195950000	c100e37ebc8b3282	assets/characters/braum/skins/base/particles/braum_base_r_spatter_rgba.tex	League texture	base or shared candidate	2974de4048ee048b.bin;2dc39c165f3aa923.bin
c107943383608ac3.tex	.tex	C:\Users\etqdo\Downloads\Clash Braum project\Braum.wad\c107943383608ac3.tex	Braum.wad/c107943383608ac3.tex	5500	a011fc33146ac7cc5889a379fa8301f85defaa502ed97b225ca11be5b3cf28ab	5445580040004000010c00017b7b0000	c107943383608ac3	assets/shared/particles/ashe_base_ground_cracknoise_mult.tex	League texture	other skin/shared; see reference graph	ac2d2bd054d44f09.bin
c10d25cf2fed800e.anm	.anm	C:\Users\etqdo\Downloads\Clash Braum project\Braum.wad\c10d25cf2fed800e.anm	Braum.wad/c10d25cf2fed800e.anm	68006	a4e27c2e00a0b2d67a651904b1eb04dec6aceda929ed686bcfbd3048c583e45b	7233643263616e6d010000009a090100	c10d25cf2fed800e	assets/characters/braum/skins/skin11/animations/braum_skin11_spell3_punch0-45.anm	Animation tracks	other skin/shared; see reference graph	e43dcf714c8a2a42.bin
c1456c142a6707a6.tex	.tex	C:\Users\etqdo\Downloads\Clash Braum project\Braum.wad\c1456c142a6707a6.tex	Braum.wad/c1456c142a6707a6.tex	349596	743a6bee1c22973569e9ba9a4e364bd660063ed1d210e6578fcc4e3432b8b86a	5445580000010004010c0001ffff0000	c1456c142a6707a6	assets/characters/braum/skins/skin51/particles/braum_skin51_r_indicator_side_02.tex	League texture	other skin/shared; see reference graph	7a1193b055eb059a.bin
c156b0a057a1f24a.tex	.tex	C:\Users\etqdo\Downloads\Clash Braum project\Braum.wad\c156b0a057a1f24a.tex	Braum.wad/c156b0a057a1f24a.tex	87420	fb91d043308787f4955fb4e2deb353cf7fa854358cbacf2e4cee85377765c593	5445580000010001010c000194940000	c156b0a057a1f24a	assets/characters/braum/skins/skin33/particles/braum_skin33_ramp_down.tex	League texture	other skin/shared; see reference graph	25c2b1d3f80a7166.bin;399a7a520477b139.bin;3a207b8680fc4f78.bin;4af4d37cc3da7630.bin;775c4474dbe4b86c.bin;cf092c39484cec07.bin;f2aa871abddf9427.bin;f5df8e88540921e0.bin;ff9b3266cfca2ba6.bin
c163dbf684bd40ab.tex	.tex	C:\Users\etqdo\Downloads\Clash Braum project\Braum.wad\c163dbf684bd40ab.tex	Braum.wad/c163dbf684bd40ab.tex	10948	ebe4b595b254306dac6baeb5179d16eebdc9948c034437953314b2ce2020ad1c	5445580080008000010a0001e518e310	c163dbf684bd40ab	assets/characters/braum/skins/skin42/particles/braum_skin42_q_spark_cas.tex	League texture	other skin/shared; see reference graph	ab5fbb4cdcdfb2ef.bin
c16500abc45759ed.tex	.tex	C:\Users\etqdo\Downloads\Clash Braum project\Braum.wad\c16500abc45759ed.tex	Braum.wad/c16500abc45759ed.tex	21884	a399e5f4aee0c54ea910fe3d91cd69459395973e1dfe6040fd91d5794e59f14d	5445580080008000010c000120200000	c16500abc45759ed	assets/characters/braum/skins/skin51/particles/braum_skin51_w_tar_gather.tex	League texture	other skin/shared; see reference graph	7a1193b055eb059a.bin
c17d14c6a6e2a0a7.tex	.tex	C:\Users\etqdo\Downloads\Clash Braum project\Braum.wad\c17d14c6a6e2a0a7.tex	Braum.wad/c17d14c6a6e2a0a7.tex	43716	bcacdf2fcb5b9e91b7a20c26afa3cfaccab381d0b5cb17f104909683233e5eff	5445580000010001010a0001c251c130	c17d14c6a6e2a0a7	assets/characters/braum/skins/skin42/particles/braum_skin42_q_n_flashorange.tex	League texture	other skin/shared; see reference graph	ab5fbb4cdcdfb2ef.bin
c188ffafa439538d.dds	.dds	C:\Users\etqdo\Downloads\Clash Braum project\Braum.wad\c188ffafa439538d.dds	Braum.wad/c188ffafa439538d.dds	2176	a18bc452c0c18e7cb045ed90d52a9d862be3cb8512cec0d82efc84a7dba54d1f	444453207c0000000710080040000000	c188ffafa439538d	assets/spells/icons2d/kennen_markofstorm.dds	DirectDraw texture	other skin/shared; see reference graph	
c19505e2714d21db.bnk	.bnk	C:\Users\etqdo\Downloads\Clash Braum project\Braum.wad\c19505e2714d21db.bnk	Braum.wad/c19505e2714d21db.bnk	884701	078c01ca4113b457e3e0fc01a2b5528a6d170f49cc9a5d66757a55e6a4aa8aec	424b48442c0000009100000019cd0744	c19505e2714d21db	assets/sounds/wwise2016/sfx/characters/braum/skins/skin42/braum_skin42_sfx_audio.bnk	Wwise event graph or embedded audio bank	other skin/shared; see reference graph	087454f36df0c471.bin;21c14331eb9e3fdd.bin;5665076b09fc85c9.bin;60bd129d627e731e.bin;99f61b5c2dd61e45.bin;a485c4b46181b64d.bin;b4470b8fb5a238f6.bin;e4dae9eea59fb2f8.bin;fbd72592f4eee68e.bin
c195a27fde51f240.tex	.tex	C:\Users\etqdo\Downloads\Clash Braum project\Braum.wad\c195a27fde51f240.tex	Braum.wad/c195a27fde51f240.tex	87420	c6f6ecaa9360ae31de2d359d21542dc55f3143d61e4c1a9927dbe4d2d8d0a691	5445580000010001010c00011f1f0000	c195a27fde51f240	assets/characters/braum/skins/skin42/particles/braum_skin42_q_shieldglow01.tex	League texture	other skin/shared; see reference graph	ab5fbb4cdcdfb2ef.bin
c19bdca41e199195.tex	.tex	C:\Users\etqdo\Downloads\Clash Braum project\Braum.wad\c19bdca41e199195.tex	Braum.wad/c19bdca41e199195.tex	2756	68a46b43a976d051187b3d769942f4e5d058ebb633df437d939690c6bd3fa8bc	5445580040004000010a000159b037b0	c19bdca41e199195	assets/characters/braum/skins/skin24/particles/color-sparks.tex	League texture	other skin/shared; see reference graph	3f6a40609700ee85.bin;88b5dd6dc0e099bd.bin;8cf62c85e1e2e7f9.bin;992d3c62ff62964c.bin;a582cf4ad353f261.bin;b30d6dd1b38ee53c.bin;c5c66176cca69ad3.bin;caacae9cc35f0267.bin;d3dbd3f84a5b8600.bin
c19ea7163909c6dc.tex	.tex	C:\Users\etqdo\Downloads\Clash Braum project\Braum.wad\c19ea7163909c6dc.tex	Braum.wad/c19ea7163909c6dc.tex	174788	11073342e2830cda46c282d1b9f7c46d188a71428263603935e86d17e67bd488	5445580000020002010a0001ea4a083a	c19ea7163909c6dc	assets/characters/braum/skins/skin16/braum_skin16_poro_tx_cm.tex	League texture	other skin/shared; see reference graph	d8a52eb470baa538.bin
c1a714cbf0885b28.tex	.tex	C:\Users\etqdo\Downloads\Clash Braum project\Braum.wad\c1a714cbf0885b28.tex	Braum.wad/c1a714cbf0885b28.tex	349564	981405d67801b485d554fc16e1488154c9845ecdb15460cd5af36db840d6c127	5445580000020002010c000107070000	c1a714cbf0885b28	assets/characters/braum/skins/skin51/particles/braum_skin51_shield_tx_04.tex	League texture	other skin/shared; see reference graph	07f65b37fb75e834.bin;08e5b232f3994eee.bin;3079df1f381a87bc.bin;6c66319ffa4bb738.bin;6d6176ab099f3064.bin;70c57eae58af6c94.bin;7ca837cacce9639a.bin;b511ce2cc52d55a4.bin;d01bf01d5611bc53.bin;d56c87aaf7fac0ee.bin
c1c8091107d05ca3.anm	.anm	C:\Users\etqdo\Downloads\Clash Braum project\Braum.wad\c1c8091107d05ca3.anm	Braum.wad/c1c8091107d05ca3.anm	150326	0bcbae4b767fca5dfbd684b734cbaa155475f382fe5dfe5d3632ddce87be00a8	7233643263616e6d010000002a4b0200	c1c8091107d05ca3		Animation tracks	other skin/shared; see reference graph	
c1ca7a738b9883c8.tex	.tex	C:\Users\etqdo\Downloads\Clash Braum project\Braum.wad\c1ca7a738b9883c8.tex	Braum.wad/c1ca7a738b9883c8.tex	87420	46a8c639ead3cef1cf8ad185037fbb45a68ff114760d38f9f9c7b18fd446f54a	5445580000010001010c000197970000	c1ca7a738b9883c8	assets/characters/braum/skins/base/particles/braum_base_e_shield_break_ice.tex	League texture	base or shared candidate	2974de4048ee048b.bin;2dc39c165f3aa923.bin
c1d746456fd1cdc7.tex	.tex	C:\Users\etqdo\Downloads\Clash Braum project\Braum.wad\c1d746456fd1cdc7.tex	Braum.wad/c1d746456fd1cdc7.tex	68	bc06557b44402fee1498430bd4008df9598085f44b29fea2f02218473674b2f8	5445580008000800010a0001fffffeff	c1d746456fd1cdc7	assets/characters/braum/skins/skin51/particles/color-hold_2.tex	League texture	other skin/shared; see reference graph	07f65b37fb75e834.bin;08e5b232f3994eee.bin;3079df1f381a87bc.bin;6c66319ffa4bb738.bin;6d6176ab099f3064.bin;70c57eae58af6c94.bin;7a1193b055eb059a.bin;7ca837cacce9639a.bin;b511ce2cc52d55a4.bin;d01bf01d5611bc53.bin;d56c87aaf7fac0ee.bin
c1d821889e5b77e0.tex	.tex	C:\Users\etqdo\Downloads\Clash Braum project\Braum.wad\c1d821889e5b77e0.tex	Braum.wad/c1d821889e5b77e0.tex	87420	0976c09543b07b12fedbaad697c1bb82885289b48c16ba6428d5fa0ad9e54b1d	5445580000010001010c000135350000	c1d821889e5b77e0	assets/characters/braum/skins/skin42/particles/braum_skin42_ball32_02.tex	League texture	other skin/shared; see reference graph	ab5fbb4cdcdfb2ef.bin
c1fd9fd442d54e5d.tex	.tex	C:\Users\etqdo\Downloads\Clash Braum project\Braum.wad\c1fd9fd442d54e5d.tex	Braum.wad/c1fd9fd442d54e5d.tex	43716	9415c802f020ce42072d05641f51d7d8fabb909bec3a9557bf32ccfbddc909b6	5445580000010001010a0001ed8bed7b	c1fd9fd442d54e5d	assets/characters/braum/skins/skin35/particles/braum_skin35_poro_tx_cm.tex	League texture	other skin/shared; see reference graph	399a7a520477b139.bin
c24d8fbf273bacbf.tex	.tex	C:\Users\etqdo\Downloads\Clash Braum project\Braum.wad\c24d8fbf273bacbf.tex	Braum.wad/c24d8fbf273bacbf.tex	349564	5f0e68c3716801f5b87e047a36c9ca9e9f79cb8227fd8f10201abfb24cdd2c80	5445580000020002010c000108080000	c24d8fbf273bacbf	assets/characters/braum/skins/skin26/particles/braum_skin26_q_cookie_shard.tex	League texture	other skin/shared; see reference graph	b30d6dd1b38ee53c.bin
c26dd1c907671fbe.tex	.tex	C:\Users\etqdo\Downloads\Clash Braum project\Braum.wad\c26dd1c907671fbe.tex	Braum.wad/c26dd1c907671fbe.tex	21884	d27cc7c19108b4f42657913384865b59acdbd160d0b17187585e846d30ab3d6f	5445580080008000010c00013b3b0000	c26dd1c907671fbe	assets/characters/braum/skins/skin51/particles/braum_skin51_r_pattern_ring14.tex	League texture	other skin/shared; see reference graph	07f65b37fb75e834.bin;08e5b232f3994eee.bin;3079df1f381a87bc.bin;6c66319ffa4bb738.bin;6d6176ab099f3064.bin;70c57eae58af6c94.bin;7a1193b055eb059a.bin;7ca837cacce9639a.bin;b511ce2cc52d55a4.bin;d01bf01d5611bc53.bin;d56c87aaf7fac0ee.bin
c2b6076fd71c5be1.tex	.tex	C:\Users\etqdo\Downloads\Clash Braum project\Braum.wad\c2b6076fd71c5be1.tex	Braum.wad/c2b6076fd71c5be1.tex	21884	b9c5654d11c4a160bd46b8898bed983299d09d43749e14277b974861bc217255	5445580080008000010c00011a1a0000	c2b6076fd71c5be1	assets/characters/braum/skins/skin24/particles/braum_skin24_left_mid_stack.tex	League texture	other skin/shared; see reference graph	02ab7e4623adf97e.bin
c2f2bf6fd87cbed9.scb	.scb	C:\Users\etqdo\Downloads\Clash Braum project\Braum.wad\c2f2bf6fd87cbed9.scb	Braum.wad/c2f2bf6fd87cbed9.scb	28056	286c09249a07a281dba223c41bbffbf9727b0e0e4a2abd063e6711e288188d22	723364324d6573680300020000000000	c2f2bf6fd87cbed9	assets/characters/braum/skins/skin24/particles/braum_skin24_r_hit_orbit_tar.scb	Static mesh, commonly VFX geometry	other skin/shared; see reference graph	02ab7e4623adf97e.bin
c32608966a42d7ff.tex	.tex	C:\Users\etqdo\Downloads\Clash Braum project\Braum.wad\c32608966a42d7ff.tex	Braum.wad/c32608966a42d7ff.tex	87420	bd018f832c18807593225c2296a23ac80e36a3ffecc91aa10b18a78850482b2c	5445580000010001010c00010f0f0000	c32608966a42d7ff	assets/characters/braum/skins/base/particles/braum_base_p_stack_01.tex	League texture	base or shared candidate	2dc39c165f3aa923.bin;f2ef4463d62600e6.bin
c33d8ea151071564.tex	.tex	C:\Users\etqdo\Downloads\Clash Braum project\Braum.wad\c33d8ea151071564.tex	Braum.wad/c33d8ea151071564.tex	87420	d02b946b09804fdac706c27acd35108d89e999e49bc6008cb01ef367398bde7f	5445580000010001010c00010c0c0000	c33d8ea151071564	assets/characters/braum/skins/skin42/particles/braum_skin42_p_bone05.tex	League texture	other skin/shared; see reference graph	ab5fbb4cdcdfb2ef.bin
c35d9849175652bc.scb	.scb	C:\Users\etqdo\Downloads\Clash Braum project\Braum.wad\c35d9849175652bc.scb	Braum.wad/c35d9849175652bc.scb	18012	35f1db2ce1bb9bd13997d75f0392841542d0f8f5ed0ad5b5a09e435c499c94fe	723364324d6573680300020000000000	c35d9849175652bc	assets/characters/braum/skins/skin11/particles/braum_skin11_e_shield_broken.scb	Static mesh, commonly VFX geometry	other skin/shared; see reference graph	2974de4048ee048b.bin
c3728a684144ee5c.anm	.anm	C:\Users\etqdo\Downloads\Clash Braum project\Braum.wad\c3728a684144ee5c.anm	Braum.wad/c3728a684144ee5c.anm	85562	bfab1102e8dabec411fdbe781fa07ddc9c79adb925a0e23424c531a5a116bfb6	7233643263616e6d010000002e4e0100	c3728a684144ee5c	assets/characters/braum/skins/base/animations/braum_recall_return.anm	Animation tracks	base or shared candidate	0b01eaec2c944f55.bin;5e21202a9a0cef1a.bin;6c0cf3da2d377385.bin;72028fe917890575.bin;aa0aa8a7dd53a131.bin;d0fe19959c26552d.bin;de78a7f6bf5c9803.bin
c380a9dc7ceab061.tex	.tex	C:\Users\etqdo\Downloads\Clash Braum project\Braum.wad\c380a9dc7ceab061.tex	Braum.wad/c380a9dc7ceab061.tex	5500	1eb133dbf6f276774f53923f2e875f09bac073763c0a26572745df071ff8a177	5445580040004000010c000110100000	c380a9dc7ceab061	assets/characters/braum/skins/skin11/particles/braum_skin11_recall_mote.tex	League texture	other skin/shared; see reference graph	2974de4048ee048b.bin
c39ada444a105561.anm	.anm	C:\Users\etqdo\Downloads\Clash Braum project\Braum.wad\c39ada444a105561.anm	Braum.wad/c39ada444a105561.anm	39510	5122602332b28d558c0828fc8d8bc355b1e7915a9642ffda9536c3ec7c513369	7233643263616e6d010000004a9a0000	c39ada444a105561	assets/characters/braum/skins/skin11/animations/braum_spell3_run-90.anm	Animation tracks	other skin/shared; see reference graph	e43dcf714c8a2a42.bin
c3b4157309caf298.scb	.scb	C:\Users\etqdo\Downloads\Clash Braum project\Braum.wad\c3b4157309caf298.scb	Braum.wad/c3b4157309caf298.scb	9640	7f43aa5be4b6c99f06dc61b8f5bc47f2b1125bec904c6c9ef0a44d28bf240b0b	723364324d65736803000200653a5c72	c3b4157309caf298	assets/characters/braum/skins/skin51/particles/braum_skin51_r_crack_02.scb	Static mesh, commonly VFX geometry	other skin/shared; see reference graph	07f65b37fb75e834.bin;08e5b232f3994eee.bin;3079df1f381a87bc.bin;6c66319ffa4bb738.bin;6d6176ab099f3064.bin;70c57eae58af6c94.bin;7ca837cacce9639a.bin;b511ce2cc52d55a4.bin;d01bf01d5611bc53.bin;d56c87aaf7fac0ee.bin
c3da34f41a32e586.tex	.tex	C:\Users\etqdo\Downloads\Clash Braum project\Braum.wad\c3da34f41a32e586.tex	Braum.wad/c3da34f41a32e586.tex	349564	6479dbe3a2f5e67f050ded3414507b6348ff92b340c0644e4ee5520e75bb79fe	5445580000020002010c00011b1b0000	c3da34f41a32e586	assets/characters/braum/skins/skin10/particles/braum_skin10_r_flying_shards.tex	League texture	other skin/shared; see reference graph	f63b31a3da327a4f.bin
c40dd64d74888aa6.anm	.anm	C:\Users\etqdo\Downloads\Clash Braum project\Braum.wad\c40dd64d74888aa6.anm	Braum.wad/c40dd64d74888aa6.anm	454606	0db0e109f75dd50e672e0d34e14cdbd961947ba4a623ef0d2530d0d5633cc2fd	72336432616e6d6405000000c2ef0600	c40dd64d74888aa6	assets/characters/braum/skins/skin10/animations/braum_skin04_recall.anm	Animation tracks	other skin/shared; see reference graph	57bea13d59e2af1a.bin
c44e3dc6a57cfe8e.scb	.scb	C:\Users\etqdo\Downloads\Clash Braum project\Braum.wad\c44e3dc6a57cfe8e.scb	Braum.wad/c44e3dc6a57cfe8e.scb	28412	b6165c7b4cc4898ce59f84190e765998b6e4cdfb5b1ad25989b17fa31e80d589	723364324d6573680300020000000000	c44e3dc6a57cfe8e	assets/characters/braum/skins/skin24/particles/braum_skin24_e_shield_first_block_01.scb	Static mesh, commonly VFX geometry	other skin/shared; see reference graph	3f6a40609700ee85.bin;88b5dd6dc0e099bd.bin;8cf62c85e1e2e7f9.bin;992d3c62ff62964c.bin;a582cf4ad353f261.bin;b30d6dd1b38ee53c.bin;c5c66176cca69ad3.bin;caacae9cc35f0267.bin;d3dbd3f84a5b8600.bin
c4733234bf416fa4.tex	.tex	C:\Users\etqdo\Downloads\Clash Braum project\Braum.wad\c4733234bf416fa4.tex	Braum.wad/c4733234bf416fa4.tex	87420	c9dfe0d85fb8a5137898b68a64d449c8757e38fa27b58eb64184a82c64450534	5445580000010001010c000105050000	c4733234bf416fa4	assets/characters/braum/skins/skin51/particles/braum_skin51_r_dirt_spatter.tex	League texture	other skin/shared; see reference graph	07f65b37fb75e834.bin;08e5b232f3994eee.bin;3079df1f381a87bc.bin;6c66319ffa4bb738.bin;6d6176ab099f3064.bin;70c57eae58af6c94.bin;7ca837cacce9639a.bin;b511ce2cc52d55a4.bin;d01bf01d5611bc53.bin;d56c87aaf7fac0ee.bin
c47bd610df1e4797.scb	.scb	C:\Users\etqdo\Downloads\Clash Braum project\Braum.wad\c47bd610df1e4797.scb	Braum.wad/c47bd610df1e4797.scb	91120	3d67b24826b3cbba7ad904424363ed8bee104a2c839a0aed28c1afdc8d43116c	723364324d65736803000200633a5c6c	c47bd610df1e4797	assets/characters/braum/skins/skin51/particles/braum_skin51_q_mis_energyflame.scb	Static mesh, commonly VFX geometry	other skin/shared; see reference graph	07f65b37fb75e834.bin;08e5b232f3994eee.bin;3079df1f381a87bc.bin;6c66319ffa4bb738.bin;6d6176ab099f3064.bin;70c57eae58af6c94.bin;7ca837cacce9639a.bin;b511ce2cc52d55a4.bin;d01bf01d5611bc53.bin;d56c87aaf7fac0ee.bin
c4eeaa28345fe15a.anm	.anm	C:\Users\etqdo\Downloads\Clash Braum project\Braum.wad\c4eeaa28345fe15a.anm	Braum.wad/c4eeaa28345fe15a.anm	18896	5fc8cd9352fb0ec77b2b130d9984a2b25fa5a3aae1e401a56db506a5d9bdd2d5	7233643263616e6d01000000c4490000	c4eeaa28345fe15a	assets/characters/braum/skins/skin33/particles/braum_skin33_poro_anim.anm	Animation tracks	other skin/shared; see reference graph	25c2b1d3f80a7166.bin;399a7a520477b139.bin;3a207b8680fc4f78.bin;4af4d37cc3da7630.bin;775c4474dbe4b86c.bin;cf092c39484cec07.bin;f2aa871abddf9427.bin;f5df8e88540921e0.bin;ff9b3266cfca2ba6.bin
c5b854b8f929fcec.anm	.anm	C:\Users\etqdo\Downloads\Clash Braum project\Braum.wad\c5b854b8f929fcec.anm	Braum.wad/c5b854b8f929fcec.anm	38200	e74d1c3f33556396d30d155d69c92c4e220d50808a051c64c2f4c6d77ffe93f0	7233643263616e6d010000002c950000	c5b854b8f929fcec	assets/characters/braum/skins/skin11/animations/braum_skin11_spell3_idle0.anm	Animation tracks	other skin/shared; see reference graph	e43dcf714c8a2a42.bin
c5c66176cca69ad3.bin	.bin	C:\Users\etqdo\Downloads\Clash Braum project\Braum.wad\c5c66176cca69ad3.bin	Braum.wad/c5c66176cca69ad3.bin	120620	26564af4c7f31e70a7e1568b9a05df47afea047fe94b98359ab9b188f2041bdb	50524f50030000000800000031024441	c5c66176cca69ad3	data/characters/braum/skins/skin31.bin	Property configuration and asset links	other skin/shared; see reference graph	
c5d10e1050404429.scb	.scb	C:\Users\etqdo\Downloads\Clash Braum project\Braum.wad\c5d10e1050404429.scb	Braum.wad/c5d10e1050404429.scb	2008	ea26df1047be6d53a512d4215dd964eb9fb0f95bb1aaf4242066356e85dcc23b	723364324d6573680300020000000000	c5d10e1050404429	assets/characters/braum/skins/skin51/particles/braum_skin51_idle_eyes.scb	Static mesh, commonly VFX geometry	other skin/shared; see reference graph	07f65b37fb75e834.bin;08e5b232f3994eee.bin;3079df1f381a87bc.bin;6c66319ffa4bb738.bin;6d6176ab099f3064.bin;70c57eae58af6c94.bin;7ca837cacce9639a.bin;b511ce2cc52d55a4.bin;d01bf01d5611bc53.bin;d56c87aaf7fac0ee.bin
c62ac957a320d27b.tex	.tex	C:\Users\etqdo\Downloads\Clash Braum project\Braum.wad\c62ac957a320d27b.tex	Braum.wad/c62ac957a320d27b.tex	87420	744483927fc171f6460675d5fa344850eeea1f6dcc0a79c607d643db788dc7c1	5445580000010001010c000114140000	c62ac957a320d27b	assets/characters/braum/skins/skin42/particles/braum_skin42_recall_spark04_05.tex	League texture	other skin/shared; see reference graph	ab5fbb4cdcdfb2ef.bin
c657c41a54a6c103.tex	.tex	C:\Users\etqdo\Downloads\Clash Braum project\Braum.wad\c657c41a54a6c103.tex	Braum.wad/c657c41a54a6c103.tex	87420	8680fd9fbf53d16b729fee34352c8aa0998e76384f5e7177805540fe2ca77393	5445580000010001010c000169690000	c657c41a54a6c103	assets/characters/braum/skins/skin56/particles/braum_skin56_r_crack_04.tex	League texture	other skin/shared; see reference graph	d56c87aaf7fac0ee.bin
c697fd14b3170725.tex	.tex	C:\Users\etqdo\Downloads\Clash Braum project\Braum.wad\c697fd14b3170725.tex	Braum.wad/c697fd14b3170725.tex	43716	5afcf923ad91dda6e6e678d6ebefc84bddac246124e1010213e0a21ae3af4767	5445580000010001010a0001ee730c73	c697fd14b3170725	assets/characters/braum/skins/skin33/particles/braum_skin33_poro_tx_cm.tex	League texture	other skin/shared; see reference graph	3a207b8680fc4f78.bin
c6a73b46d7398bcd.tex	.tex	C:\Users\etqdo\Downloads\Clash Braum project\Braum.wad\c6a73b46d7398bcd.tex	Braum.wad/c6a73b46d7398bcd.tex	43716	abe0bf1413dab124c4b00ea14555cc3dc94d6333f9f7efcaf96ff19c02652ab9	5445580000010001010a000124932873	c6a73b46d7398bcd	assets/characters/braum/skins/skin42/particles/braum_skin42_q_burrito02.tex	League texture	other skin/shared; see reference graph	ab5fbb4cdcdfb2ef.bin
c6c18e1b20749ba7.scb	.scb	C:\Users\etqdo\Downloads\Clash Braum project\Braum.wad\c6c18e1b20749ba7.scb	Braum.wad/c6c18e1b20749ba7.scb	17812	9493db0497ecfa1d55512d7c50943cc145b461e34e343ec96a61132ca45ad68a	723364324d65736803000200653a5c72	c6c18e1b20749ba7	assets/characters/braum/skins/skin51/particles/braum_skin51_p_poro_mustache.scb	Static mesh, commonly VFX geometry	other skin/shared; see reference graph	7a1193b055eb059a.bin
c6cd8fe7e64ad8a7.tex	.tex	C:\Users\etqdo\Downloads\Clash Braum project\Braum.wad\c6cd8fe7e64ad8a7.tex	Braum.wad/c6cd8fe7e64ad8a7.tex	21884	01e030dd7c2cc90d6bb6c88c34d809e94848a8c528dada582ce1a3c26d3cf42e	5445580080008000010c000127270000	c6cd8fe7e64ad8a7	assets/characters/braum/skins/skin33/particles/braum_skin33_ba_trail_cas.tex	League texture	other skin/shared; see reference graph	ac2d2bd054d44f09.bin
c700bf0e56db2b32.tex	.tex	C:\Users\etqdo\Downloads\Clash Braum project\Braum.wad\c700bf0e56db2b32.tex	Braum.wad/c700bf0e56db2b32.tex	21884	94b9eeb8cbf012567ac9aca06d3a300e1ea64b342e2cffed8dba1ad49596048a	5445580080008000010c000144440000	c700bf0e56db2b32	assets/characters/braum/skins/skin40/particles/braum_skin40_pain.tex	League texture	other skin/shared; see reference graph	775c4474dbe4b86c.bin
c71d232a9be12766.tex	.tex	C:\Users\etqdo\Downloads\Clash Braum project\Braum.wad\c71d232a9be12766.tex	Braum.wad/c71d232a9be12766.tex	10948	64fc91c3b63461c49b787f0ebc0c1d450af5a4857a87369753a27c779d7aeba7	5445580080008000010a00016739052a	c71d232a9be12766	assets/characters/braum/skins/skin51/particles/braum_skin51_69.tex	League texture	other skin/shared; see reference graph	07f65b37fb75e834.bin;08e5b232f3994eee.bin;3079df1f381a87bc.bin;6c66319ffa4bb738.bin;6d6176ab099f3064.bin;70c57eae58af6c94.bin;7a1193b055eb059a.bin;7ca837cacce9639a.bin;b511ce2cc52d55a4.bin;d01bf01d5611bc53.bin;d56c87aaf7fac0ee.bin
c7338875cd5cc68a.tex	.tex	C:\Users\etqdo\Downloads\Clash Braum project\Braum.wad\c7338875cd5cc68a.tex	Braum.wad/c7338875cd5cc68a.tex	43740	811398e8495366c857f962e907f2e884b5f3d5d8b54a17da425fe2eabad05083	5445580000018000010c0001ffff0000	c7338875cd5cc68a	assets/characters/braum/skins/skin27/particles/braum_skin27_e_shield_override_01.tex	League texture	other skin/shared; see reference graph	992d3c62ff62964c.bin
c736e35fdaf4fd91.tex	.tex	C:\Users\etqdo\Downloads\Clash Braum project\Braum.wad\c736e35fdaf4fd91.tex	Braum.wad/c736e35fdaf4fd91.tex	43716	681b51e5b11220bc53bb800757cbcbf5416198a1591d57acf19a2b8a2700e45c	5445580000010001010a0001494a8529	c736e35fdaf4fd91	assets/characters/braum/skins/skin33/particles/braum_skin33_q_revive_erosion.tex	League texture	other skin/shared; see reference graph	25c2b1d3f80a7166.bin;399a7a520477b139.bin;3a207b8680fc4f78.bin;4af4d37cc3da7630.bin;775c4474dbe4b86c.bin;ac2d2bd054d44f09.bin;cf092c39484cec07.bin;f2aa871abddf9427.bin;f5df8e88540921e0.bin;ff9b3266cfca2ba6.bin
c7738a564d51a9b5.tex	.tex	C:\Users\etqdo\Downloads\Clash Braum project\Braum.wad\c7738a564d51a9b5.tex	Braum.wad/c7738a564d51a9b5.tex	21876	10b2dc77b84076fa7646ad87007ea4acfefc563f0856735c0357c68f8ea78473	5445580000018000010a0001efc1b1a2	c7738a564d51a9b5	assets/characters/braum/skins/skin26/particles/braum_skin26_e_shield_override_01.tex	League texture	other skin/shared; see reference graph	b30d6dd1b38ee53c.bin
c77c2f14abb397f6.tex	.tex	C:\Users\etqdo\Downloads\Clash Braum project\Braum.wad\c77c2f14abb397f6.tex	Braum.wad/c77c2f14abb397f6.tex	2756	820dac9846df4b5707ee4b52d33f873dfdd5d621c90622483b7eeb2c6518df5d	5445580040004000010a000110331013	c77c2f14abb397f6	assets/characters/braum/skins/skin51/particles/braum_skin51_e_ice_rgb.tex	League texture	other skin/shared; see reference graph	07f65b37fb75e834.bin;08e5b232f3994eee.bin;3079df1f381a87bc.bin;6c66319ffa4bb738.bin;6d6176ab099f3064.bin;70c57eae58af6c94.bin;7a1193b055eb059a.bin;7ca837cacce9639a.bin;b511ce2cc52d55a4.bin;d01bf01d5611bc53.bin;d56c87aaf7fac0ee.bin
c78ae4200558897a.tex	.tex	C:\Users\etqdo\Downloads\Clash Braum project\Braum.wad\c78ae4200558897a.tex	Braum.wad/c78ae4200558897a.tex	10948	c6a663cce6e8b85a268aeb41c300eccf14866a9fdaac9c2808330605ca913671	5445580080008000010a00016739052a	c78ae4200558897a	assets/characters/braum/skins/skin51/particles/braum_skin51_bokeh_dots_4x4.tex	League texture	other skin/shared; see reference graph	07f65b37fb75e834.bin;08e5b232f3994eee.bin;3079df1f381a87bc.bin;6c66319ffa4bb738.bin;6d6176ab099f3064.bin;70c57eae58af6c94.bin;7a1193b055eb059a.bin;7ca837cacce9639a.bin;b511ce2cc52d55a4.bin;d01bf01d5611bc53.bin;d56c87aaf7fac0ee.bin
c7c5edde6e5471f8.tex	.tex	C:\Users\etqdo\Downloads\Clash Braum project\Braum.wad\c7c5edde6e5471f8.tex	Braum.wad/c7c5edde6e5471f8.tex	174804	a9499e37df697c1c8c217232a24a93c5f57df21db74f490f89c2f69ca04f2816	5445580000010004010a00012028a118	c7c5edde6e5471f8	assets/characters/braum/skins/skin42/particles/braum_skin42_r_indicator_side01.tex	League texture	other skin/shared; see reference graph	ab5fbb4cdcdfb2ef.bin
c7c68dd5082c1777.tex	.tex	C:\Users\etqdo\Downloads\Clash Braum project\Braum.wad\c7c68dd5082c1777.tex	Braum.wad/c7c68dd5082c1777.tex	540	b28967f38ccc037dada4b7beb12644984ac0142acb9aba8a8a294afb12b0c2d6	5445580040000400010c0001d7d70000	c7c68dd5082c1777	assets/characters/braum/skins/skin51/particles/braum_skin51_z_windwall_dust.tex	League texture	other skin/shared; see reference graph	7a1193b055eb059a.bin
c7cc2a80938a5977.tex	.tex	C:\Users\etqdo\Downloads\Clash Braum project\Braum.wad\c7cc2a80938a5977.tex	Braum.wad/c7cc2a80938a5977.tex	43740	fa7791b4d0955a43fbcdb9b05f812fcf76082087d97c5559115201428266e329	5445580000018000010c000106060000	c7cc2a80938a5977	assets/characters/braum/skins/skin01/particles/braum_skin01_i_ground_crack_4x1.tex	League texture	other skin/shared; see reference graph	d0b441e03335be65.bin;fca448d5ff3861b5.bin
c7d4fe3a673c915a.tex	.tex	C:\Users\etqdo\Downloads\Clash Braum project\Braum.wad\c7d4fe3a673c915a.tex	Braum.wad/c7d4fe3a673c915a.tex	43740	c1a410ab0d31e4c1bc145a1f5a881e634efac989067e93984624128428709c6a	5445580000018000010c0001ffff0000	c7d4fe3a673c915a	assets/characters/braum/skins/skin30/particles/braum_skin30_e_shield_override_01.tex	League texture	other skin/shared; see reference graph	a582cf4ad353f261.bin
c84daef793f65548.tex	.tex	C:\Users\etqdo\Downloads\Clash Braum project\Braum.wad\c84daef793f65548.tex	Braum.wad/c84daef793f65548.tex	21876	deb32bd3ddad217bfe80e8afb4d3b3810608e9b03559a8f7e4bdf1f38bd98b4c	5445580000018000010a0001a410a008	c84daef793f65548	assets/characters/braum/skins/skin24/particles/braum_skin24_e_flash_tar.tex	League texture	other skin/shared; see reference graph	02ab7e4623adf97e.bin;3f6a40609700ee85.bin;88b5dd6dc0e099bd.bin;8cf62c85e1e2e7f9.bin;992d3c62ff62964c.bin;a582cf4ad353f261.bin;b30d6dd1b38ee53c.bin;c5c66176cca69ad3.bin;caacae9cc35f0267.bin;d3dbd3f84a5b8600.bin
c84e9499f797cfca.tex	.tex	C:\Users\etqdo\Downloads\Clash Braum project\Braum.wad\c84e9499f797cfca.tex	Braum.wad/c84e9499f797cfca.tex	87452	210707e8cfb667fe1f7a9501c7f9700c7e1537b1f97dce4243e8890d80ebd32e	5445580000028000010c00012c2c0000	c84e9499f797cfca	assets/characters/braum/skins/skin51/particles/braum_skin51_wisptrail_add.tex	League texture	other skin/shared; see reference graph	07f65b37fb75e834.bin;08e5b232f3994eee.bin;3079df1f381a87bc.bin;6c66319ffa4bb738.bin;6d6176ab099f3064.bin;70c57eae58af6c94.bin;7ca837cacce9639a.bin;b511ce2cc52d55a4.bin;d01bf01d5611bc53.bin;d56c87aaf7fac0ee.bin
c860b1824afb5098.tex	.tex	C:\Users\etqdo\Downloads\Clash Braum project\Braum.wad\c860b1824afb5098.tex	Braum.wad/c860b1824afb5098.tex	43740	d9bd0f384714ea7fbb4d81ab80670ae7cca499db296de449f26525c0a512d172	5445580000018000010c000135350000	c860b1824afb5098	assets/characters/braum/skins/skin33/particles/q_trail.tex	League texture	other skin/shared; see reference graph	25c2b1d3f80a7166.bin;399a7a520477b139.bin;3a207b8680fc4f78.bin;4af4d37cc3da7630.bin;775c4474dbe4b86c.bin;cf092c39484cec07.bin;f2aa871abddf9427.bin;f5df8e88540921e0.bin;ff9b3266cfca2ba6.bin
c8cf094cd0d00adf.scb	.scb	C:\Users\etqdo\Downloads\Clash Braum project\Braum.wad\c8cf094cd0d00adf.scb	Braum.wad/c8cf094cd0d00adf.scb	17812	9493db0497ecfa1d55512d7c50943cc145b461e34e343ec96a61132ca45ad68a	723364324d65736803000200653a5c72	c8cf094cd0d00adf	assets/characters/braum/skins/skin42/particles/braum_skin42_braum_base_p_poro_mustache.scb	Static mesh, commonly VFX geometry	other skin/shared; see reference graph	ab5fbb4cdcdfb2ef.bin
c8ffb9cd0d4cd7dd.tex	.tex	C:\Users\etqdo\Downloads\Clash Braum project\Braum.wad\c8ffb9cd0d4cd7dd.tex	Braum.wad/c8ffb9cd0d4cd7dd.tex	21884	37979d73f0b8f82c36da5c0080258cb434e1821eefd365097fc6bd6b3756ad31	5445580080008000010c00011e1e0000	c8ffb9cd0d4cd7dd	assets/characters/braum/skins/skin24/particles/braum_skin24_r_ground_burn.tex	League texture	other skin/shared; see reference graph	3f6a40609700ee85.bin;88b5dd6dc0e099bd.bin;8cf62c85e1e2e7f9.bin;992d3c62ff62964c.bin;a582cf4ad353f261.bin;b30d6dd1b38ee53c.bin;c5c66176cca69ad3.bin;caacae9cc35f0267.bin;d3dbd3f84a5b8600.bin
c93ce808bd6e1743.tex	.tex	C:\Users\etqdo\Downloads\Clash Braum project\Braum.wad\c93ce808bd6e1743.tex	Braum.wad/c93ce808bd6e1743.tex	10948	643f6622ba3a8b432529ff5c623d0cf54c7faab80e40784bf0570aa26b0ffa9d	5445580080008000010a000148734852	c93ce808bd6e1743	assets/characters/braum/skins/skin33/particles/braum_skin02_i_led_change.tex	League texture	other skin/shared; see reference graph	ac2d2bd054d44f09.bin
c945ccb7a4b7aa41.tex	.tex	C:\Users\etqdo\Downloads\Clash Braum project\Braum.wad\c945ccb7a4b7aa41.tex	Braum.wad/c945ccb7a4b7aa41.tex	21884	a04c45b1972161acd4d3003266daa2e0f8cca18515f98a8933246c4ecd971cbb	5445580080008000010c00014c4c0000	c945ccb7a4b7aa41	assets/characters/braum/skins/skin01/particles/braum_skin01_p_stun_ground_mult.tex	League texture	other skin/shared; see reference graph	fca448d5ff3861b5.bin
c95096acfac42a06.tex	.tex	C:\Users\etqdo\Downloads\Clash Braum project\Braum.wad\c95096acfac42a06.tex	Braum.wad/c95096acfac42a06.tex	87452	3a9ddd94dfd455dfb111e4b9b841bf258883b9225bc34afee5cd3695e2f3b6ec	5445580000028000010c00012c2c0000	c95096acfac42a06	assets/characters/braum/skins/skin33/particles/braum_skin33_q_wisptrail_add.tex	League texture	other skin/shared; see reference graph	25c2b1d3f80a7166.bin;399a7a520477b139.bin;3a207b8680fc4f78.bin;4af4d37cc3da7630.bin;775c4474dbe4b86c.bin;cf092c39484cec07.bin;f2aa871abddf9427.bin;f5df8e88540921e0.bin;ff9b3266cfca2ba6.bin
c985824e938a763c.scb	.scb	C:\Users\etqdo\Downloads\Clash Braum project\Braum.wad\c985824e938a763c.scb	Braum.wad/c985824e938a763c.scb	5304	c5c7fe43f62f2a0193e4835354bb58308d1f0e30b5258890bb141cc6d99dc331	723364324d65736803000200653a5c72	c985824e938a763c	assets/characters/braum/skins/skin51/particles/braum_skin51_e_shield_break_01.scb	Static mesh, commonly VFX geometry	other skin/shared; see reference graph	07f65b37fb75e834.bin;08e5b232f3994eee.bin;3079df1f381a87bc.bin;6c66319ffa4bb738.bin;6d6176ab099f3064.bin;70c57eae58af6c94.bin;7a1193b055eb059a.bin;7ca837cacce9639a.bin;b511ce2cc52d55a4.bin;d01bf01d5611bc53.bin;d56c87aaf7fac0ee.bin
c9ef89fa03f96bf1.tex	.tex	C:\Users\etqdo\Downloads\Clash Braum project\Braum.wad\c9ef89fa03f96bf1.tex	Braum.wad/c9ef89fa03f96bf1.tex	349556	a64feb7ee8b3b9a7525ec82d4cf2f24356993f20ec1a1306ee4ff10ffdd9b1f7	5445580000040002010a000125422941	c9ef89fa03f96bf1	assets/characters/braum/skins/skin14/braum_skin14_tx_cm.tex	League texture	other skin/shared; see reference graph	4fe453abcf9c5181.bin
ca2d6c25147d81f4.tex	.tex	C:\Users\etqdo\Downloads\Clash Braum project\Braum.wad\ca2d6c25147d81f4.tex	Braum.wad/ca2d6c25147d81f4.tex	5500	993593f0f9b2e1020db5e15737863e8b58e4fe0306acdafa6c0347094d8c84e4	5445580040004000010c0001aeae0000	ca2d6c25147d81f4	assets/characters/braum/skins/skin51/particles/braum_skin51_q_stripe_blast_mult.tex	League texture	other skin/shared; see reference graph	7a1193b055eb059a.bin
ca47ac4f7260980b.tex	.tex	C:\Users\etqdo\Downloads\Clash Braum project\Braum.wad\ca47ac4f7260980b.tex	Braum.wad/ca47ac4f7260980b.tex	87420	1acaafdb6d650b996c06776a460904e8850d07f163af7efbd6c31370260ef385	5445580000010001010c00011c1c0000	ca47ac4f7260980b	assets/characters/braum/skins/base/particles/braum_base_r_flying_shards.tex	League texture	base or shared candidate	03e78a116663752e.bin;2974de4048ee048b.bin;2dc39c165f3aa923.bin;eb9d53354a504663.bin
ca60698a660a41e9.tex	.tex	C:\Users\etqdo\Downloads\Clash Braum project\Braum.wad\ca60698a660a41e9.tex	Braum.wad/ca60698a660a41e9.tex	43740	b173d2f7473bae187d028a38b3690aeab7b0bca6bb9c1f5821da5a94679546ac	5445580000018000010c00011d1d0000	ca60698a660a41e9	assets/characters/braum/skins/skin42/particles/braum_skin42_e_shield_fire02.tex	League texture	other skin/shared; see reference graph	ab5fbb4cdcdfb2ef.bin
ca6aac977755d932.tex	.tex	C:\Users\etqdo\Downloads\Clash Braum project\Braum.wad\ca6aac977755d932.tex	Braum.wad/ca6aac977755d932.tex	21884	3ee6363eb299733cd048f798ada5e31ba397cbdc1f3714821b21995a2a1b8998	5445580080008000010c00011b1b0000	ca6aac977755d932	assets/characters/braum/skins/skin33/particles/braum_skin33_r_flying_shards_2.tex	League texture	other skin/shared; see reference graph	25c2b1d3f80a7166.bin;399a7a520477b139.bin;3a207b8680fc4f78.bin;4af4d37cc3da7630.bin;775c4474dbe4b86c.bin;cf092c39484cec07.bin;f2aa871abddf9427.bin;f5df8e88540921e0.bin;ff9b3266cfca2ba6.bin
ca83557b6f6f164c.tex	.tex	C:\Users\etqdo\Downloads\Clash Braum project\Braum.wad\ca83557b6f6f164c.tex	Braum.wad/ca83557b6f6f164c.tex	43740	fa7791b4d0955a43fbcdb9b05f812fcf76082087d97c5559115201428266e329	5445580000018000010c000106060000	ca83557b6f6f164c	assets/characters/braum/skins/skin24/particles/braum_skin24_ground_crack_4x1.tex	League texture	other skin/shared; see reference graph	02ab7e4623adf97e.bin
caacae9cc35f0267.bin	.bin	C:\Users\etqdo\Downloads\Clash Braum project\Braum.wad\caacae9cc35f0267.bin	Braum.wad/caacae9cc35f0267.bin	120620	3f7aea42b2fa4606f3a014d6dead1310681ce3bde3f2e935dabba9a6db9e01d4	50524f50030000000800000031024441	caacae9cc35f0267	data/characters/braum/skins/skin29.bin	Property configuration and asset links	other skin/shared; see reference graph	
cabb4f07fb5d690f.tex	.tex	C:\Users\etqdo\Downloads\Clash Braum project\Braum.wad\cabb4f07fb5d690f.tex	Braum.wad/cabb4f07fb5d690f.tex	43716	877498fe15e0450b35143607ad8aa26c91ce57066b2e1eb4849fe18655de570f	5445580000010001010a000111630e63	cabb4f07fb5d690f	assets/characters/braum/skins/skin40/particles/braum_skin40_poro_tx_cm.tex	League texture	other skin/shared; see reference graph	775c4474dbe4b86c.bin
cb15762c0cf2ecbf.tex	.tex	C:\Users\etqdo\Downloads\Clash Braum project\Braum.wad\cb15762c0cf2ecbf.tex	Braum.wad/cb15762c0cf2ecbf.tex	87420	90aa0b972b681640e509afe4669283619c10c6b947e4f7bb002704d8aa066e8f	5445580000010001010c000149490000	cb15762c0cf2ecbf	assets/characters/braum/skins/skin51/particles/braum_skin51_r_glow.tex	League texture	other skin/shared; see reference graph	07f65b37fb75e834.bin;08e5b232f3994eee.bin;3079df1f381a87bc.bin;6c66319ffa4bb738.bin;6d6176ab099f3064.bin;70c57eae58af6c94.bin;7ca837cacce9639a.bin;b511ce2cc52d55a4.bin;d01bf01d5611bc53.bin;d56c87aaf7fac0ee.bin
cb30721d3f5e48db.tex	.tex	C:\Users\etqdo\Downloads\Clash Braum project\Braum.wad\cb30721d3f5e48db.tex	Braum.wad/cb30721d3f5e48db.tex	699100	e0e27f847defcdecfb44b8dfe343f65313faa7fccbd2f34f55b113533c8464b8	5445580000040002010c0001ffff0000	cb30721d3f5e48db	assets/characters/braum/skins/skin27/braum_skin27_tx_cm.tex	League texture	other skin/shared; see reference graph	992d3c62ff62964c.bin
cb6f0ab540e3a8a6.tex	.tex	C:\Users\etqdo\Downloads\Clash Braum project\Braum.wad\cb6f0ab540e3a8a6.tex	Braum.wad/cb6f0ab540e3a8a6.tex	21884	e03b749f13b448a59aa433fd2b6e244135427799a7d516c29a4f0870081eb221	5445580080008000010c0001dddd0000	cb6f0ab540e3a8a6	assets/characters/braum/skins/skin51/particles/braum_skin51_mask_01.tex	League texture	other skin/shared; see reference graph	07f65b37fb75e834.bin;08e5b232f3994eee.bin;3079df1f381a87bc.bin;6c66319ffa4bb738.bin;6d6176ab099f3064.bin;70c57eae58af6c94.bin;7a1193b055eb059a.bin;7ca837cacce9639a.bin;b511ce2cc52d55a4.bin;d01bf01d5611bc53.bin;d56c87aaf7fac0ee.bin
cbed267e987c9ede.anm	.anm	C:\Users\etqdo\Downloads\Clash Braum project\Braum.wad\cbed267e987c9ede.anm	Braum.wad/cbed267e987c9ede.anm	36554	7bc2f287d64c14ac602d8db2dbf93ed67a49706df0340e5825a7449a9940659a	7233643263616e6d01000000be8e0000	cbed267e987c9ede	assets/characters/braum/skins/base/animations/braum_spell3_punch135.anm	Animation tracks	base or shared candidate	0b01eaec2c944f55.bin;57bea13d59e2af1a.bin;5e21202a9a0cef1a.bin;6c0cf3da2d377385.bin;72028fe917890575.bin;aa0aa8a7dd53a131.bin;d0fe19959c26552d.bin;de78a7f6bf5c9803.bin
cc0a44dc0d7e85cf.tex	.tex	C:\Users\etqdo\Downloads\Clash Braum project\Braum.wad\cc0a44dc0d7e85cf.tex	Braum.wad/cc0a44dc0d7e85cf.tex	21884	2cba9a8a3c66d7a8e4ea81cf24acd25464d57cfcda036d06a22ed0c16fefdd47	5445580080008000010c000120200000	cc0a44dc0d7e85cf	assets/characters/braum/skins/skin02/particles/braum_skin02_e_block_debris.tex	League texture	other skin/shared; see reference graph	d0b441e03335be65.bin
cc0e45273e15e63c.scb	.scb	C:\Users\etqdo\Downloads\Clash Braum project\Braum.wad\cc0e45273e15e63c.scb	Braum.wad/cc0e45273e15e63c.scb	6608	733ad3d0a09e5b136b7a3281943aa252fd14e86470bace2f1e0a699fb637f966	723364324d6573680300020000000000	cc0e45273e15e63c	assets/characters/braum/skins/skin51/particles/braum_skin51_z_groundstatic_mesh.scb	Static mesh, commonly VFX geometry	other skin/shared; see reference graph	7a1193b055eb059a.bin
cc1eebcc2a6d2dc9.tex	.tex	C:\Users\etqdo\Downloads\Clash Braum project\Braum.wad\cc1eebcc2a6d2dc9.tex	Braum.wad/cc1eebcc2a6d2dc9.tex	5500	9da1f137f96d42d62c5570ecd3ef6e151c3e5fa3c31f2bc88464fdbed7619eb1	5445580040004000010c000193930000	cc1eebcc2a6d2dc9	assets/characters/braum/skins/skin10/particles/braum_base_w_ground_decal_rgba.tex	League texture	other skin/shared; see reference graph	b8bd8d39ea1d1810.bin
cc79aa1f18b5e49e.tex	.tex	C:\Users\etqdo\Downloads\Clash Braum project\Braum.wad\cc79aa1f18b5e49e.tex	Braum.wad/cc79aa1f18b5e49e.tex	87420	a5c4355ac5421b66611fdddecef339cf9fcd16eb71272368afb2c101f328bc73	5445580000010001010c0001ffff0000	cc79aa1f18b5e49e	assets/characters/braum/skins/skin33/particles/wavetrail_test.tex	League texture	other skin/shared; see reference graph	25c2b1d3f80a7166.bin;399a7a520477b139.bin;3a207b8680fc4f78.bin;4af4d37cc3da7630.bin;775c4474dbe4b86c.bin;cf092c39484cec07.bin;f2aa871abddf9427.bin;f5df8e88540921e0.bin;ff9b3266cfca2ba6.bin
ccb6443b274f01f7.tex	.tex	C:\Users\etqdo\Downloads\Clash Braum project\Braum.wad\ccb6443b274f01f7.tex	Braum.wad/ccb6443b274f01f7.tex	10948	36dd36ab8a32c82107945fb11f9fd4e9300442f4caae8938ad4666f1c03e75df	5445580080008000010a00014e734a53	ccb6443b274f01f7	assets/characters/braum/skins/skin51/particles/braum_skin51_impacterode.tex	League texture	other skin/shared; see reference graph	7a1193b055eb059a.bin
cd0602dd8dc67694.tex	.tex	C:\Users\etqdo\Downloads\Clash Braum project\Braum.wad\cd0602dd8dc67694.tex	Braum.wad/cd0602dd8dc67694.tex	21876	deb32bd3ddad217bfe80e8afb4d3b3810608e9b03559a8f7e4bdf1f38bd98b4c	5445580000018000010a0001a410a008	cd0602dd8dc67694	assets/characters/braum/skins/skin11/particles/braum_skin11_e_speedline.tex	League texture	other skin/shared; see reference graph	2974de4048ee048b.bin
cd44b118adc1f7ba.skn	.skn	C:\Users\etqdo\Downloads\Clash Braum project\Braum.wad\cd44b118adc1f7ba.skn	Braum.wad/cd44b118adc1f7ba.skn	6068	72d691bea823de25a22263ccef48b354701e09680f72ec99c01b4e4c4f4c7805	3322110004000100010000006c616d62	cd44b118adc1f7ba	assets/characters/braum/skins/skin01/particles/braum_skin01_r_ice_shard.skn	Skinned mesh with submeshes and vertex weights	other skin/shared; see reference graph	fca448d5ff3861b5.bin
cd4895212c940492.anm	.anm	C:\Users\etqdo\Downloads\Clash Braum project\Braum.wad\cd4895212c940492.anm	Braum.wad/cd4895212c940492.anm	392544	c0c9a63b697fbb6f03f3692bc0f29c508d113ca553f0a8424b5c91d40efc0766	7233643263616e6d0100000054fd0500	cd4895212c940492	assets/characters/braum/skins/skin24/animations/braum_skin24_recall.anm	Animation tracks	other skin/shared; see reference graph	aa0aa8a7dd53a131.bin
cd55fcebb7d8fdb5.tex	.tex	C:\Users\etqdo\Downloads\Clash Braum project\Braum.wad\cd55fcebb7d8fdb5.tex	Braum.wad/cd55fcebb7d8fdb5.tex	87452	da6843fa7afba74b9b0cc625099507fb7687d2bdf01d38cc74bcbf955ea72010	5445580000028000010c00011e1e0000	cd55fcebb7d8fdb5	assets/characters/braum/skins/skin01/particles/braum_skin01_q_hit_orbit_tar.tex	League texture	other skin/shared; see reference graph	fca448d5ff3861b5.bin
cd7e850852906ec8.tex	.tex	C:\Users\etqdo\Downloads\Clash Braum project\Braum.wad\cd7e850852906ec8.tex	Braum.wad/cd7e850852906ec8.tex	87420	bdcd22aa4078d220c7c0dd0ebae14bfb9a5d159abd6e23fb39b5005d728b2ca5	5445580000010001010c00017a7a0000	cd7e850852906ec8	assets/characters/braum/skins/skin42/particles/braum_skin42_crack_noise_mult.tex	League texture	other skin/shared; see reference graph	ab5fbb4cdcdfb2ef.bin
cd889e10abeb2bd3.skl	.skl	C:\Users\etqdo\Downloads\Clash Braum project\Braum.wad\cd889e10abeb2bd3.skl	Braum.wad/cd889e10abeb2bd3.skl	304	96e0b911c6fbcacb9901cd7c0d3f61611121746dd80296e38bbb187ca40ed437	30010000c34ffd220000000000000200	cd889e10abeb2bd3	assets/characters/braum/skins/skin24/particles/braum_skin24_r_cake_shard_04.skl	Skeleton, bind transforms and influence palette	other skin/shared; see reference graph	3f6a40609700ee85.bin;88b5dd6dc0e099bd.bin;8cf62c85e1e2e7f9.bin;992d3c62ff62964c.bin;a582cf4ad353f261.bin;b30d6dd1b38ee53c.bin;c5c66176cca69ad3.bin;caacae9cc35f0267.bin;d3dbd3f84a5b8600.bin
cd8bc729b88dec9d.scb	.scb	C:\Users\etqdo\Downloads\Clash Braum project\Braum.wad\cd8bc729b88dec9d.scb	Braum.wad/cd8bc729b88dec9d.scb	34352	5084453ae6f52581caebb54b0ddfc910415fea748a4dd095d350530c077c3633	723364324d65736803000200653a5c72	cd8bc729b88dec9d	assets/characters/braum/skins/skin42/particles/braum_skin42_q_slow_ring.scb	Static mesh, commonly VFX geometry	other skin/shared; see reference graph	ab5fbb4cdcdfb2ef.bin
cd9584d64f95cba5.scb	.scb	C:\Users\etqdo\Downloads\Clash Braum project\Braum.wad\cd9584d64f95cba5.scb	Braum.wad/cd9584d64f95cba5.scb	5304	c5c7fe43f62f2a0193e4835354bb58308d1f0e30b5258890bb141cc6d99dc331	723364324d65736803000200653a5c72	cd9584d64f95cba5	assets/characters/braum/skins/base/particles/braum_base_e_shield_break_01.scb	Static mesh, commonly VFX geometry	base or shared candidate	23b85b75eb659166.bin;2974de4048ee048b.bin;2dc39c165f3aa923.bin;36b00af025f54940.bin;42ee6bdbfc9d170b.bin;4fe453abcf9c5181.bin;a44281cd843a8348.bin;bb8b47c7d87589f7.bin;d8a52eb470baa538.bin;e1dfd1a549890037.bin;ed7ecf9170cfaaf8.bin
cd9d5db5a873ffa7.tex	.tex	C:\Users\etqdo\Downloads\Clash Braum project\Braum.wad\cd9d5db5a873ffa7.tex	Braum.wad/cd9d5db5a873ffa7.tex	5500	a5f7e12a3b9767c4a7c961c85b9931e11e3b78aaf83e8031557140d8bd872ddc	5445580040004000010c0001eded0000	cd9d5db5a873ffa7	assets/characters/braum/skins/skin24/particles/braum_skin24_r_teamhardbell_rgba_002.tex	League texture	other skin/shared; see reference graph	02ab7e4623adf97e.bin
cdb5bc47198b85b4.tex	.tex	C:\Users\etqdo\Downloads\Clash Braum project\Braum.wad\cdb5bc47198b85b4.tex	Braum.wad/cdb5bc47198b85b4.tex	87420	d21950b31812c131c8e88d4a87a448e312447ace7e251b190adfd114193fcfa6	5445580000010001010c00015d5d0000	cdb5bc47198b85b4	assets/characters/braum/skins/skin51/particles/taliyah_skin21_ba_smokeclouds_02.tex	League texture	other skin/shared; see reference graph	7a1193b055eb059a.bin
cdc36036e6d3f935.tex	.tex	C:\Users\etqdo\Downloads\Clash Braum project\Braum.wad\cdc36036e6d3f935.tex	Braum.wad/cdc36036e6d3f935.tex	174788	bfb4723c1d476f83abc924e255737e97dbb0dcb15a62cd515d145877b211ae08	5445580000020002010a000109820782	cdc36036e6d3f935	assets/characters/braum/skins/skin25/particles/braum_skin25_r_cake_shard.tex	League texture	other skin/shared; see reference graph	3f6a40609700ee85.bin
ce30410d1b4f6b89.tex	.tex	C:\Users\etqdo\Downloads\Clash Braum project\Braum.wad\ce30410d1b4f6b89.tex	Braum.wad/ce30410d1b4f6b89.tex	87420	c95a883a0003a8cf321884fcc25252e63c872a2ea8bcc3b40e1b2c7c9c98900b	5445580000010001010c000122220000	ce30410d1b4f6b89	assets/characters/braum/skins/skin51/particles/braum_skin51_r_glow02.tex	League texture	other skin/shared; see reference graph	07f65b37fb75e834.bin;08e5b232f3994eee.bin;3079df1f381a87bc.bin;6c66319ffa4bb738.bin;6d6176ab099f3064.bin;70c57eae58af6c94.bin;7ca837cacce9639a.bin;b511ce2cc52d55a4.bin;d01bf01d5611bc53.bin;d56c87aaf7fac0ee.bin
ce315fae299d7c34.scb	.scb	C:\Users\etqdo\Downloads\Clash Braum project\Braum.wad\ce315fae299d7c34.scb	Braum.wad/ce315fae299d7c34.scb	16112	6ea7a6909521a789f279842686042fb8a389771e7a7de3ac5d6810ef084fdc0a	723364324d65736803000200653a5c72	ce315fae299d7c34	assets/characters/braum/skins/base/particles/braum_base_ba_trail_01.scb	Static mesh, commonly VFX geometry	base or shared candidate	2974de4048ee048b.bin;2dc39c165f3aa923.bin
ce9ee2cf00282dad.anm	.anm	C:\Users\etqdo\Downloads\Clash Braum project\Braum.wad\ce9ee2cf00282dad.anm	Braum.wad/ce9ee2cf00282dad.anm	129566	ca9f50d08fbc51591c502f2ab554dd0e1028ed2973a04598087cc2b62af1d1bb	7233643263616e6d0100000012fa0100	ce9ee2cf00282dad	assets/characters/braum/skins/skin01/animations/braum_skin01_recall.anm	Animation tracks	other skin/shared; see reference graph	de78a7f6bf5c9803.bin
cec9e441d85c55e4.tex	.tex	C:\Users\etqdo\Downloads\Clash Braum project\Braum.wad\cec9e441d85c55e4.tex	Braum.wad/cec9e441d85c55e4.tex	21884	6b14882bd9c3b103db8188cfdd1f04061c88abdb976d755faa601aba2359f84d	5445580080008000010c000195950000	cec9e441d85c55e4	assets/shared/particles/3026_items_trail_up.tex	League texture	other skin/shared; see reference graph	25c2b1d3f80a7166.bin;399a7a520477b139.bin;3a207b8680fc4f78.bin;4af4d37cc3da7630.bin;775c4474dbe4b86c.bin;cf092c39484cec07.bin;f2aa871abddf9427.bin;f5df8e88540921e0.bin;ff9b3266cfca2ba6.bin
cf092c39484cec07.bin	.bin	C:\Users\etqdo\Downloads\Clash Braum project\Braum.wad\cf092c39484cec07.bin	Braum.wad/cf092c39484cec07.bin	188374	0c9147b1dbc16c0c855c7186151adc5433432d698e240e38e93321b39e0f7c6d	50524f50030000000800000031024441	cf092c39484cec07	data/characters/braum/skins/skin39.bin	Property configuration and asset links	other skin/shared; see reference graph	
cf1c21f685eee45a.scb	.scb	C:\Users\etqdo\Downloads\Clash Braum project\Braum.wad\cf1c21f685eee45a.scb	Braum.wad/cf1c21f685eee45a.scb	1064	9863f9c226fb0ccfc3981e3100e51792ce293f04fd4c03153099e1be2aa6f6d0	723364324d6573680300020000000000	cf1c21f685eee45a	assets/characters/braum/skins/skin11/particles/braum_skin11_z_octahedron.scb	Static mesh, commonly VFX geometry	other skin/shared; see reference graph	23b85b75eb659166.bin;36b00af025f54940.bin;42ee6bdbfc9d170b.bin;4fe453abcf9c5181.bin;a44281cd843a8348.bin;bb8b47c7d87589f7.bin;d8a52eb470baa538.bin;e1dfd1a549890037.bin;ed7ecf9170cfaaf8.bin
cf3198e8c126d6a3.tex	.tex	C:\Users\etqdo\Downloads\Clash Braum project\Braum.wad\cf3198e8c126d6a3.tex	Braum.wad/cf3198e8c126d6a3.tex	21884	91db7fb4bcfd544fb208cf8b51e317a1fcc108e6fe4d1fce789e1dfc800ff473	5445580080008000010c00011e1e0000	cf3198e8c126d6a3	assets/characters/braum/skins/skin51/particles/braum_skin51_p_cooldowntimer.tex	League texture	other skin/shared; see reference graph	7a1193b055eb059a.bin
cf3ccc3969ed2d52.tex	.tex	C:\Users\etqdo\Downloads\Clash Braum project\Braum.wad\cf3ccc3969ed2d52.tex	Braum.wad/cf3ccc3969ed2d52.tex	21916	805a6498cbc7573c8e1bda5928470321b9fa6a708e59735e5459db975b887bad	5445580000014000010c00014a4a0000	cf3ccc3969ed2d52	assets/characters/braum/skins/skin51/particles/braum_skin51_129.tex	League texture	other skin/shared; see reference graph	07f65b37fb75e834.bin;08e5b232f3994eee.bin;3079df1f381a87bc.bin;6c66319ffa4bb738.bin;6d6176ab099f3064.bin;70c57eae58af6c94.bin;7a1193b055eb059a.bin;7ca837cacce9639a.bin;b511ce2cc52d55a4.bin;d01bf01d5611bc53.bin;d56c87aaf7fac0ee.bin
cf6d87553b502a40.tex	.tex	C:\Users\etqdo\Downloads\Clash Braum project\Braum.wad\cf6d87553b502a40.tex	Braum.wad/cf6d87553b502a40.tex	5500	65a3790231a3813f33df7f5b7bb8e7a03a797bb3487be63bd6d9d55e80924ac1	5445580040004000010c00012b2b0000	cf6d87553b502a40	assets/characters/braum/skins/skin33/particles/braum_skin33_z_smoke_01.tex	League texture	other skin/shared; see reference graph	25c2b1d3f80a7166.bin;399a7a520477b139.bin;3a207b8680fc4f78.bin;4af4d37cc3da7630.bin;775c4474dbe4b86c.bin;ac2d2bd054d44f09.bin;cf092c39484cec07.bin;f2aa871abddf9427.bin;f5df8e88540921e0.bin;ff9b3266cfca2ba6.bin
cfaec3ac01fe45e5.scb	.scb	C:\Users\etqdo\Downloads\Clash Braum project\Braum.wad\cfaec3ac01fe45e5.scb	Braum.wad/cfaec3ac01fe45e5.scb	37232	f54bbc4b3a8873ba48881dc621ac9e18d26273ddc7bb2afb79654df8a9b8ce22	723364324d6573680300020000000000	cfaec3ac01fe45e5	assets/characters/braum/skins/skin51/particles/common_vlad_bloodking_torus.scb	Static mesh, commonly VFX geometry	other skin/shared; see reference graph	7a1193b055eb059a.bin
cfe0626d7f9e3bbc.tex	.tex	C:\Users\etqdo\Downloads\Clash Braum project\Braum.wad\cfe0626d7f9e3bbc.tex	Braum.wad/cfe0626d7f9e3bbc.tex	21884	63ab3a0e4b207a50b50b6a37ba0c241145f8b70c6cf129d8d8d669958c8a376f	5445580080008000010c00010d0d0000	cfe0626d7f9e3bbc	assets/characters/braum/skins/skin51/particles/braum_skin51_97.tex	League texture	other skin/shared; see reference graph	7a1193b055eb059a.bin
cfe97f177ef790db.tex	.tex	C:\Users\etqdo\Downloads\Clash Braum project\Braum.wad\cfe97f177ef790db.tex	Braum.wad/cfe97f177ef790db.tex	43716	4bc45ed8a6a6555ca45f595091a9dd213b18fc1af9b91b33cd0c7454f5232beb	5445580000010001010a00012739231a	cfe97f177ef790db	assets/characters/braum/skins/skin51/particles/braum_skin51_rain_10.tex	League texture	other skin/shared; see reference graph	07f65b37fb75e834.bin;08e5b232f3994eee.bin;3079df1f381a87bc.bin;6c66319ffa4bb738.bin;6d6176ab099f3064.bin;70c57eae58af6c94.bin;7ca837cacce9639a.bin;b511ce2cc52d55a4.bin;d01bf01d5611bc53.bin;d56c87aaf7fac0ee.bin
d0187685fea37923.tex	.tex	C:\Users\etqdo\Downloads\Clash Braum project\Braum.wad\d0187685fea37923.tex	Braum.wad/d0187685fea37923.tex	21884	86d879874e299d3955ea4caeb41022e2a84f59696ce4d800787e5899f52dbb96	5445580080008000010c000139390000	d0187685fea37923	assets/characters/braum/skins/base/particles/braum_base_r_distortion_cas.tex	League texture	base or shared candidate	03e78a116663752e.bin;2dc39c165f3aa923.bin;f63b31a3da327a4f.bin
d01bf01d5611bc53.bin	.bin	C:\Users\etqdo\Downloads\Clash Braum project\Braum.wad\d01bf01d5611bc53.bin	Braum.wad/d01bf01d5611bc53.bin	230973	e6c754cf6605349a489986af44a90993ba7db97e938679e6ecfd4d3cc3360764	50524f5003000000040000003f034441	d01bf01d5611bc53	data/characters/braum/skins/skin52.bin	Property configuration and asset links	other skin/shared; see reference graph	
d08eb2925a7bc694.tex	.tex	C:\Users\etqdo\Downloads\Clash Braum project\Braum.wad\d08eb2925a7bc694.tex	Braum.wad/d08eb2925a7bc694.tex	87420	b5cd28df2ab9eb8aa23524a29f0bba7f174529c42d4004befdf0c6416cbf943b	5445580000010001010c000163630000	d08eb2925a7bc694	assets/characters/braum/skins/skin11/particles/braum_skin11_p_icon_base_hit2.tex	League texture	other skin/shared; see reference graph	2974de4048ee048b.bin
d0b441e03335be65.bin	.bin	C:\Users\etqdo\Downloads\Clash Braum project\Braum.wad\d0b441e03335be65.bin	Braum.wad/d0b441e03335be65.bin	202707	95073cc86aa75b8af623830d6d1628ab7a41ac1cab1e0834679900060b9b0f68	50524f5003000000070000003f034441	d0b441e03335be65	data/characters/braum/skins/skin2.bin	Property configuration and asset links	other skin/shared; see reference graph	
d0b7ba7685d86370.tex	.tex	C:\Users\etqdo\Downloads\Clash Braum project\Braum.wad\d0b7ba7685d86370.tex	Braum.wad/d0b7ba7685d86370.tex	5500	4308d25b09ab436ac6c3df751428d6ec5832ba521cbfa3e73e9e620c56ca866f	5445580040004000010c00015b5b0000	d0b7ba7685d86370	assets/characters/braum/skins/skin51/particles/braum_skin51_z_distort_rgba_2.tex	League texture	other skin/shared; see reference graph	7a1193b055eb059a.bin
d0c7e904752ea0de.scb	.scb	C:\Users\etqdo\Downloads\Clash Braum project\Braum.wad\d0c7e904752ea0de.scb	Braum.wad/d0c7e904752ea0de.scb	5578	97651e8c5c7ba6fcc41a3d2de1963cb0e35f16647b532892c339cc76c648f863	723364324d6573680300020000000000	d0c7e904752ea0de	assets/characters/braum/skins/skin01/particles/braum_skin01_p_ice_shards.scb	Static mesh, commonly VFX geometry	other skin/shared; see reference graph	1eb4979be4e9320c.bin;26fe02fb42fe5d0f.bin;3e345a7cf645a903.bin;4b8cf46e9a27ff51.bin;4fed391540044397.bin;5d7e7a1984eb745d.bin;69066dbc18657bec.bin;7b9824cbef34ed4d.bin;812e1da9fe14f1ec.bin;a497a5055810256b.bin;e250f290f6212f81.bin;fca448d5ff3861b5.bin
d0cec7d6899b18e2.tex	.tex	C:\Users\etqdo\Downloads\Clash Braum project\Braum.wad\d0cec7d6899b18e2.tex	Braum.wad/d0cec7d6899b18e2.tex	87420	7f7457f6de00230bf0f21d78c03e2ab897e2602072951ff38e4978efe8956fe7	5445580000010001010c0001e6e60000	d0cec7d6899b18e2	assets/characters/braum/skins/skin51/particles/braum_skin51_shield_tx_01.tex	League texture	other skin/shared; see reference graph	70c57eae58af6c94.bin
d0f610aad0b2c037.tex	.tex	C:\Users\etqdo\Downloads\Clash Braum project\Braum.wad\d0f610aad0b2c037.tex	Braum.wad/d0f610aad0b2c037.tex	699076	fcdfb4a83ff40ad8aac56534b6ee708e0bb40daf101f22c6ca3db261df6fbac4	5445580000040004010a000124392239	d0f610aad0b2c037		League texture	other skin/shared; see reference graph	
d0fc0ce46b6caff2.skl	.skl	C:\Users\etqdo\Downloads\Clash Braum project\Braum.wad\d0fc0ce46b6caff2.skl	Braum.wad/d0fc0ce46b6caff2.skl	304	b6da8dd3f95410577e34b0956eba483a984bd00f58a191d60671da886e645932	30010000c34ffd220000000000000200	d0fc0ce46b6caff2	assets/characters/braum/skins/skin42/particles/braum_skin42_meat01.skl	Skeleton, bind transforms and influence palette	other skin/shared; see reference graph	ab5fbb4cdcdfb2ef.bin
d0fe19959c26552d.bin	.bin	C:\Users\etqdo\Downloads\Clash Braum project\Braum.wad\d0fe19959c26552d.bin	Braum.wad/d0fe19959c26552d.bin	56565	d42a2f0b16a06c818c2d482d7137d10c33d4bfebfe50e1b662cfe423c1e89585	50524f50030000000000000001000000	d0fe19959c26552d	data/characters/braum/animations/skin33.bin	Property configuration and asset links	other skin/shared; see reference graph	25c2b1d3f80a7166.bin;399a7a520477b139.bin;3a207b8680fc4f78.bin;4af4d37cc3da7630.bin;775c4474dbe4b86c.bin;cf092c39484cec07.bin;f2aa871abddf9427.bin;f5df8e88540921e0.bin;ff9b3266cfca2ba6.bin
d10b59e547249fce.tex	.tex	C:\Users\etqdo\Downloads\Clash Braum project\Braum.wad\d10b59e547249fce.tex	Braum.wad/d10b59e547249fce.tex	87420	4f2f78556021df507a990d162415cb949a713ce453afdd2792238d69105393c4	5445580000010001010c000137370000	d10b59e547249fce	assets/characters/braum/skins/skin01/particles/braum_skin01_e_shield_ice_smoke.tex	League texture	other skin/shared; see reference graph	fca448d5ff3861b5.bin
d110101c5bdcb1cb.tex	.tex	C:\Users\etqdo\Downloads\Clash Braum project\Braum.wad\d110101c5bdcb1cb.tex	Braum.wad/d110101c5bdcb1cb.tex	21884	e996efe9ab3b991c797e0066823f45f5334d1c0d6510d5f4998464a7d6446ac9	5445580080008000010c000133330000	d110101c5bdcb1cb	assets/characters/braum/skins/skin02/particles/braum_skin02_e_tx_cm.tex	League texture	other skin/shared; see reference graph	d0b441e03335be65.bin
d11f85fe9212bcc9.tex	.tex	C:\Users\etqdo\Downloads\Clash Braum project\Braum.wad\d11f85fe9212bcc9.tex	Braum.wad/d11f85fe9212bcc9.tex	699076	3ef316b6263fa08d3bd7106147ff865df46b98d24bf6153de49ed735e63d58ac	5445580000040004010a0001ea510a32	d11f85fe9212bcc9		League texture	other skin/shared; see reference graph	
d122f14ee92d6fad.dds	.dds	C:\Users\etqdo\Downloads\Clash Braum project\Braum.wad\d122f14ee92d6fad.dds	Braum.wad/d122f14ee92d6fad.dds	2176	3ab70375d39ad4e7d8f04dfbc35265a6665b491d99ba564c378bdb21afbc9ea0	444453207c0000000710080040000000	d122f14ee92d6fad	assets/spells/icons2d/1041_long_staff.dds	DirectDraw texture	other skin/shared; see reference graph	52d36b20890112f7.bin
d12f09da3b44f6e4.tex	.tex	C:\Users\etqdo\Downloads\Clash Braum project\Braum.wad\d12f09da3b44f6e4.tex	Braum.wad/d12f09da3b44f6e4.tex	43716	3bc1f202529a732b33e7901008615f55fd10c2b56ce31c55f6f568767fea81ad	5445580000010001010a0001efa14e81	d12f09da3b44f6e4	assets/characters/braum/skins/skin24/particles/braum_skin24_q_speed_buff_trail_edited.tex	League texture	other skin/shared; see reference graph	3f6a40609700ee85.bin;88b5dd6dc0e099bd.bin;8cf62c85e1e2e7f9.bin;992d3c62ff62964c.bin;a582cf4ad353f261.bin;b30d6dd1b38ee53c.bin;c5c66176cca69ad3.bin;caacae9cc35f0267.bin;d3dbd3f84a5b8600.bin
d13977a101aa1f3d.anm	.anm	C:\Users\etqdo\Downloads\Clash Braum project\Braum.wad\d13977a101aa1f3d.anm	Braum.wad/d13977a101aa1f3d.anm	24140	a2c8a2ba6b4b8abb8cb362a37c5856b60a403ecc45c5e3cd066925728d1335aa	72336432616e6d6404000000405e0000	d13977a101aa1f3d	assets/characters/braum/skins/base/animations/braum_spell3_leapback2.anm	Animation tracks	base or shared candidate	0b01eaec2c944f55.bin;57bea13d59e2af1a.bin;5e21202a9a0cef1a.bin;6c0cf3da2d377385.bin;72028fe917890575.bin;aa0aa8a7dd53a131.bin;d0fe19959c26552d.bin;de78a7f6bf5c9803.bin
d1736153e03b14e2.tex	.tex	C:\Users\etqdo\Downloads\Clash Braum project\Braum.wad\d1736153e03b14e2.tex	Braum.wad/d1736153e03b14e2.tex	174788	581f53f79d94a4ad42f8da889311d0d3f127807dd7577779e0c23ea8c3669db4	5445580000020002010a00016992ad91	d1736153e03b14e2	assets/characters/braum/skins/skin26/particles/braum_skin26_r_cake_shard.tex	League texture	other skin/shared; see reference graph	b30d6dd1b38ee53c.bin
d19ec7adbcca9916.tex	.tex	C:\Users\etqdo\Downloads\Clash Braum project\Braum.wad\d19ec7adbcca9916.tex	Braum.wad/d19ec7adbcca9916.tex	87420	163b2cf8314f850452e6734d67f72d285c737cf8a9c9c8d2fc3f7a19da526ee3	5445580000010001010c00010d0d0000	d19ec7adbcca9916	assets/characters/braum/skins/skin51/particles/jayce_base_lightning_flipbook.tex	League texture	other skin/shared; see reference graph	7a1193b055eb059a.bin
d1bb1a024b847993.tex	.tex	C:\Users\etqdo\Downloads\Clash Braum project\Braum.wad\d1bb1a024b847993.tex	Braum.wad/d1bb1a024b847993.tex	21884	7d133f4a330db8b42b4752120ba36478d209bd5be409903fdcefdf8c4e5b4a77	5445580080008000010c00011c1c0000	d1bb1a024b847993	assets/characters/braum/skins/skin33/particles/braum_skin33_ba_trail_cas_02.tex	League texture	other skin/shared; see reference graph	ac2d2bd054d44f09.bin
d1f3de4aba8a91b3.tex	.tex	C:\Users\etqdo\Downloads\Clash Braum project\Braum.wad\d1f3de4aba8a91b3.tex	Braum.wad/d1f3de4aba8a91b3.tex	87420	65e31e186fd2bd720781e3f4aed60b5fa17860f0f82088408d31d6c0e8aa9af4	5445580000010001010c00011c1c0000	d1f3de4aba8a91b3	assets/characters/braum/skins/base/particles/braum_base_ba_distor_tar.tex	League texture	base or shared candidate	2dc39c165f3aa923.bin;f63b31a3da327a4f.bin
d208b69bb53a7dff.tex	.tex	C:\Users\etqdo\Downloads\Clash Braum project\Braum.wad\d208b69bb53a7dff.tex	Braum.wad/d208b69bb53a7dff.tex	87420	dfe92cf8672f0bb5bb471875a5bd1bce4b50a7d89ed4ce8df18d143ed65ae4da	5445580000010001010c00012c2c0000	d208b69bb53a7dff	assets/characters/braum/skins/skin33/particles/braum_skin33_recall_dark_glow.tex	League texture	other skin/shared; see reference graph	ac2d2bd054d44f09.bin
d2191e7aa14b3911.tex	.tex	C:\Users\etqdo\Downloads\Clash Braum project\Braum.wad\d2191e7aa14b3911.tex	Braum.wad/d2191e7aa14b3911.tex	1398140	3150dbdc2f47be1299d28e63324c2dc77acb18672d9407cf2fc3b9198851e5ec	5445580000040004010c0001ffff0000	d2191e7aa14b3911	assets/characters/braum/skins/skin35/braum_skin35_body_tx_cm.tex	League texture	other skin/shared; see reference graph	399a7a520477b139.bin
d2ba361ba54ffb38.dds	.dds	C:\Users\etqdo\Downloads\Clash Braum project\Braum.wad\d2ba361ba54ffb38.dds	Braum.wad/d2ba361ba54ffb38.dds	176	402a9ea7503e888426490a1d5f5d924921026d8c4971fa9d7affc108681ee634	444453207c0000000710080004000000	d2ba361ba54ffb38	assets/characters/braum/skins/skin42/particles/generic_white_cubemap.dds	DirectDraw texture	other skin/shared; see reference graph	ab5fbb4cdcdfb2ef.bin
d2df3410a3fadecc.scb	.scb	C:\Users\etqdo\Downloads\Clash Braum project\Braum.wad\d2df3410a3fadecc.scb	Braum.wad/d2df3410a3fadecc.scb	57820	4dde489412a3cae8750175264f8b15fdb92026496b50b1f5068703b2b50a949e	723364324d65736802000200653a5c72	d2df3410a3fadecc	assets/characters/braum/skins/skin24/particles/braum_skin24_e_block_shock.scb	Static mesh, commonly VFX geometry	other skin/shared; see reference graph	02ab7e4623adf97e.bin
d322cadf4034e1ba.scb	.scb	C:\Users\etqdo\Downloads\Clash Braum project\Braum.wad\d322cadf4034e1ba.scb	Braum.wad/d322cadf4034e1ba.scb	9628	835b0bfe16338037573a3fb188a5827221ec7106e6773fd9e6777e3aa43e57f0	723364324d65736802000200653a5c72	d322cadf4034e1ba	assets/characters/braum/skins/skin51/particles/braum_skin51_r_knock_up_tar.scb	Static mesh, commonly VFX geometry	other skin/shared; see reference graph	7a1193b055eb059a.bin
d348e85ba9f0b514.tex	.tex	C:\Users\etqdo\Downloads\Clash Braum project\Braum.wad\d348e85ba9f0b514.tex	Braum.wad/d348e85ba9f0b514.tex	87420	da58ee9f59aa3e1a7b933bdbd8f69c36d195375208756aee622473012ff39b1d	5445580000010001010c0001d4d40000	d348e85ba9f0b514	assets/characters/braum/skins/skin01/particles/braum_skin01_q_fire_core_02.tex	League texture	other skin/shared; see reference graph	fca448d5ff3861b5.bin
d354a0f0e89bbdad.anm	.anm	C:\Users\etqdo\Downloads\Clash Braum project\Braum.wad\d354a0f0e89bbdad.anm	Braum.wad/d354a0f0e89bbdad.anm	121576	f98283bddae0810407d049152afa4579a80bd2d052509d435d6d47782b7c1e13	7233643263616e6d01000000dcda0100	d354a0f0e89bbdad	assets/characters/braum/skins/skin02/animations/braum_skin02_recall_leadout.anm	Animation tracks	other skin/shared; see reference graph	6c0cf3da2d377385.bin
d3747008055d42ec.tex	.tex	C:\Users\etqdo\Downloads\Clash Braum project\Braum.wad\d3747008055d42ec.tex	Braum.wad/d3747008055d42ec.tex	349564	9288c242c55dc8ff12ffc7dbba32b565de6f6a7f72422acdaa7d0d3803442eb0	5445580000020002010c000161610000	d3747008055d42ec	assets/characters/braum/skins/skin25/particles/braum_skin25_e_shield_first_block_01.tex	League texture	other skin/shared; see reference graph	3f6a40609700ee85.bin
d3826c9223b234f9.tex	.tex	C:\Users\etqdo\Downloads\Clash Braum project\Braum.wad\d3826c9223b234f9.tex	Braum.wad/d3826c9223b234f9.tex	21884	5e89d16d1ad75d20bc16dd7b18a76c459e4e6809b0a4500b95323e9a2d366388	5445580080008000010c0001ffff0000	d3826c9223b234f9	assets/characters/braum/skins/skin41/particles/braum_skin41_r_fish.tex	League texture	other skin/shared; see reference graph	f5df8e88540921e0.bin
d3926866ab89ec46.tex	.tex	C:\Users\etqdo\Downloads\Clash Braum project\Braum.wad\d3926866ab89ec46.tex	Braum.wad/d3926866ab89ec46.tex	87420	7ad408a00285480627482cf1ec98dbcd3e1e11eb70cbe881c66bb838269a9a98	5445580000010001010c0001a0a00000	d3926866ab89ec46	assets/characters/braum/skins/base/particles/braum_base_e_shield_inchant_cas.tex	League texture	base or shared candidate	03e78a116663752e.bin;eb9d53354a504663.bin
d3a4053625e3e925.anm	.anm	C:\Users\etqdo\Downloads\Clash Braum project\Braum.wad\d3a4053625e3e925.anm	Braum.wad/d3a4053625e3e925.anm	1948	fd8a03b24d2985340dc2a0ca0c669d9f3d0146631cbee70e419a647c58cea11b	72336432616e6d640400000090070000	d3a4053625e3e925	assets/characters/braum/skins/skin01/particles/braum_skin01_r_ice_shard.anm	Animation tracks	other skin/shared; see reference graph	fca448d5ff3861b5.bin
d3be8ee1446764e8.scb	.scb	C:\Users\etqdo\Downloads\Clash Braum project\Braum.wad\d3be8ee1446764e8.scb	Braum.wad/d3be8ee1446764e8.scb	34784	aad28a753f850ea47d91da3b0f54304a131c6724b98bc084e87ee62e1ea72d62	723364324d65736803000200653a5c72	d3be8ee1446764e8	assets/characters/braum/skins/base/particles/braum_base_e_shield_inchant_ini.scb	Static mesh, commonly VFX geometry	base or shared candidate	2974de4048ee048b.bin;2dc39c165f3aa923.bin;f63b31a3da327a4f.bin
d3c9cae4a20158be.tex	.tex	C:\Users\etqdo\Downloads\Clash Braum project\Braum.wad\d3c9cae4a20158be.tex	Braum.wad/d3c9cae4a20158be.tex	349556	f254e920d8207825ebf0336fc33c1b967e91d1b33f33918077998aa40b912bf0	5445580000040002010a000146394339	d3c9cae4a20158be	assets/characters/braum/skins/skin05/braum_skin05_tx_cm.tex	League texture	other skin/shared; see reference graph	7b9824cbef34ed4d.bin
d3cbb1e2f5754e05.tex	.tex	C:\Users\etqdo\Downloads\Clash Braum project\Braum.wad\d3cbb1e2f5754e05.tex	Braum.wad/d3cbb1e2f5754e05.tex	87420	99b971bb3cf18e12179f436bad943e3e4a3961ca5790e2889440f693521b029a	5445580000010001010c000164640000	d3cbb1e2f5754e05	assets/characters/braum/skins/skin01/particles/braum_skin01_q_ini_ring.tex	League texture	other skin/shared; see reference graph	fca448d5ff3861b5.bin
d3dbd3f84a5b8600.bin	.bin	C:\Users\etqdo\Downloads\Clash Braum project\Braum.wad\d3dbd3f84a5b8600.bin	Braum.wad/d3dbd3f84a5b8600.bin	120587	f5e3dff33bcded3b40d23602bc71013470ff1d5bda4ee7e868a6bc9c0c9391c5	50524f50030000000800000031024441	d3dbd3f84a5b8600	data/characters/braum/skins/skin24.bin	Property configuration and asset links	other skin/shared; see reference graph	
d3ea6388e9fc920d.bnk	.bnk	C:\Users\etqdo\Downloads\Clash Braum project\Braum.wad\d3ea6388e9fc920d.bnk	Braum.wad/d3ea6388e9fc920d.bnk	8175	9f89f41a6aec4a8259e1bc380edd19d0e5f8953e77f8d39502574e76842836df	424b48442800000091000000cffcb682	d3ea6388e9fc920d	assets/sounds/wwise2016/sfx/characters/braum/skins/skin01/braum_skin01_sfx_events.bnk	Wwise event graph or embedded audio bank	other skin/shared; see reference graph	1eb4979be4e9320c.bin;26fe02fb42fe5d0f.bin;3e345a7cf645a903.bin;4b8cf46e9a27ff51.bin;4fed391540044397.bin;5d7e7a1984eb745d.bin;69066dbc18657bec.bin;7b9824cbef34ed4d.bin;812e1da9fe14f1ec.bin;a497a5055810256b.bin;e250f290f6212f81.bin
d3ecf20e461dba7f.scb	.scb	C:\Users\etqdo\Downloads\Clash Braum project\Braum.wad\d3ecf20e461dba7f.scb	Braum.wad/d3ecf20e461dba7f.scb	19252	d8bce57aad57c0866a7c5524be45ab878b75b0e42518dfe5352dfa3fe1db656e	723364324d65736803000200643a5c70	d3ecf20e461dba7f	assets/characters/braum/skins/skin02/particles/braum_skin02_e_tigershield.scb	Static mesh, commonly VFX geometry	other skin/shared; see reference graph	d0b441e03335be65.bin
d3fb0c26af729c3d.scb	.scb	C:\Users\etqdo\Downloads\Clash Braum project\Braum.wad\d3fb0c26af729c3d.scb	Braum.wad/d3fb0c26af729c3d.scb	17812	9493db0497ecfa1d55512d7c50943cc145b461e34e343ec96a61132ca45ad68a	723364324d65736803000200653a5c72	d3fb0c26af729c3d	assets/characters/braum/skins/skin24/particles/braum_skin24_p_poro_mustache.scb	Static mesh, commonly VFX geometry	other skin/shared; see reference graph	02ab7e4623adf97e.bin
d4271811751fe7bb.tex	.tex	C:\Users\etqdo\Downloads\Clash Braum project\Braum.wad\d4271811751fe7bb.tex	Braum.wad/d4271811751fe7bb.tex	10948	f10ec9fda50200d1b4671c674861e25f567f733112f8f1788d596ce24d36c8b6	5445580080008000010a00012d832b63	d4271811751fe7bb	assets/characters/braum/skins/skin33/particles/braum_skin33_r_fish.tex	League texture	other skin/shared; see reference graph	3a207b8680fc4f78.bin
d434bdee673b52e0.tex	.tex	C:\Users\etqdo\Downloads\Clash Braum project\Braum.wad\d434bdee673b52e0.tex	Braum.wad/d434bdee673b52e0.tex	699100	39e7c9bb62f367fa0dc399d6b946269758990a7c99cb593f7f7c9ce2ebac09d0	5445580000040002010c0001ffff0000	d434bdee673b52e0	assets/characters/braum/skins/skin30/braum_skin30_tx_cm.tex	League texture	other skin/shared; see reference graph	a582cf4ad353f261.bin
d4526122c39911e5.scb	.scb	C:\Users\etqdo\Downloads\Clash Braum project\Braum.wad\d4526122c39911e5.scb	Braum.wad/d4526122c39911e5.scb	16112	6ea7a6909521a789f279842686042fb8a389771e7a7de3ac5d6810ef084fdc0a	723364324d65736803000200653a5c72	d4526122c39911e5	assets/characters/braum/skins/skin02/particles/braum_skin02_ba_trail_01.scb	Static mesh, commonly VFX geometry	other skin/shared; see reference graph	d0b441e03335be65.bin
d47f76e4ebf5531d.tex	.tex	C:\Users\etqdo\Downloads\Clash Braum project\Braum.wad\d47f76e4ebf5531d.tex	Braum.wad/d47f76e4ebf5531d.tex	87420	87ce2c0c6fe3bba2ba42ee7e1099a300497706150e4670c178e419054288114a	5445580000010001010c000111110000	d47f76e4ebf5531d	assets/characters/braum/skins/base/particles/braum_base_p_stack_03.tex	League texture	base or shared candidate	2dc39c165f3aa923.bin;f2ef4463d62600e6.bin
d4976707ea9ac1cf.tex	.tex	C:\Users\etqdo\Downloads\Clash Braum project\Braum.wad\d4976707ea9ac1cf.tex	Braum.wad/d4976707ea9ac1cf.tex	5500	6251a66108ce6a5ef1c816d2e4632898bf7f28cb24dd8949a89a4ff48d9d3430	5445580040004000010c0001afaf0000	d4976707ea9ac1cf	assets/characters/braum/skins/skin51/particles/common_color-rampdown32.tex	League texture	other skin/shared; see reference graph	7a1193b055eb059a.bin
d4b3aa2b5f96fcea.tex	.tex	C:\Users\etqdo\Downloads\Clash Braum project\Braum.wad\d4b3aa2b5f96fcea.tex	Braum.wad/d4b3aa2b5f96fcea.tex	87420	6c18fc1a54a8db23f48f8cdadcb95019f6fd9baf57a53a41fffe52fb30bd755e	5445580000010001010c0001cbcb0000	d4b3aa2b5f96fcea	assets/characters/braum/skins/skin24/particles/braum_skin24_e_block_shock.tex	League texture	other skin/shared; see reference graph	02ab7e4623adf97e.bin
d4d19adf2b5a8f68.scb	.scb	C:\Users\etqdo\Downloads\Clash Braum project\Braum.wad\d4d19adf2b5a8f68.scb	Braum.wad/d4d19adf2b5a8f68.scb	39648	74993f705395cda204f8d6018fa94f6ef689b6feed6d1dd2ada33c7eca4431fb	723364324d6573680300020000000000	d4d19adf2b5a8f68	assets/characters/braum/skins/skin51/particles/braum_skin51_w_floor_mesh.scb	Static mesh, commonly VFX geometry	other skin/shared; see reference graph	7a1193b055eb059a.bin
d4e211d1e05cd525.scb	.scb	C:\Users\etqdo\Downloads\Clash Braum project\Braum.wad\d4e211d1e05cd525.scb	Braum.wad/d4e211d1e05cd525.scb	34352	5084453ae6f52581caebb54b0ddfc910415fea748a4dd095d350530c077c3633	723364324d65736803000200653a5c72	d4e211d1e05cd525	assets/characters/braum/skins/skin24/particles/braum_skin24_r_slow_ring.scb	Static mesh, commonly VFX geometry	other skin/shared; see reference graph	02ab7e4623adf97e.bin
d4ef26006d4419db.tex	.tex	C:\Users\etqdo\Downloads\Clash Braum project\Braum.wad\d4ef26006d4419db.tex	Braum.wad/d4ef26006d4419db.tex	87420	bb211b0e3c9f4f6dc509e42e55b09b1ecca15eae921a00d48743ed0fbf7d88f5	5445580000010001010c000129290000	d4ef26006d4419db	assets/characters/braum/skins/skin24/particles/braum_skin24_r_lava_splash_2x2.tex	League texture	other skin/shared; see reference graph	3f6a40609700ee85.bin;88b5dd6dc0e099bd.bin;8cf62c85e1e2e7f9.bin;992d3c62ff62964c.bin;a582cf4ad353f261.bin;b30d6dd1b38ee53c.bin;c5c66176cca69ad3.bin;caacae9cc35f0267.bin;d3dbd3f84a5b8600.bin
d4f07a306ed2f2bf.tex	.tex	C:\Users\etqdo\Downloads\Clash Braum project\Braum.wad\d4f07a306ed2f2bf.tex	Braum.wad/d4f07a306ed2f2bf.tex	21884	c9c2e189f9f03add36e458d06bd1afc78997e60e3c5386f1a868d106b1326993	5445580080008000010c000176760000	d4f07a306ed2f2bf	assets/characters/braum/skins/skin33/particles/braum_skin33_e_block_mult.tex	League texture	other skin/shared; see reference graph	25c2b1d3f80a7166.bin;399a7a520477b139.bin;3a207b8680fc4f78.bin;4af4d37cc3da7630.bin;775c4474dbe4b86c.bin;cf092c39484cec07.bin;f2aa871abddf9427.bin;f5df8e88540921e0.bin;ff9b3266cfca2ba6.bin
d56c87aaf7fac0ee.bin	.bin	C:\Users\etqdo\Downloads\Clash Braum project\Braum.wad\d56c87aaf7fac0ee.bin	Braum.wad/d56c87aaf7fac0ee.bin	230998	100970a2dc76cc8849d6705d0dfd7dc8dbbe7b929e15796f9842fa058fc988ad	50524f5003000000040000003f034441	d56c87aaf7fac0ee	data/characters/braum/skins/skin56.bin	Property configuration and asset links	other skin/shared; see reference graph	
d57c96898920319d.tex	.tex	C:\Users\etqdo\Downloads\Clash Braum project\Braum.wad\d57c96898920319d.tex	Braum.wad/d57c96898920319d.tex	87420	0976c09543b07b12fedbaad697c1bb82885289b48c16ba6428d5fa0ad9e54b1d	5445580000010001010c000135350000	d57c96898920319d	assets/characters/braum/skins/skin33/particles/ball32_02.tex	League texture	other skin/shared; see reference graph	25c2b1d3f80a7166.bin;399a7a520477b139.bin;3a207b8680fc4f78.bin;4af4d37cc3da7630.bin;775c4474dbe4b86c.bin;ac2d2bd054d44f09.bin;cf092c39484cec07.bin;f2aa871abddf9427.bin;f5df8e88540921e0.bin;ff9b3266cfca2ba6.bin
d58b6ec70287cdbe.tex	.tex	C:\Users\etqdo\Downloads\Clash Braum project\Braum.wad\d58b6ec70287cdbe.tex	Braum.wad/d58b6ec70287cdbe.tex	87420	80e6db45f32200cea61bb7bb42cb8a9a48fcec69c679b034ca9b907a0b4d8f66	5445580000010001010c0001afaf0000	d58b6ec70287cdbe	assets/characters/braum/skins/skin01/particles/braum_skin01_e_shield_first_block_shatter.tex	League texture	other skin/shared; see reference graph	fca448d5ff3861b5.bin
d5b187acf489d6aa.tex	.tex	C:\Users\etqdo\Downloads\Clash Braum project\Braum.wad\d5b187acf489d6aa.tex	Braum.wad/d5b187acf489d6aa.tex	5500	0bf0e5dc7784bae37619591d8e1d34f308f05cf5fcbc7274ae5ca3a702db794c	5445580040004000010c0001eded0000	d5b187acf489d6aa	assets/characters/braum/skins/base/particles/braum_base_r_teamhardbell_rgba.tex	League texture	base or shared candidate	2974de4048ee048b.bin;2dc39c165f3aa923.bin;f63b31a3da327a4f.bin;fca448d5ff3861b5.bin
d5bc255d58ed5a57.tex	.tex	C:\Users\etqdo\Downloads\Clash Braum project\Braum.wad\d5bc255d58ed5a57.tex	Braum.wad/d5bc255d58ed5a57.tex	174788	76e0e8e40728b1c75c37442a3fabee8d34c0b696120e9c93f1031c984ddccc8f	5445580000020002010a000148526651	d5bc255d58ed5a57	assets/characters/braum/skins/skin40/braum_skin40_coconut_tx_cm.tex	League texture	other skin/shared; see reference graph	775c4474dbe4b86c.bin
d683d79183b00332.tex	.tex	C:\Users\etqdo\Downloads\Clash Braum project\Braum.wad\d683d79183b00332.tex	Braum.wad/d683d79183b00332.tex	87420	6521948dc4e06a64e42570c5f4e8f7727303c71553464efe16517f02ecd4d063	5445580000010001010c0001fdfd0000	d683d79183b00332	assets/characters/braum/skins/skin24/particles/braum_skin24_e_solar_circle.tex	League texture	other skin/shared; see reference graph	02ab7e4623adf97e.bin
d68a4a54f14f7fe4.tex	.tex	C:\Users\etqdo\Downloads\Clash Braum project\Braum.wad\d68a4a54f14f7fe4.tex	Braum.wad/d68a4a54f14f7fe4.tex	349556	228c15aa2c4be43b43d65df0375d3d996f86415cc3799932883d42313fff2282	5445580000040002010a000187828963	d68a4a54f14f7fe4	assets/characters/braum/skins/skin31/braum_skin31_tx_cm.tex	League texture	other skin/shared; see reference graph	c5c66176cca69ad3.bin
d698173c540306f9.tex	.tex	C:\Users\etqdo\Downloads\Clash Braum project\Braum.wad\d698173c540306f9.tex	Braum.wad/d698173c540306f9.tex	87420	582f70a83d22aff5a2754623e9731d9a1fbb453e5c54469b9448711218a80e6b	5445580000010001010c00011d1d0000	d698173c540306f9	assets/characters/braum/skins/skin24/particles/chocolate_plash.tex	League texture	other skin/shared; see reference graph	02ab7e4623adf97e.bin
d69d1719263ae172.scb	.scb	C:\Users\etqdo\Downloads\Clash Braum project\Braum.wad\d69d1719263ae172.scb	Braum.wad/d69d1719263ae172.scb	57820	4dde489412a3cae8750175264f8b15fdb92026496b50b1f5068703b2b50a949e	723364324d65736802000200653a5c72	d69d1719263ae172	assets/characters/braum/skins/skin42/particles/braum_skin42_base_e_block_shock.scb	Static mesh, commonly VFX geometry	other skin/shared; see reference graph	ab5fbb4cdcdfb2ef.bin
d6bd1cf978b2b274.tex	.tex	C:\Users\etqdo\Downloads\Clash Braum project\Braum.wad\d6bd1cf978b2b274.tex	Braum.wad/d6bd1cf978b2b274.tex	10948	6f8fa4641f31fb9ab0fb5faa807f05ec70e8be1f94e921738a290ee3d823965b	5445580080008000010a0001118c0d6c	d6bd1cf978b2b274	assets/characters/braum/skins/skin33/particles/braum_skin33_flicker_04.tex	League texture	other skin/shared; see reference graph	25c2b1d3f80a7166.bin;399a7a520477b139.bin;3a207b8680fc4f78.bin;4af4d37cc3da7630.bin;775c4474dbe4b86c.bin;cf092c39484cec07.bin;f2aa871abddf9427.bin;f5df8e88540921e0.bin;ff9b3266cfca2ba6.bin
d6dab7861401cf81.tex	.tex	C:\Users\etqdo\Downloads\Clash Braum project\Braum.wad\d6dab7861401cf81.tex	Braum.wad/d6dab7861401cf81.tex	87420	b61311f4138e484b2beca6e4c7fb0d0401bde3d34f088d49b33f3f2c4eb79808	5445580000010001010c00015f5f0000	d6dab7861401cf81	assets/characters/braum/skins/skin11/particles/braum_skin11_e_block_mult_dust.tex	League texture	other skin/shared; see reference graph	2974de4048ee048b.bin
d6e9db6660babe70.tex	.tex	C:\Users\etqdo\Downloads\Clash Braum project\Braum.wad\d6e9db6660babe70.tex	Braum.wad/d6e9db6660babe70.tex	21884	bd8973ae0d488bc460904190e1bc8bed22e58da4a2d7c8f9b3a16a666799eebb	5445580080008000010c000144440000	d6e9db6660babe70	assets/characters/braum/skins/skin51/particles/braum_skin51_glowwater.tex	League texture	other skin/shared; see reference graph	07f65b37fb75e834.bin;08e5b232f3994eee.bin;3079df1f381a87bc.bin;6c66319ffa4bb738.bin;6d6176ab099f3064.bin;70c57eae58af6c94.bin;7ca837cacce9639a.bin;b511ce2cc52d55a4.bin;d01bf01d5611bc53.bin;d56c87aaf7fac0ee.bin
d6f4646c3ed71f53.tex	.tex	C:\Users\etqdo\Downloads\Clash Braum project\Braum.wad\d6f4646c3ed71f53.tex	Braum.wad/d6f4646c3ed71f53.tex	43716	1a855e3c57ef72d4eae13560855691b8ff4a04734e97f12a7d85455a30f7e33d	5445580000010001010a00018aab6c9c	d6f4646c3ed71f53	assets/characters/braum/skins/skin33/particles/braum_skin33_ulti_tx_cm.tex	League texture	other skin/shared; see reference graph	ac2d2bd054d44f09.bin
d72783d7e27e1175.skn	.skn	C:\Users\etqdo\Downloads\Clash Braum project\Braum.wad\d72783d7e27e1175.skn	Braum.wad/d72783d7e27e1175.skn	9292	1395e8753b09bfa715160862812cbabedf2fce54b9f253e79decde8610750189	3322110004000100010000006c616d62	d72783d7e27e1175	assets/characters/braum/skins/skin33/particles/r_fish_02.skn	Skinned mesh with submeshes and vertex weights	other skin/shared; see reference graph	25c2b1d3f80a7166.bin;399a7a520477b139.bin;3a207b8680fc4f78.bin;4af4d37cc3da7630.bin;775c4474dbe4b86c.bin;cf092c39484cec07.bin;f2aa871abddf9427.bin;f5df8e88540921e0.bin;ff9b3266cfca2ba6.bin
d75bdefb7a0c9758.tex	.tex	C:\Users\etqdo\Downloads\Clash Braum project\Braum.wad\d75bdefb7a0c9758.tex	Braum.wad/d75bdefb7a0c9758.tex	87420	0ce5d425c991229c6519860650e7197037f8f3cf7a43c490191fae345e9fd112	5445580000010001010c000156560000	d75bdefb7a0c9758	assets/characters/braum/skins/skin11/particles/braum_skin11_p_icon_base_hit1.tex	League texture	other skin/shared; see reference graph	2974de4048ee048b.bin
d75cd3583534d2e7.tex	.tex	C:\Users\etqdo\Downloads\Clash Braum project\Braum.wad\d75cd3583534d2e7.tex	Braum.wad/d75cd3583534d2e7.tex	10948	043209de97e22dbe5525da9ea7c04a44a3523d295906ee33f402f80048a6bc99	5445580080008000010a000160306118	d75cd3583534d2e7	assets/characters/braum/skins/skin02/particles/braum_skin02_e_sparks.tex	League texture	other skin/shared; see reference graph	d0b441e03335be65.bin
d78ac766b2a58821.tex	.tex	C:\Users\etqdo\Downloads\Clash Braum project\Braum.wad\d78ac766b2a58821.tex	Braum.wad/d78ac766b2a58821.tex	43716	98e1b2d401aa4b25012d95fe4138d6a82c215337ad616cc818be00facbfb77f2	5445580000010001010a0001096b2752	d78ac766b2a58821	assets/characters/braum/skins/skin02/particles/braum_skin02_r_ring_corner.tex	League texture	other skin/shared; see reference graph	d0b441e03335be65.bin
d7b6fcc058a2bc0b.tex	.tex	C:\Users\etqdo\Downloads\Clash Braum project\Braum.wad\d7b6fcc058a2bc0b.tex	Braum.wad/d7b6fcc058a2bc0b.tex	174788	e17cff4b3925949aad27e4cb5fcd871ff01f1f26bfec7ef03fc07cfff43f5265	5445580000020002010a000124092200	d7b6fcc058a2bc0b	assets/spells/textures/aoe.tex	League texture	other skin/shared; see reference graph	52d36b20890112f7.bin
d7c7d3909873cea6.scb	.scb	C:\Users\etqdo\Downloads\Clash Braum project\Braum.wad\d7c7d3909873cea6.scb	Braum.wad/d7c7d3909873cea6.scb	5304	c5c7fe43f62f2a0193e4835354bb58308d1f0e30b5258890bb141cc6d99dc331	723364324d65736803000200653a5c72	d7c7d3909873cea6	assets/characters/braum/skins/skin02/particles/braum_skin02_e_shield_break_01.scb	Static mesh, commonly VFX geometry	other skin/shared; see reference graph	d0b441e03335be65.bin
d840318cf56171b6.tex	.tex	C:\Users\etqdo\Downloads\Clash Braum project\Braum.wad\d840318cf56171b6.tex	Braum.wad/d840318cf56171b6.tex	43740	75a0a1c613b3eb8f6f20c5b85816dacf911adf9af3ef24218fa7e3f4aa3e0707	5445580000018000010c000125250000	d840318cf56171b6	assets/characters/braum/skins/skin51/particles/braum_skin51_lightning_trail_01.tex	League texture	other skin/shared; see reference graph	07f65b37fb75e834.bin;08e5b232f3994eee.bin;3079df1f381a87bc.bin;6c66319ffa4bb738.bin;6d6176ab099f3064.bin;70c57eae58af6c94.bin;7ca837cacce9639a.bin;b511ce2cc52d55a4.bin;d01bf01d5611bc53.bin;d56c87aaf7fac0ee.bin
d864c48fa49cd22a.tex	.tex	C:\Users\etqdo\Downloads\Clash Braum project\Braum.wad\d864c48fa49cd22a.tex	Braum.wad/d864c48fa49cd22a.tex	43716	ff9e62b7196ea41b75271a8b313b04d428eb7a27b7c5ec383fb56262641c6264	5445580000010001010a000124212529	d864c48fa49cd22a	assets/characters/braum/skins/skin42/particles/braum_skin42_q_fire_swirl.tex	League texture	other skin/shared; see reference graph	ab5fbb4cdcdfb2ef.bin
d89fe0ca85194c21.tex	.tex	C:\Users\etqdo\Downloads\Clash Braum project\Braum.wad\d89fe0ca85194c21.tex	Braum.wad/d89fe0ca85194c21.tex	87420	6a11f1cde156d8106406eddb7c27d2473cf7f5f5db133bfec40cda44c8b01760	5445580000010001010c0001ffff0000	d89fe0ca85194c21	assets/characters/braum/skins/base/particles/braum_base_r_ground_nova.tex	League texture	base or shared candidate	2dc39c165f3aa923.bin;f63b31a3da327a4f.bin
d8a52eb470baa538.bin	.bin	C:\Users\etqdo\Downloads\Clash Braum project\Braum.wad\d8a52eb470baa538.bin	Braum.wad/d8a52eb470baa538.bin	80656	f06f66225c229a97c7f80dd1cbab3295799c3817cbe3ba042e9cbd6599bc0c36	50524f50030000000c0000003f034441	d8a52eb470baa538	data/characters/braum/skins/skin16.bin	Property configuration and asset links	other skin/shared; see reference graph	
d8ecd200bb2671c6.anm	.anm	C:\Users\etqdo\Downloads\Clash Braum project\Braum.wad\d8ecd200bb2671c6.anm	Braum.wad/d8ecd200bb2671c6.anm	112098	aa98748407d2483f70f25165e153452fa4dfa98a087f76e890cd82bf57ef5a0f	7233643263616e6d01000000d6b50100	d8ecd200bb2671c6	assets/characters/braum/skins/skin02/animations/braum_skin02_respawn.anm	Animation tracks	other skin/shared; see reference graph	6c0cf3da2d377385.bin
d901fdc69064a0c2.tex	.tex	C:\Users\etqdo\Downloads\Clash Braum project\Braum.wad\d901fdc69064a0c2.tex	Braum.wad/d901fdc69064a0c2.tex	349564	eed51b2131ec9f56e8aa20b0458e10d99dfbe4a5d39cdaea198a6e9c206c2b04	5445580000020002010c0001e4e40000	d901fdc69064a0c2	assets/characters/braum/skins/skin33/braum_skin33_palmtree_tx_cm.tex	League texture	other skin/shared; see reference graph	3a207b8680fc4f78.bin
d938e2fc8121ba87.anm	.anm	C:\Users\etqdo\Downloads\Clash Braum project\Braum.wad\d938e2fc8121ba87.anm	Braum.wad/d938e2fc8121ba87.anm	68076	b8557432dce71f00fcb691ceed7ffa259b0d59cec821f7bf9580a1111331e23a	7233643263616e6d01000000e0090100	d938e2fc8121ba87	assets/characters/braum/skins/skin11/animations/braum_skin11_spell3_punch0-179.anm	Animation tracks	other skin/shared; see reference graph	e43dcf714c8a2a42.bin
d99437355f168fc7.scb	.scb	C:\Users\etqdo\Downloads\Clash Braum project\Braum.wad\d99437355f168fc7.scb	Braum.wad/d99437355f168fc7.scb	28912	3a20701a91e704cb2df72ef3b6532a154425078fbf601fad6268d0e37710f5e3	723364324d65736803000200633a5c6c	d99437355f168fc7	assets/characters/braum/skins/skin33/particles/braum_skin33_puddle_mesh.scb	Static mesh, commonly VFX geometry	other skin/shared; see reference graph	ac2d2bd054d44f09.bin
d9c9a55a529f3036.scb	.scb	C:\Users\etqdo\Downloads\Clash Braum project\Braum.wad\d9c9a55a529f3036.scb	Braum.wad/d9c9a55a529f3036.scb	5304	df7af937e9c595b7b3675ff8a8c96be6a3fa57f9bc6c16a4e0ff94f7f3ffafa4	723364324d6573680300020000000000	d9c9a55a529f3036	assets/characters/braum/skins/skin33/particles/braum_skin33_e_palmtree_coconut.scb	Static mesh, commonly VFX geometry	other skin/shared; see reference graph	25c2b1d3f80a7166.bin;399a7a520477b139.bin;3a207b8680fc4f78.bin;4af4d37cc3da7630.bin;775c4474dbe4b86c.bin;cf092c39484cec07.bin;f2aa871abddf9427.bin;f5df8e88540921e0.bin;ff9b3266cfca2ba6.bin
d9e446b7f5060265.tex	.tex	C:\Users\etqdo\Downloads\Clash Braum project\Braum.wad\d9e446b7f5060265.tex	Braum.wad/d9e446b7f5060265.tex	43716	900b45c159aca6343711275d4f13f43c0e603ea229046f8dc8872010c735c29c	5445580000010001010a000142082100	d9e446b7f5060265	assets/shared/particles/base_stardust.tex	League texture	other skin/shared; see reference graph	ac2d2bd054d44f09.bin
d9f371fb596b21f3.anm	.anm	C:\Users\etqdo\Downloads\Clash Braum project\Braum.wad\d9f371fb596b21f3.anm	Braum.wad/d9f371fb596b21f3.anm	35436	3bf8b9c7ea6edd2502859cb1c6060a4dacdee94c02f660f32fa69a6c1d683f51	7233643263616e6d01000000608a0000	d9f371fb596b21f3	assets/characters/braum/skins/base/animations/braum_channel_loop.anm	Animation tracks	base or shared candidate	0b01eaec2c944f55.bin;57bea13d59e2af1a.bin;5e21202a9a0cef1a.bin;6c0cf3da2d377385.bin;72028fe917890575.bin;aa0aa8a7dd53a131.bin;d0fe19959c26552d.bin;de78a7f6bf5c9803.bin
da03bff2999d493a.bnk	.bnk	C:\Users\etqdo\Downloads\Clash Braum project\Braum.wad\da03bff2999d493a.bnk	Braum.wad/da03bff2999d493a.bnk	9372	244a448c98a64d825940d2ba9d13abe8ffd2ea8624849cbd320194ebe3901a13	424b4844280000009100000039060255	da03bff2999d493a	assets/sounds/wwise2016/sfx/characters/braum/skins/skin10/braum_skin10_sfx_events.bnk	Wwise event graph or embedded audio bank	other skin/shared; see reference graph	f63b31a3da327a4f.bin
da2714556b4e7089.tex	.tex	C:\Users\etqdo\Downloads\Clash Braum project\Braum.wad\da2714556b4e7089.tex	Braum.wad/da2714556b4e7089.tex	43716	86cb0c3e80a5d4bce3504c031bb39399b2ec3cac4a546ce96fda4c485404b969	5445580000010001010a0001a528a108	da2714556b4e7089	assets/characters/braum/skins/skin51/particles/braum_skin51_84.tex	League texture	other skin/shared; see reference graph	7a1193b055eb059a.bin
da2f2d5c0f1863e5.dds	.dds	C:\Users\etqdo\Downloads\Clash Braum project\Braum.wad\da2f2d5c0f1863e5.dds	Braum.wad/da2f2d5c0f1863e5.dds	12416	b193b291edcc27945737aebf5264a99c9816ad2001eef706ba53c76032de9e65	444453207c0000000710080040000000	da2f2d5c0f1863e5	assets/characters/braum/skins/skin01/braum_skin01_cubemap.dds	DirectDraw texture	other skin/shared; see reference graph	1eb4979be4e9320c.bin;26fe02fb42fe5d0f.bin;3e345a7cf645a903.bin;4b8cf46e9a27ff51.bin;4fed391540044397.bin;5d7e7a1984eb745d.bin;69066dbc18657bec.bin;7b9824cbef34ed4d.bin;812e1da9fe14f1ec.bin;a497a5055810256b.bin;e250f290f6212f81.bin
da43a2a2f854a158.tex	.tex	C:\Users\etqdo\Downloads\Clash Braum project\Braum.wad\da43a2a2f854a158.tex	Braum.wad/da43a2a2f854a158.tex	43740	c5561a6cbb90345e2230871b31dbc4efc88df76fd1920b5b9e5485971653297a	5445580000018000010c000136360000	da43a2a2f854a158	assets/characters/braum/skins/skin51/particles/braum_skin51_r_hit_tar.tex	League texture	other skin/shared; see reference graph	7a1193b055eb059a.bin
da5bb819df62a6f1.tex	.tex	C:\Users\etqdo\Downloads\Clash Braum project\Braum.wad\da5bb819df62a6f1.tex	Braum.wad/da5bb819df62a6f1.tex	87420	918d09dceaeb535345e11d5b4fb08edf3936f7e47c501e73325005c89186c9b0	5445580000010001010c000127270000	da5bb819df62a6f1	assets/characters/braum/skins/skin01/particles/braum_skin01_ba_trail_cas.tex	League texture	other skin/shared; see reference graph	fca448d5ff3861b5.bin
dad7267f7e3ac8ce.tex	.tex	C:\Users\etqdo\Downloads\Clash Braum project\Braum.wad\dad7267f7e3ac8ce.tex	Braum.wad/dad7267f7e3ac8ce.tex	21884	c4e9ea7a857097a4b497275642a0ceb02ce94173c7e3d035b18512faeca11ce8	5445580080008000010c000123230000	dad7267f7e3ac8ce	assets/characters/braum/skins/skin51/particles/braum_skin51_eclipse_glassshapes.tex	League texture	other skin/shared; see reference graph	07f65b37fb75e834.bin;08e5b232f3994eee.bin;3079df1f381a87bc.bin;6c66319ffa4bb738.bin;6d6176ab099f3064.bin;70c57eae58af6c94.bin;7a1193b055eb059a.bin;7ca837cacce9639a.bin;b511ce2cc52d55a4.bin;d01bf01d5611bc53.bin;d56c87aaf7fac0ee.bin
dae3d2c8030a0361.tex	.tex	C:\Users\etqdo\Downloads\Clash Braum project\Braum.wad\dae3d2c8030a0361.tex	Braum.wad/dae3d2c8030a0361.tex	87420	adc9bbd2cf916d07b5e0b0141649172d72dd0c627609edc90b5ede55a5846e1e	5445580000010001010c00011d1d0000	dae3d2c8030a0361	assets/characters/braum/skins/skin11/particles/braum_skin11_e_block_shock_smooth.tex	League texture	other skin/shared; see reference graph	2974de4048ee048b.bin
dafa1823ecf683f3.tex	.tex	C:\Users\etqdo\Downloads\Clash Braum project\Braum.wad\dafa1823ecf683f3.tex	Braum.wad/dafa1823ecf683f3.tex	10948	d596e0d6a9cfecfbd0e73fd7769e87880bc909a7f125d1433ca42ff0bb441b92	5445580080008000010a000181180118	dafa1823ecf683f3	assets/characters/braum/skins/skin42/particles/braum_skin42_e_ash_01.tex	League texture	other skin/shared; see reference graph	ab5fbb4cdcdfb2ef.bin
db04892542a20c7a.tex	.tex	C:\Users\etqdo\Downloads\Clash Braum project\Braum.wad\db04892542a20c7a.tex	Braum.wad/db04892542a20c7a.tex	174788	4d263432c616a6ba454d0e97a5358171c802dca376b1ecabd876455ea3062c03	5445580000020002010a0001e962e761	db04892542a20c7a	assets/characters/braum/skins/skin35/braum_skin35_coconut_tx_cm.tex	League texture	other skin/shared; see reference graph	399a7a520477b139.bin
db0ce21300d30e7c.tex	.tex	C:\Users\etqdo\Downloads\Clash Braum project\Braum.wad\db0ce21300d30e7c.tex	Braum.wad/db0ce21300d30e7c.tex	43740	ba1ae3ddc9b5fd78f0df6b8c840a05078fdceca12f6d6ccc2ee07170ab1e3202	5445580000018000010c0001ffff0000	db0ce21300d30e7c	assets/characters/braum/skins/skin01/particles/braum_skin01_ba_flash_tar.tex	League texture	other skin/shared; see reference graph	fca448d5ff3861b5.bin
db20f32b1e62e583.tex	.tex	C:\Users\etqdo\Downloads\Clash Braum project\Braum.wad\db20f32b1e62e583.tex	Braum.wad/db20f32b1e62e583.tex	43716	396a17b23d832c969eb09bd11cd27a5212fa724f4f84b41035d80e0fad0b2d5a	5445580000010001010a000121312030	db20f32b1e62e583	assets/characters/braum/skins/skin01/particles/braum_skin01_e_block_spark.tex	League texture	other skin/shared; see reference graph	fca448d5ff3861b5.bin
db3b3910abdbfa58.tex	.tex	C:\Users\etqdo\Downloads\Clash Braum project\Braum.wad\db3b3910abdbfa58.tex	Braum.wad/db3b3910abdbfa58.tex	349564	62d1343dc6a92984f6b08dd26cfb6cbce7fabae38545b0bf5a8f51f1562a4101	5445580000020002010c00010c0c0000	db3b3910abdbfa58	assets/characters/braum/skins/skin02/particles/braum_skin02_p_stack_04.tex	League texture	other skin/shared; see reference graph	d0b441e03335be65.bin
db48b92fbd28e9ab.scb	.scb	C:\Users\etqdo\Downloads\Clash Braum project\Braum.wad\db48b92fbd28e9ab.scb	Braum.wad/db48b92fbd28e9ab.scb	34784	e1b85a332d9036701f0e51c51b6024679972256d165dd492264a1acc41a81129	723364324d65736803000200653a5c72	db48b92fbd28e9ab	assets/characters/braum/skins/skin01/particles/braum_skin01_e_shield_inchant.scb	Static mesh, commonly VFX geometry	other skin/shared; see reference graph	1eb4979be4e9320c.bin;26fe02fb42fe5d0f.bin;3e345a7cf645a903.bin;4b8cf46e9a27ff51.bin;4fed391540044397.bin;5d7e7a1984eb745d.bin;69066dbc18657bec.bin;7b9824cbef34ed4d.bin;812e1da9fe14f1ec.bin;a497a5055810256b.bin;e250f290f6212f81.bin
db540e259d9713a9.tex	.tex	C:\Users\etqdo\Downloads\Clash Braum project\Braum.wad\db540e259d9713a9.tex	Braum.wad/db540e259d9713a9.tex	349564	1c33562fb970da01b494160fecc81308629e3abb7da58a5c122d19b9ea49eb10	5445580000020002010c0001ffff0000	db540e259d9713a9	assets/characters/braum/skins/skin40/braum_skin40_poro_tx_cm.tex	League texture	other skin/shared; see reference graph	775c4474dbe4b86c.bin
db6eece290a5f354.tex	.tex	C:\Users\etqdo\Downloads\Clash Braum project\Braum.wad\db6eece290a5f354.tex	Braum.wad/db6eece290a5f354.tex	2076	5cf94a056d184d43324721a68334f1c340c5594f4f728c94caa7fde5e6df8717	5445580004000001010c0001dede0000	db6eece290a5f354	assets/shared/particles/braum_base_e_block_shock.tex	League texture	other skin/shared; see reference graph	ac2d2bd054d44f09.bin
db8a071297a97419.anm	.anm	C:\Users\etqdo\Downloads\Clash Braum project\Braum.wad\db8a071297a97419.anm	Braum.wad/db8a071297a97419.anm	133224	2c3885737e7fffcbb9d17b16a5408fb2883952281277658a770c54320cc49397	7233643263616e6d010000005c080200	db8a071297a97419	assets/characters/braum/skins/base/animations/braum_joke_in.anm	Animation tracks	base or shared candidate	0b01eaec2c944f55.bin;57bea13d59e2af1a.bin;5e21202a9a0cef1a.bin;6c0cf3da2d377385.bin;72028fe917890575.bin;aa0aa8a7dd53a131.bin;d0fe19959c26552d.bin;de78a7f6bf5c9803.bin
db9608a9dffeb23b.tex	.tex	C:\Users\etqdo\Downloads\Clash Braum project\Braum.wad\db9608a9dffeb23b.tex	Braum.wad/db9608a9dffeb23b.tex	87420	cb4e79dac2a5cbb6048a2a58ac145db56b7a3491f27be2961f938c31d3a83c7a	5445580000010001010c000119190000	db9608a9dffeb23b	assets/characters/braum/skins/skin10/particles/braum_base_ba_hit_circle_tar.tex	League texture	other skin/shared; see reference graph	2dc39c165f3aa923.bin
db9be0b6d6734e0f.tex	.tex	C:\Users\etqdo\Downloads\Clash Braum project\Braum.wad\db9be0b6d6734e0f.tex	Braum.wad/db9be0b6d6734e0f.tex	43716	44237dae4f44b6265d839909997d08ea45fd833820dc72b2afc296a23e738f4c	5445580000010001010a000162106000	db9be0b6d6734e0f	assets/characters/braum/skins/skin33/particles/braum_skin33_e_sparkle.tex	League texture	other skin/shared; see reference graph	25c2b1d3f80a7166.bin;399a7a520477b139.bin;3a207b8680fc4f78.bin;4af4d37cc3da7630.bin;775c4474dbe4b86c.bin;cf092c39484cec07.bin;f2aa871abddf9427.bin;f5df8e88540921e0.bin;ff9b3266cfca2ba6.bin
dbdb16d45351546f.tex	.tex	C:\Users\etqdo\Downloads\Clash Braum project\Braum.wad\dbdb16d45351546f.tex	Braum.wad/dbdb16d45351546f.tex	10948	4ef615f4b48f79ed7c7002ae4e22d0ed5aeb3e7217fb84f580f0746afc369546	5445580080008000010a000141084008	dbdb16d45351546f	assets/characters/braum/skins/skin42/particles/braum_skin42_spark1_01.tex	League texture	other skin/shared; see reference graph	ab5fbb4cdcdfb2ef.bin
dc7e39187853f9bc.tex	.tex	C:\Users\etqdo\Downloads\Clash Braum project\Braum.wad\dc7e39187853f9bc.tex	Braum.wad/dc7e39187853f9bc.tex	349564	4ca9a331089a4c7a615fc98e7be6f46cb50aa2720753d8c0d9accce93a12cd9c	5445580000020002010c000159590000	dc7e39187853f9bc	assets/characters/braum/skins/skin28/particles/braum_skin28_e_shield_first_block_01.tex	League texture	other skin/shared; see reference graph	88b5dd6dc0e099bd.bin
dccacf2438583154.scb	.scb	C:\Users\etqdo\Downloads\Clash Braum project\Braum.wad\dccacf2438583154.scb	Braum.wad/dccacf2438583154.scb	9640	b7d9b185bd212821334a68bdac1f26c69a8fd9346ee7cb37eccee646e6753a8f	723364324d65736803000200643a5c70	dccacf2438583154	assets/characters/braum/skins/skin02/particles/braum_skin02_r_crack_02.scb	Static mesh, commonly VFX geometry	other skin/shared; see reference graph	d0b441e03335be65.bin
dcde84d1456e05e2.scb	.scb	C:\Users\etqdo\Downloads\Clash Braum project\Braum.wad\dcde84d1456e05e2.scb	Braum.wad/dcde84d1456e05e2.scb	114792	41af7c073e308560385702be56cfe96cc1e63505f73161f954f023716cb6c55b	723364324d6573680300020000000000	dcde84d1456e05e2	assets/characters/braum/skins/skin10/particles/braum_skin10_r_candycanes.scb	Static mesh, commonly VFX geometry	other skin/shared; see reference graph	f63b31a3da327a4f.bin
dd50906a48f7f0e0.tex	.tex	C:\Users\etqdo\Downloads\Clash Braum project\Braum.wad\dd50906a48f7f0e0.tex	Braum.wad/dd50906a48f7f0e0.tex	21884	4d0c7b0622d308f7521fa2731c73e6638a949c2bda9e2078754b00acff92ad79	5445580080008000010c000118180000	dd50906a48f7f0e0	assets/characters/braum/skins/skin51/particles/leona_skin50_crater_35.tex	League texture	other skin/shared; see reference graph	07f65b37fb75e834.bin;08e5b232f3994eee.bin;3079df1f381a87bc.bin;6c66319ffa4bb738.bin;6d6176ab099f3064.bin;70c57eae58af6c94.bin;7a1193b055eb059a.bin;7ca837cacce9639a.bin;b511ce2cc52d55a4.bin;d01bf01d5611bc53.bin;d56c87aaf7fac0ee.bin
dd568dbbf05d3c34.tex	.tex	C:\Users\etqdo\Downloads\Clash Braum project\Braum.wad\dd568dbbf05d3c34.tex	Braum.wad/dd568dbbf05d3c34.tex	21884	021b19f861a0f079da9a6cdf1f6e0d6245d1901d9e28613bcb810cf4a1b2595d	5445580080008000010c000147470000	dd568dbbf05d3c34	assets/characters/braum/skins/skin24/particles/braum_skin24_primary_ba_hit_tar_03_exit_smoke.tex	League texture	other skin/shared; see reference graph	02ab7e4623adf97e.bin
dd6bee48ef13c0cf.tex	.tex	C:\Users\etqdo\Downloads\Clash Braum project\Braum.wad\dd6bee48ef13c0cf.tex	Braum.wad/dd6bee48ef13c0cf.tex	2756	3fac764e02b2cb8dc91ff01feb7401681e8dffd631f9661a3452d210eea43220	5445580040004000010a0001f0830e74	dd6bee48ef13c0cf	assets/characters/braum/skins/skin51/particles/common_color-rampdown.tex	League texture	other skin/shared; see reference graph	07f65b37fb75e834.bin;08e5b232f3994eee.bin;3079df1f381a87bc.bin;6c66319ffa4bb738.bin;6d6176ab099f3064.bin;70c57eae58af6c94.bin;7ca837cacce9639a.bin;b511ce2cc52d55a4.bin;d01bf01d5611bc53.bin;d56c87aaf7fac0ee.bin
ddb9406744bc029b.tex	.tex	C:\Users\etqdo\Downloads\Clash Braum project\Braum.wad\ddb9406744bc029b.tex	Braum.wad/ddb9406744bc029b.tex	87420	999e776527e62969549b20eb60bcab694970863f61ca3ce93d7f9280f2cf8854	5445580000010001010c000117170000	ddb9406744bc029b	assets/characters/braum/skins/skin42/particles/braum_skin42_recall_spark06.tex	League texture	other skin/shared; see reference graph	ab5fbb4cdcdfb2ef.bin
dde7807b3f32cc16.anm	.anm	C:\Users\etqdo\Downloads\Clash Braum project\Braum.wad\dde7807b3f32cc16.anm	Braum.wad/dde7807b3f32cc16.anm	54028	39ece7a9c2268b32dae490e6bca4927076e25447aee212a3ccd52b03b0d1dafe	7233643263616e6d0100000000d30000	dde7807b3f32cc16	assets/characters/braum/skins/skin11/animations/braum_skin11_channelwindup.anm	Animation tracks	other skin/shared; see reference graph	e43dcf714c8a2a42.bin
de7534f3ef4b0968	[none]	C:\Users\etqdo\Downloads\Clash Braum project\Braum.wad\de7534f3ef4b0968	Braum.wad/de7534f3ef4b0968	2063	9b683e54459325619e8c67eec0d0ce89a2ca9fcb6cc1408d6894c2ac52a5c90b	01010000010001001800040000000743	de7534f3ef4b0968		Unknown; inspect magic	other skin/shared; see reference graph	
de78a7f6bf5c9803.bin	.bin	C:\Users\etqdo\Downloads\Clash Braum project\Braum.wad\de78a7f6bf5c9803.bin	Braum.wad/de78a7f6bf5c9803.bin	56164	dab7642291ce9ea6e05450aaac54fb8fe30c0dd646344796f4457acd9e0a862b	50524f50030000000000000001000000	de78a7f6bf5c9803	data/characters/braum/animations/skin1.bin	Property configuration and asset links	other skin/shared; see reference graph	1eb4979be4e9320c.bin;26fe02fb42fe5d0f.bin;3e345a7cf645a903.bin;4b8cf46e9a27ff51.bin;4fed391540044397.bin;5d7e7a1984eb745d.bin;69066dbc18657bec.bin;7b9824cbef34ed4d.bin;812e1da9fe14f1ec.bin;a497a5055810256b.bin;e250f290f6212f81.bin
de92eff5bb7ddeda.bnk	.bnk	C:\Users\etqdo\Downloads\Clash Braum project\Braum.wad\de92eff5bb7ddeda.bnk	Braum.wad/de92eff5bb7ddeda.bnk	1200459	13c764ebe2f1e8437e3c4fe26232f78eef11f5b04692e2a818d807ae33dce387	424b48442800000091000000aaebe82f	de92eff5bb7ddeda	assets/sounds/wwise2016/sfx/characters/braum/skins/skin01/braum_skin01_sfx_audio.bnk	Wwise event graph or embedded audio bank	other skin/shared; see reference graph	1eb4979be4e9320c.bin;26fe02fb42fe5d0f.bin;3e345a7cf645a903.bin;4b8cf46e9a27ff51.bin;4fed391540044397.bin;5d7e7a1984eb745d.bin;69066dbc18657bec.bin;7b9824cbef34ed4d.bin;812e1da9fe14f1ec.bin;a497a5055810256b.bin;e250f290f6212f81.bin
deb4297fbe3e0cd4.tex	.tex	C:\Users\etqdo\Downloads\Clash Braum project\Braum.wad\deb4297fbe3e0cd4.tex	Braum.wad/deb4297fbe3e0cd4.tex	87420	488d1c86b03d09a84f6ce174698f4d97dc5f2b9911dd78ba864917d0f89d8fb7	5445580000010001010c000131310000	deb4297fbe3e0cd4	assets/characters/braum/skins/skin24/particles/braum_skin24_r_smoke_mult.tex	League texture	other skin/shared; see reference graph	3f6a40609700ee85.bin;88b5dd6dc0e099bd.bin;8cf62c85e1e2e7f9.bin;992d3c62ff62964c.bin;a582cf4ad353f261.bin;b30d6dd1b38ee53c.bin;c5c66176cca69ad3.bin;caacae9cc35f0267.bin;d3dbd3f84a5b8600.bin
dec5472addfbdd9e.scb	.scb	C:\Users\etqdo\Downloads\Clash Braum project\Braum.wad\dec5472addfbdd9e.scb	Braum.wad/dec5472addfbdd9e.scb	13440	a097c1e043fe02397049abc27b14cef743e1823db0062885cf5d7f903c8a91df	723364324d6573680300020000000000	dec5472addfbdd9e	assets/characters/braum/skins/skin42/particles/braum_skin42_e_shield_fire01.scb	Static mesh, commonly VFX geometry	other skin/shared; see reference graph	ab5fbb4cdcdfb2ef.bin
ded929be6f257ab6.tex	.tex	C:\Users\etqdo\Downloads\Clash Braum project\Braum.wad\ded929be6f257ab6.tex	Braum.wad/ded929be6f257ab6.tex	1404	eaf7aa50c4351602edac5cfd5eae86953bd4474a921a2564415bd698a3db7398	5445580020002000010c000139390000	ded929be6f257ab6	assets/characters/braum/skins/skin51/particles/braum_skin51_z_aura_self.tex	League texture	other skin/shared; see reference graph	7a1193b055eb059a.bin
dee8d0214f6d68aa.scb	.scb	C:\Users\etqdo\Downloads\Clash Braum project\Braum.wad\dee8d0214f6d68aa.scb	Braum.wad/dee8d0214f6d68aa.scb	2408	7b8b915a67e3bee809c915bfac58fe577162bb5d64392e25cb2ce77b6fb957af	723364324d6573680300020000000000	dee8d0214f6d68aa	assets/characters/braum/skins/skin24/particles/braum_skin24_death_dust_emitter.scb	Static mesh, commonly VFX geometry	other skin/shared; see reference graph	02ab7e4623adf97e.bin
def2aad0196dc12a.anm	.anm	C:\Users\etqdo\Downloads\Clash Braum project\Braum.wad\def2aad0196dc12a.anm	Braum.wad/def2aad0196dc12a.anm	44792	2e0aac6b8a70b75017e20b65d7f3bcd93123acc9542f0dffc3d18c860e1825b2	72336432616e6d6405000000ecae0000	def2aad0196dc12a	assets/characters/braum/skins/base/animations/braum_spell3_punch045.anm	Animation tracks	base or shared candidate	0b01eaec2c944f55.bin;57bea13d59e2af1a.bin;5e21202a9a0cef1a.bin;6c0cf3da2d377385.bin;72028fe917890575.bin;aa0aa8a7dd53a131.bin;d0fe19959c26552d.bin;de78a7f6bf5c9803.bin;e43dcf714c8a2a42.bin
df19f491093b5552.tex	.tex	C:\Users\etqdo\Downloads\Clash Braum project\Braum.wad\df19f491093b5552.tex	Braum.wad/df19f491093b5552.tex	87420	a4741f4647aca9c4b1e4eb8a679ebdf6c6a6ef1f52cda459787332b0d9c6de80	5445580000010001010c0001ffff0000	df19f491093b5552	assets/characters/braum/skins/skin33/braum_skin33_bulb_tx_cm.tex	League texture	other skin/shared; see reference graph	25c2b1d3f80a7166.bin;399a7a520477b139.bin;3a207b8680fc4f78.bin;4af4d37cc3da7630.bin;775c4474dbe4b86c.bin;cf092c39484cec07.bin;f2aa871abddf9427.bin;f5df8e88540921e0.bin;ff9b3266cfca2ba6.bin
df1d17c685931fa1.bnk	.bnk	C:\Users\etqdo\Downloads\Clash Braum project\Braum.wad\df1d17c685931fa1.bnk	Braum.wad/df1d17c685931fa1.bnk	16962	0f7690b931d806287ce0d5ebce72d8bce5de593b2d7a5016fd9c8151a0f5e930	424b484428000000910000005229df25	df1d17c685931fa1	assets/sounds/wwise2016/sfx/characters/braum/skins/skin33/braum_skin33_sfx_events.bnk	Wwise event graph or embedded audio bank	other skin/shared; see reference graph	25c2b1d3f80a7166.bin;399a7a520477b139.bin;3a207b8680fc4f78.bin;4af4d37cc3da7630.bin;775c4474dbe4b86c.bin;cf092c39484cec07.bin;f2aa871abddf9427.bin;f5df8e88540921e0.bin;ff9b3266cfca2ba6.bin
df2f2049cd72eff2.tex	.tex	C:\Users\etqdo\Downloads\Clash Braum project\Braum.wad\df2f2049cd72eff2.tex	Braum.wad/df2f2049cd72eff2.tex	21876	6292bbc528a1b645e0032744ba12776dfef8b70a334813a73da819e5edd410db	5445580000018000010a0001eeb2eb91	df2f2049cd72eff2	assets/characters/braum/skins/skin28/particles/braum_skin28_e_shield_override_01.tex	League texture	other skin/shared; see reference graph	88b5dd6dc0e099bd.bin
df3135a98c19917e.skn	.skn	C:\Users\etqdo\Downloads\Clash Braum project\Braum.wad\df3135a98c19917e.skn	Braum.wad/df3135a98c19917e.skn	6016	00e4560dada41c43337d9ec614daf15e277264fc9b6b7e6215f69847fea4a3c8	3322110002000100010000006c616d62	df3135a98c19917e	assets/characters/braum/skins/skin02/particles/braum_skin02_r_ice_shard.skn	Skinned mesh with submeshes and vertex weights	other skin/shared; see reference graph	d0b441e03335be65.bin
df3d4394af7414d7.tex	.tex	C:\Users\etqdo\Downloads\Clash Braum project\Braum.wad\df3d4394af7414d7.tex	Braum.wad/df3d4394af7414d7.tex	87420	13f61bccc5dd79c8056991bec2858ee78f89f17d67d4c132f49efd54917a0d38	5445580000010001010c00015f5f0000	df3d4394af7414d7	assets/characters/braum/skins/skin11/particles/braum_skin11_p_icon_03.tex	League texture	other skin/shared; see reference graph	2974de4048ee048b.bin
df54fcf416ebf3db.anm	.anm	C:\Users\etqdo\Downloads\Clash Braum project\Braum.wad\df54fcf416ebf3db.anm	Braum.wad/df54fcf416ebf3db.anm	38200	9fcc8b3923e83c230e905f48cdd29f56b30feac28aa538fe78d5dd9cd62fc799	7233643263616e6d010000002c950000	df54fcf416ebf3db	assets/characters/braum/skins/skin11/animations/braum_skin11_spell3_idle180.anm	Animation tracks	other skin/shared; see reference graph	e43dcf714c8a2a42.bin
df940b0046d92664.tex	.tex	C:\Users\etqdo\Downloads\Clash Braum project\Braum.wad\df940b0046d92664.tex	Braum.wad/df940b0046d92664.tex	174788	ca5103bb44cfafb09db7adec4354576c1ce968ea0fb5660067856282ff907ff3	5445580000020002010a0001e8590852	df940b0046d92664	assets/characters/braum/skins/skin12/braum_skin12_poro_tx_cm.tex	League texture	other skin/shared; see reference graph	ed7ecf9170cfaaf8.bin
dfb391c3272cfb2e.tex	.tex	C:\Users\etqdo\Downloads\Clash Braum project\Braum.wad\dfb391c3272cfb2e.tex	Braum.wad/dfb391c3272cfb2e.tex	43716	23691dac2d0a1bd9c5f92eac75289f2b82cd575ac1812b83339f859993adcc34	5445580000010001010a00010e8b0a7b	dfb391c3272cfb2e	assets/characters/braum/skins/skin34/particles/braum_skin34_poro_tx_cm.tex	League texture	other skin/shared; see reference graph	ff9b3266cfca2ba6.bin
e00ec3ea75eb7c50.tex	.tex	C:\Users\etqdo\Downloads\Clash Braum project\Braum.wad\e00ec3ea75eb7c50.tex	Braum.wad/e00ec3ea75eb7c50.tex	87420	18ae522bfa453a730fcefa118a89a06258c95db9c9de1da68a30315fa47f3227	5445580000010001010c000111110000	e00ec3ea75eb7c50	assets/characters/braum/skins/skin51/particles/braum_skin51_p_skin51_022.tex	League texture	other skin/shared; see reference graph	7a1193b055eb059a.bin
e014469ba5ca3634.tex	.tex	C:\Users\etqdo\Downloads\Clash Braum project\Braum.wad\e014469ba5ca3634.tex	Braum.wad/e014469ba5ca3634.tex	10948	043209de97e22dbe5525da9ea7c04a44a3523d295906ee33f402f80048a6bc99	5445580080008000010a000160306118	e014469ba5ca3634	assets/characters/braum/skins/skin02/particles/braum_skin02_q_end_spark_mis.tex	League texture	other skin/shared; see reference graph	d0b441e03335be65.bin
e040049bfc5e18f9.tex	.tex	C:\Users\etqdo\Downloads\Clash Braum project\Braum.wad\e040049bfc5e18f9.tex	Braum.wad/e040049bfc5e18f9.tex	16396	13031a5d4575fe5effdcd366f3024194468125f3c5200b765b43629c49ac4aed	5445580080008000010c000000000000	e040049bfc5e18f9	assets/characters/braum/hud/braum_circle_10.tex	League texture	other skin/shared; see reference graph	f63b31a3da327a4f.bin
e0539e7594489a07.tex	.tex	C:\Users\etqdo\Downloads\Clash Braum project\Braum.wad\e0539e7594489a07.tex	Braum.wad/e0539e7594489a07.tex	43716	6f0748b75c37dbebde0b288dfc8f07f123dc5ac98f447de8ff281cb1091344dd	5445580000010001010a0001c318c310	e0539e7594489a07	assets/characters/braum/skins/skin10/particles/braum_base_w_wispy_smoke.tex	League texture	other skin/shared; see reference graph	f63b31a3da327a4f.bin
e093c2b7870dfdd0.tex	.tex	C:\Users\etqdo\Downloads\Clash Braum project\Braum.wad\e093c2b7870dfdd0.tex	Braum.wad/e093c2b7870dfdd0.tex	21884	6b14882bd9c3b103db8188cfdd1f04061c88abdb976d755faa601aba2359f84d	5445580080008000010c000195950000	e093c2b7870dfdd0	assets/characters/braum/skins/skin33/particles/braum_skin33_q_fire_trail_up.tex	League texture	other skin/shared; see reference graph	25c2b1d3f80a7166.bin;399a7a520477b139.bin;3a207b8680fc4f78.bin;4af4d37cc3da7630.bin;775c4474dbe4b86c.bin;cf092c39484cec07.bin;f2aa871abddf9427.bin;f5df8e88540921e0.bin;ff9b3266cfca2ba6.bin
e0b71c49cc81119e.tex	.tex	C:\Users\etqdo\Downloads\Clash Braum project\Braum.wad\e0b71c49cc81119e.tex	Braum.wad/e0b71c49cc81119e.tex	87420	557afb03ad13b761d11c53bfc043071c57cc5144fe038acb68faf26a74eb4cc9	5445580000010001010c00019a9a0000	e0b71c49cc81119e	assets/characters/braum/skins/skin01/particles/braum_skin01_i_donut_normal.tex	League texture	other skin/shared; see reference graph	d0b441e03335be65.bin;fca448d5ff3861b5.bin
e0bf07281bdcae5f.bnk	.bnk	C:\Users\etqdo\Downloads\Clash Braum project\Braum.wad\e0bf07281bdcae5f.bnk	Braum.wad/e0bf07281bdcae5f.bnk	1087755	85031c1ea48bd83b410e3db5de06c52dea8ad0ecea70d96b3d22f5d156de9e98	424b48442c00000091000000e9e1b850	e0bf07281bdcae5f	assets/sounds/wwise2016/sfx/characters/braum/skins/skin51/braum_skin51_sfx_audio.bnk	Wwise event graph or embedded audio bank	other skin/shared; see reference graph	07f65b37fb75e834.bin;08e5b232f3994eee.bin;3079df1f381a87bc.bin;6c66319ffa4bb738.bin;6d6176ab099f3064.bin;70c57eae58af6c94.bin;7ca837cacce9639a.bin;b511ce2cc52d55a4.bin;d01bf01d5611bc53.bin;d56c87aaf7fac0ee.bin
e0e2ff525391c0b5.tex	.tex	C:\Users\etqdo\Downloads\Clash Braum project\Braum.wad\e0e2ff525391c0b5.tex	Braum.wad/e0e2ff525391c0b5.tex	349556	13f2173426056310083211bcc501ef613142d28e8ede0c0a8530585084d07f32	5445580000040002010a0001e7490329	e0e2ff525391c0b5	assets/characters/braum/skins/skin11/braum_skin11_tx_cm.tex	League texture	other skin/shared; see reference graph	42ee6bdbfc9d170b.bin
e0ed78e1be3cb684.scb	.scb	C:\Users\etqdo\Downloads\Clash Braum project\Braum.wad\e0ed78e1be3cb684.scb	Braum.wad/e0ed78e1be3cb684.scb	9640	7f43aa5be4b6c99f06dc61b8f5bc47f2b1125bec904c6c9ef0a44d28bf240b0b	723364324d65736803000200653a5c72	e0ed78e1be3cb684	assets/characters/braum/skins/skin11/particles/braum_skin11_r_crack_mesh.scb	Static mesh, commonly VFX geometry	other skin/shared; see reference graph	2974de4048ee048b.bin
e10ccda06338167b.anm	.anm	C:\Users\etqdo\Downloads\Clash Braum project\Braum.wad\e10ccda06338167b.anm	Braum.wad/e10ccda06338167b.anm	806	d6669642ccdfd772b1453281df6ad1e17f9533045349b9d09bcb6f789c73775a	7233643263616e6d010000001a030000	e10ccda06338167b	assets/characters/braum/skins/skin51/particles/braum_skin51_st_anim03.anm	Animation tracks	other skin/shared; see reference graph	07f65b37fb75e834.bin;08e5b232f3994eee.bin;3079df1f381a87bc.bin;6c66319ffa4bb738.bin;6d6176ab099f3064.bin;70c57eae58af6c94.bin;7ca837cacce9639a.bin;b511ce2cc52d55a4.bin;d01bf01d5611bc53.bin;d56c87aaf7fac0ee.bin
e148d5781e4abd9f.scb	.scb	C:\Users\etqdo\Downloads\Clash Braum project\Braum.wad\e148d5781e4abd9f.scb	Braum.wad/e148d5781e4abd9f.scb	9628	835b0bfe16338037573a3fb188a5827221ec7106e6773fd9e6777e3aa43e57f0	723364324d65736802000200653a5c72	e148d5781e4abd9f	assets/characters/braum/skins/skin02/particles/braum_skin02_q_knock_up_tar.scb	Static mesh, commonly VFX geometry	other skin/shared; see reference graph	d0b441e03335be65.bin
e152dcf7a7acae04.tex	.tex	C:\Users\etqdo\Downloads\Clash Braum project\Braum.wad\e152dcf7a7acae04.tex	Braum.wad/e152dcf7a7acae04.tex	16396	c83dfbfb25cfd5d4d6d4c74c0511623aca3bcf98f27864eaf34f855327616056	5445580080008000010c000000000000	e152dcf7a7acae04	assets/characters/braum/hud/braum_circle_3.tex	League texture	other skin/shared; see reference graph	03e78a116663752e.bin
e1ce625064b25b4c.tex	.tex	C:\Users\etqdo\Downloads\Clash Braum project\Braum.wad\e1ce625064b25b4c.tex	Braum.wad/e1ce625064b25b4c.tex	87420	4f83757604fe1a66016ff0869dfc5b2442bd03556c92076f3cb17f245c99a0b8	5445580000010001010c0001ffff0000	e1ce625064b25b4c	assets/characters/braum/skins/skin42/particles/braum_skin42_r_ground_nova01.tex	League texture	other skin/shared; see reference graph	ab5fbb4cdcdfb2ef.bin
e1dfd1a549890037.bin	.bin	C:\Users\etqdo\Downloads\Clash Braum project\Braum.wad\e1dfd1a549890037.bin	Braum.wad/e1dfd1a549890037.bin	80656	8725e6708b1e6c2bb1d7c5982959b5768ed204f221a83f6d433eaefdf914e933	50524f50030000000c0000003f034441	e1dfd1a549890037	data/characters/braum/skins/skin15.bin	Property configuration and asset links	other skin/shared; see reference graph	
e1dffcfdce411708.skn	.skn	C:\Users\etqdo\Downloads\Clash Braum project\Braum.wad\e1dffcfdce411708.skn	Braum.wad/e1dffcfdce411708.skn	991808	7987f3aa2d4ee598904f2a5d0ae839319bb28636b15eb05d5dce10b7d5e495f9	33221100040001000200000042726175	e1dffcfdce411708	assets/characters/braum/skins/skin15/braum_skin15.skn	Skinned mesh with submeshes and vertex weights	other skin/shared; see reference graph	23b85b75eb659166.bin;e1dfd1a549890037.bin
e250f290f6212f81.bin	.bin	C:\Users\etqdo\Downloads\Clash Braum project\Braum.wad\e250f290f6212f81.bin	Braum.wad/e250f290f6212f81.bin	25259	c89ad05bc4d5f41aed1c17704068ddbd97787ab145518be666dc356979484b5d	50524f5003000000090000003f034441	e250f290f6212f81	data/characters/braum/skins/skin7.bin	Property configuration and asset links	other skin/shared; see reference graph	
e279013406315728.tex	.tex	C:\Users\etqdo\Downloads\Clash Braum project\Braum.wad\e279013406315728.tex	Braum.wad/e279013406315728.tex	43740	676ad93c220f4540915ca2d0457aa8d5585a612d106e298643664a8f7432125f	5445580000018000010c000158580000	e279013406315728	assets/characters/braum/skins/skin42/particles/braum_skin42_erosion03.tex	League texture	other skin/shared; see reference graph	ab5fbb4cdcdfb2ef.bin
e280bff69ed1363d.tex	.tex	C:\Users\etqdo\Downloads\Clash Braum project\Braum.wad\e280bff69ed1363d.tex	Braum.wad/e280bff69ed1363d.tex	21876	5f5444782c6e9f17b8799d8c944afa41ca82848b857cfa87a2617a6290a7ca55	5445580000018000010a000175ad9294	e280bff69ed1363d	assets/characters/braum/skins/skin51/particles/braum_skin51_r_lightningerosion04_dis.tex	League texture	other skin/shared; see reference graph	07f65b37fb75e834.bin;08e5b232f3994eee.bin;3079df1f381a87bc.bin;6c66319ffa4bb738.bin;6d6176ab099f3064.bin;70c57eae58af6c94.bin;7a1193b055eb059a.bin;7ca837cacce9639a.bin;b511ce2cc52d55a4.bin;d01bf01d5611bc53.bin;d56c87aaf7fac0ee.bin
e2ab3dc012ae5c47.tex	.tex	C:\Users\etqdo\Downloads\Clash Braum project\Braum.wad\e2ab3dc012ae5c47.tex	Braum.wad/e2ab3dc012ae5c47.tex	174788	fb88849bfedbe53f07f5e16dddf3533449511eaa384017173ca6f1f18d4642ef	5445580000020002010a0001a982a582	e2ab3dc012ae5c47	assets/characters/braum/skins/skin10/particles/braum_skin10_e_shield_texture.tex	League texture	other skin/shared; see reference graph	f63b31a3da327a4f.bin
e2af6733e40e8473.scb	.scb	C:\Users\etqdo\Downloads\Clash Braum project\Braum.wad\e2af6733e40e8473.scb	Braum.wad/e2af6733e40e8473.scb	50884	11f6ae563f91706ed5a2babef0048e3e410ddb8d379f2417b67ce0c19831f017	723364324d6573680300020000000000	e2af6733e40e8473	assets/characters/braum/skins/skin51/particles/braum_skin51_shield_021.scb	Static mesh, commonly VFX geometry	other skin/shared; see reference graph	07f65b37fb75e834.bin;08e5b232f3994eee.bin;3079df1f381a87bc.bin;6c66319ffa4bb738.bin;6d6176ab099f3064.bin;70c57eae58af6c94.bin;7ca837cacce9639a.bin;b511ce2cc52d55a4.bin;d01bf01d5611bc53.bin;d56c87aaf7fac0ee.bin
e2bb29a6538f93b3.tex	.tex	C:\Users\etqdo\Downloads\Clash Braum project\Braum.wad\e2bb29a6538f93b3.tex	Braum.wad/e2bb29a6538f93b3.tex	349564	8bcbde47cb916fa85e01db886653b618f27d3499aa443619793ceee415548028	5445580000020002010c000182820000	e2bb29a6538f93b3	assets/characters/braum/skins/skin24/particles/braum_skin24_e_shield_inchant.tex	League texture	other skin/shared; see reference graph	3f6a40609700ee85.bin;88b5dd6dc0e099bd.bin;8cf62c85e1e2e7f9.bin;992d3c62ff62964c.bin;a582cf4ad353f261.bin;b30d6dd1b38ee53c.bin;c5c66176cca69ad3.bin;caacae9cc35f0267.bin;d3dbd3f84a5b8600.bin
e2cb9fa62806bd45.scb	.scb	C:\Users\etqdo\Downloads\Clash Braum project\Braum.wad\e2cb9fa62806bd45.scb	Braum.wad/e2cb9fa62806bd45.scb	33976	b586daf43dd09286b6c419f78c07be0bfe4d45a97fcb1773fcf7ac202573d894	723364324d6573680300020000000000	e2cb9fa62806bd45	assets/characters/braum/skins/skin33/particles/braum_skin33_r_waveback.scb	Static mesh, commonly VFX geometry	other skin/shared; see reference graph	ac2d2bd054d44f09.bin
e2e43cab24751a50.tex	.tex	C:\Users\etqdo\Downloads\Clash Braum project\Braum.wad\e2e43cab24751a50.tex	Braum.wad/e2e43cab24751a50.tex	10948	6d6375a25f8a9ca9aed17416b3d0ba0b69f9a4e9781b8017288fe81ecb820925	5445580080008000010a000161082108	e2e43cab24751a50	assets/characters/braum/skins/skin51/particles/braum_skin51_90.tex	League texture	other skin/shared; see reference graph	07f65b37fb75e834.bin;08e5b232f3994eee.bin;3079df1f381a87bc.bin;6c66319ffa4bb738.bin;6d6176ab099f3064.bin;70c57eae58af6c94.bin;7a1193b055eb059a.bin;7ca837cacce9639a.bin;b511ce2cc52d55a4.bin;d01bf01d5611bc53.bin;d56c87aaf7fac0ee.bin
e2f91c95160560fa.scb	.scb	C:\Users\etqdo\Downloads\Clash Braum project\Braum.wad\e2f91c95160560fa.scb	Braum.wad/e2f91c95160560fa.scb	1488	d96d196ae12272ed1e1098d0bee8752a103d031b03d654f4bc6b52d4c1a9bb31	723364324d6573680300020000000000	e2f91c95160560fa	assets/characters/braum/skins/skin11/particles/braum_skin11_q_mis_goldbar.scb	Static mesh, commonly VFX geometry	other skin/shared; see reference graph	23b85b75eb659166.bin;36b00af025f54940.bin;42ee6bdbfc9d170b.bin;4fe453abcf9c5181.bin;a44281cd843a8348.bin;bb8b47c7d87589f7.bin;d8a52eb470baa538.bin;e1dfd1a549890037.bin;ed7ecf9170cfaaf8.bin
e34b353a65d2424d.tex	.tex	C:\Users\etqdo\Downloads\Clash Braum project\Braum.wad\e34b353a65d2424d.tex	Braum.wad/e34b353a65d2424d.tex	87420	c9dfe0d85fb8a5137898b68a64d449c8757e38fa27b58eb64184a82c64450534	5445580000010001010c000105050000	e34b353a65d2424d	assets/characters/braum/skins/skin10/particles/braum_base_r_dirt_spatter.tex	League texture	other skin/shared; see reference graph	2974de4048ee048b.bin;2dc39c165f3aa923.bin
e34bd3095a79592e.tex	.tex	C:\Users\etqdo\Downloads\Clash Braum project\Braum.wad\e34bd3095a79592e.tex	Braum.wad/e34bd3095a79592e.tex	87420	ec4db104488079cdc128a658d1990205828f9195750ee84eb54ab1bb3d0229e7	5445580000010001010c0001d4d40000	e34bd3095a79592e	assets/characters/braum/skins/base/particles/braum_base_e_shield_inchant_mult.tex	League texture	base or shared candidate	03e78a116663752e.bin;eb9d53354a504663.bin
e3d608fc46e83968.scb	.scb	C:\Users\etqdo\Downloads\Clash Braum project\Braum.wad\e3d608fc46e83968.scb	Braum.wad/e3d608fc46e83968.scb	43888	8730c8243019480ccd8044f77c4e5d43ed0f4999552cc6900c8bdea82e9bdf53	723364324d6573680300020000000000	e3d608fc46e83968	assets/characters/braum/skins/skin51/particles/braum_skin51_z_snow_edge1.scb	Static mesh, commonly VFX geometry	other skin/shared; see reference graph	7a1193b055eb059a.bin
e4078d70e5b8ff89.tex	.tex	C:\Users\etqdo\Downloads\Clash Braum project\Braum.wad\e4078d70e5b8ff89.tex	Braum.wad/e4078d70e5b8ff89.tex	36	ff2137e5ee5e0e0bb23ce5622cb436169c5fe48996e22d1260d64810d8415d6f	5445580004000400010a0001fffffeff	e4078d70e5b8ff89	assets/shared/materials/white.tex	League texture	other skin/shared; see reference graph	087454f36df0c471.bin;21c14331eb9e3fdd.bin;3f6a40609700ee85.bin;5665076b09fc85c9.bin;60bd129d627e731e.bin;88b5dd6dc0e099bd.bin;8cf62c85e1e2e7f9.bin;992d3c62ff62964c.bin;99f61b5c2dd61e45.bin;a485c4b46181b64d.bin;a582cf4ad353f261.bin;ab5fbb4cdcdfb2ef.bin;b30d6dd1b38ee53c.bin;b4470b8fb5a238f6.bin;c5c66176cca69ad3.bin;caacae9cc35f0267.bin;d3dbd3f84a5b8600.bin;e4dae9eea59fb2f8.bin;fbd72592f4eee68e.bin
e4288751a5fb5fc2.tex	.tex	C:\Users\etqdo\Downloads\Clash Braum project\Braum.wad\e4288751a5fb5fc2.tex	Braum.wad/e4288751a5fb5fc2.tex	349564	40be02b73975c371141b3091799e094b39eb7885a40847b8f3a13ba2d5199359	5445580000020002010c000108080000	e4288751a5fb5fc2	assets/characters/braum/skins/skin31/particles/braum_skin31_q_cookie_shard.tex	League texture	other skin/shared; see reference graph	c5c66176cca69ad3.bin
e43dcf714c8a2a42.bin	.bin	C:\Users\etqdo\Downloads\Clash Braum project\Braum.wad\e43dcf714c8a2a42.bin	Braum.wad/e43dcf714c8a2a42.bin	56228	952be31131405147ab714aea6381856f6b01134ce47658c483c27c16c264f8e2	50524f50030000000000000001000000	e43dcf714c8a2a42	data/characters/braum/animations/skin11.bin	Property configuration and asset links	other skin/shared; see reference graph	23b85b75eb659166.bin;36b00af025f54940.bin;42ee6bdbfc9d170b.bin;4fe453abcf9c5181.bin;a44281cd843a8348.bin;bb8b47c7d87589f7.bin;d8a52eb470baa538.bin;e1dfd1a549890037.bin;ed7ecf9170cfaaf8.bin
e45bbc91b0d31112.anm	.anm	C:\Users\etqdo\Downloads\Clash Braum project\Braum.wad\e45bbc91b0d31112.anm	Braum.wad/e45bbc91b0d31112.anm	80228	98dc832d3d3272d6e131c98e6634d4e9bc553ab1c57603635e7a567480b3581e	72336432616e6d640400000058390100	e45bbc91b0d31112	assets/characters/braum/skins/base/animations/braum_spell3_punchleft-45.anm	Animation tracks	base or shared candidate	0b01eaec2c944f55.bin;57bea13d59e2af1a.bin;5e21202a9a0cef1a.bin;6c0cf3da2d377385.bin;72028fe917890575.bin;aa0aa8a7dd53a131.bin;d0fe19959c26552d.bin;de78a7f6bf5c9803.bin;e43dcf714c8a2a42.bin
e4a9a819adfa11a0.tex	.tex	C:\Users\etqdo\Downloads\Clash Braum project\Braum.wad\e4a9a819adfa11a0.tex	Braum.wad/e4a9a819adfa11a0.tex	43716	e23720f4f87e416107f9dd9554801e927c203a5b25e8ec51499061ccf705b206	5445580000010001010a00014ffc71fb	e4a9a819adfa11a0	assets/characters/braum/skins/skin24/particles/braum_skin24_map_candy_red.tex	League texture	other skin/shared; see reference graph	02ab7e4623adf97e.bin
e4aba8c837a91ca8.tex	.tex	C:\Users\etqdo\Downloads\Clash Braum project\Braum.wad\e4aba8c837a91ca8.tex	Braum.wad/e4aba8c837a91ca8.tex	10948	028d5108565b51fe2e1198adb88067c57bff1eeedc186365909fd89b6f650bc1	5445580080008000010a0001a539a929	e4aba8c837a91ca8	assets/characters/braum/skins/skin51/particles/braum_skin51_z_energystrands.tex	League texture	other skin/shared; see reference graph	07f65b37fb75e834.bin;08e5b232f3994eee.bin;3079df1f381a87bc.bin;6c66319ffa4bb738.bin;6d6176ab099f3064.bin;70c57eae58af6c94.bin;7ca837cacce9639a.bin;b511ce2cc52d55a4.bin;d01bf01d5611bc53.bin;d56c87aaf7fac0ee.bin
e4b89debfe562733.tex	.tex	C:\Users\etqdo\Downloads\Clash Braum project\Braum.wad\e4b89debfe562733.tex	Braum.wad/e4b89debfe562733.tex	21884	6b14882bd9c3b103db8188cfdd1f04061c88abdb976d755faa601aba2359f84d	5445580080008000010c000195950000	e4b89debfe562733	assets/characters/braum/skins/skin51/particles/braum_skin51_q_fire_trail_up.tex	League texture	other skin/shared; see reference graph	07f65b37fb75e834.bin;08e5b232f3994eee.bin;3079df1f381a87bc.bin;6c66319ffa4bb738.bin;6d6176ab099f3064.bin;70c57eae58af6c94.bin;7ca837cacce9639a.bin;b511ce2cc52d55a4.bin;d01bf01d5611bc53.bin;d56c87aaf7fac0ee.bin
e4dae9eea59fb2f8.bin	.bin	C:\Users\etqdo\Downloads\Clash Braum project\Braum.wad\e4dae9eea59fb2f8.bin	Braum.wad/e4dae9eea59fb2f8.bin	11080	a45ee6cec5a997ed27353c5458d33809416621a0aeb7e6595abc90e40709feab	50524f5003000000040000009a004441	e4dae9eea59fb2f8	data/characters/braum/skins/skin44.bin	Property configuration and asset links	other skin/shared; see reference graph	
e535bb11b8b4144d.tex	.tex	C:\Users\etqdo\Downloads\Clash Braum project\Braum.wad\e535bb11b8b4144d.tex	Braum.wad/e535bb11b8b4144d.tex	43732	09f3dacd4b663edd5187cba3e3e6926d9c1249e6bfb760e0f03074dc04f2e20e	5445580080000002010a000142084200	e535bb11b8b4144d	assets/characters/braum/skins/base/particles/braum_base_r_indicator_side.tex	League texture	base or shared candidate	2974de4048ee048b.bin;2dc39c165f3aa923.bin;b8bd8d39ea1d1810.bin;fca448d5ff3861b5.bin
e5471ccf27849b86.scb	.scb	C:\Users\etqdo\Downloads\Clash Braum project\Braum.wad\e5471ccf27849b86.scb	Braum.wad/e5471ccf27849b86.scb	34784	aad28a753f850ea47d91da3b0f54304a131c6724b98bc084e87ee62e1ea72d62	723364324d65736803000200653a5c72	e5471ccf27849b86	assets/characters/braum/skins/skin02/particles/braum_skin02_e_shield_inchant_ini.scb	Static mesh, commonly VFX geometry	other skin/shared; see reference graph	d0b441e03335be65.bin
e563d2ec94e4fc24.tex	.tex	C:\Users\etqdo\Downloads\Clash Braum project\Braum.wad\e563d2ec94e4fc24.tex	Braum.wad/e563d2ec94e4fc24.tex	43716	85667b6ca9ec38ba3ea5c3a105639430aa79acd7a46fa96e87aa152a0025558b	5445580000010001010a0001a2080100	e563d2ec94e4fc24	assets/characters/braum/skins/base/particles/braum_base_q_end_spark_mis.tex	League texture	base or shared candidate	2dc39c165f3aa923.bin;b8d6f27624ae797b.bin;f2ef4463d62600e6.bin;f63b31a3da327a4f.bin
e56f43628ab0b84d.tex	.tex	C:\Users\etqdo\Downloads\Clash Braum project\Braum.wad\e56f43628ab0b84d.tex	Braum.wad/e56f43628ab0b84d.tex	21884	6ce600a5c83b9e3bc60659e2a6f5471d67c7e07557aa3790cfe11ef02871494a	5445580080008000010c00012d2d0000	e56f43628ab0b84d	assets/characters/braum/skins/skin51/particles/cirlcle_01.tex	League texture	other skin/shared; see reference graph	07f65b37fb75e834.bin;08e5b232f3994eee.bin;3079df1f381a87bc.bin;6c66319ffa4bb738.bin;6d6176ab099f3064.bin;70c57eae58af6c94.bin;7a1193b055eb059a.bin;7ca837cacce9639a.bin;b511ce2cc52d55a4.bin;d01bf01d5611bc53.bin;d56c87aaf7fac0ee.bin
e5bde7f7b0ac30bc.tex	.tex	C:\Users\etqdo\Downloads\Clash Braum project\Braum.wad\e5bde7f7b0ac30bc.tex	Braum.wad/e5bde7f7b0ac30bc.tex	2756	6005651f1e9b2ee63991feddc6c7b554ee572bb1ae50399df64b29eecb46c80f	5445580040004000010a00011084f39c	e5bde7f7b0ac30bc	assets/characters/braum/skins/base/particles/braum_base_e_shield_rgba.tex	League texture	base or shared candidate	03e78a116663752e.bin;2974de4048ee048b.bin;eb9d53354a504663.bin
e609538287be3658.tex	.tex	C:\Users\etqdo\Downloads\Clash Braum project\Braum.wad\e609538287be3658.tex	Braum.wad/e609538287be3658.tex	43740	0d255b11e99d867de8f0c800a14ce5c4625b138b7674207cf468a1b739884f88	5445580000018000010c000121210000	e609538287be3658	assets/characters/braum/skins/skin33/particles/braum_skin33_q_edge_water.tex	League texture	other skin/shared; see reference graph	25c2b1d3f80a7166.bin;399a7a520477b139.bin;3a207b8680fc4f78.bin;4af4d37cc3da7630.bin;775c4474dbe4b86c.bin;cf092c39484cec07.bin;f2aa871abddf9427.bin;f5df8e88540921e0.bin;ff9b3266cfca2ba6.bin
e63e7a9cbb51a42f.bin	.bin	C:\Users\etqdo\Downloads\Clash Braum project\Braum.wad\e63e7a9cbb51a42f.bin	Braum.wad/e63e7a9cbb51a42f.bin	3363	b7dd3fd8a822c6986d8c022c38ec347af9915427cd8c47e95f067b3548fb2928	50524f5003000000030000003f034441	e63e7a9cbb51a42f	data/characters/braum/skins/root.bin	Property configuration and asset links	other skin/shared; see reference graph	
e66d2c9c085d10d2.tex	.tex	C:\Users\etqdo\Downloads\Clash Braum project\Braum.wad\e66d2c9c085d10d2.tex	Braum.wad/e66d2c9c085d10d2.tex	87420	b35501681a5456ce2b7cf943a92841ec4de070c9b5cef519b6bcc3b245495958	5445580000010001010c000111110000	e66d2c9c085d10d2	assets/characters/braum/skins/skin51/particles/braum_skin51_p_skin51_03.tex	League texture	other skin/shared; see reference graph	7a1193b055eb059a.bin
e6a391eda51c7287.tex	.tex	C:\Users\etqdo\Downloads\Clash Braum project\Braum.wad\e6a391eda51c7287.tex	Braum.wad/e6a391eda51c7287.tex	87420	8891f49f35db6c80782d6e483f17546a2b531f5b7264d9327bbdce3b40a141c3	5445580000010001010c00011f1f0000	e6a391eda51c7287	assets/characters/braum/skins/skin01/particles/braum_skin01_q_ini_ring_02.tex	League texture	other skin/shared; see reference graph	fca448d5ff3861b5.bin
e6bddb590a1437a7.anm	.anm	C:\Users\etqdo\Downloads\Clash Braum project\Braum.wad\e6bddb590a1437a7.anm	Braum.wad/e6bddb590a1437a7.anm	16492	4eba434b8254c494d8b5dce22596532980cf64eaa87cd2797d2e5e066ad267c3	72336432616e6d640500000060400000	e6bddb590a1437a7	assets/characters/braum/skins/base/animations/braum_channel_in.anm	Animation tracks	base or shared candidate	0b01eaec2c944f55.bin;57bea13d59e2af1a.bin;5e21202a9a0cef1a.bin;6c0cf3da2d377385.bin;72028fe917890575.bin;aa0aa8a7dd53a131.bin;d0fe19959c26552d.bin;de78a7f6bf5c9803.bin
e6ca56be3051e69e.scb	.scb	C:\Users\etqdo\Downloads\Clash Braum project\Braum.wad\e6ca56be3051e69e.scb	Braum.wad/e6ca56be3051e69e.scb	34516	573c2d4af7007434317caa4af04a0ed4fa2de4e2e164555e5a5f90e3dc76ab1c	723364324d6573680300020000000000	e6ca56be3051e69e	assets/characters/braum/skins/skin42/particles/braum_skin42_r_vegetable01.scb	Static mesh, commonly VFX geometry	other skin/shared; see reference graph	ab5fbb4cdcdfb2ef.bin
e6df389ec21152f3.tex	.tex	C:\Users\etqdo\Downloads\Clash Braum project\Braum.wad\e6df389ec21152f3.tex	Braum.wad/e6df389ec21152f3.tex	87420	c105eec1738613d7b650f8e3d8df8260daed24ec936533a2599d61427665b65a	5445580000010001010c00012d2d0000	e6df389ec21152f3	assets/characters/braum/skins/base/particles/braum_base_r_normal.tex	League texture	base or shared candidate	03e78a116663752e.bin;2974de4048ee048b.bin;2dc39c165f3aa923.bin;eb9d53354a504663.bin;f63b31a3da327a4f.bin
e6fe12c32befc21f.tex	.tex	C:\Users\etqdo\Downloads\Clash Braum project\Braum.wad\e6fe12c32befc21f.tex	Braum.wad/e6fe12c32befc21f.tex	87452	8564d2ec88154bac5a254fde72838b67735c032108cd784ec198f2c290e9dba6	5445580000028000010c000129290000	e6fe12c32befc21f	assets/characters/braum/skins/skin11/particles/braum_skin11_z_slowtrail_add.tex	League texture	other skin/shared; see reference graph	23b85b75eb659166.bin;2974de4048ee048b.bin;36b00af025f54940.bin;42ee6bdbfc9d170b.bin;4fe453abcf9c5181.bin;a44281cd843a8348.bin;bb8b47c7d87589f7.bin;d8a52eb470baa538.bin;e1dfd1a549890037.bin;ed7ecf9170cfaaf8.bin
e711c10a89bc8e49.tex	.tex	C:\Users\etqdo\Downloads\Clash Braum project\Braum.wad\e711c10a89bc8e49.tex	Braum.wad/e711c10a89bc8e49.tex	349564	613bc09de74e5c36dca8f792fcfdf691f9905fb1d797f29abe6c876596801d71	5445580000020002010c000154540000	e711c10a89bc8e49	assets/characters/braum/skins/skin52/particles/braum_skin52_braum_skin52_shield_05.tex	League texture	other skin/shared; see reference graph	d01bf01d5611bc53.bin
e75c33c4004c0f92.scb	.scb	C:\Users\etqdo\Downloads\Clash Braum project\Braum.wad\e75c33c4004c0f92.scb	Braum.wad/e75c33c4004c0f92.scb	61808	2b94606154dd9237a337194033d0756e374c10600995ead1ca1382888c1a47fb	723364324d65736803000200643a5c70	e75c33c4004c0f92	assets/characters/braum/skins/skin02/particles/braum_skin02_q_chair.scb	Static mesh, commonly VFX geometry	other skin/shared; see reference graph	d0b441e03335be65.bin
e784a2f130955d30.anm	.anm	C:\Users\etqdo\Downloads\Clash Braum project\Braum.wad\e784a2f130955d30.anm	Braum.wad/e784a2f130955d30.anm	44672	c32a4132c6ecfa7da51e1a6e928010c6eb5454421a3c93489749b2c832b71b84	72336432616e6d640500000074ae0000	e784a2f130955d30	assets/characters/braum/skins/base/animations/braum_spell3_punch-45.anm	Animation tracks	base or shared candidate	0b01eaec2c944f55.bin;57bea13d59e2af1a.bin;5e21202a9a0cef1a.bin;6c0cf3da2d377385.bin;72028fe917890575.bin;aa0aa8a7dd53a131.bin;d0fe19959c26552d.bin;de78a7f6bf5c9803.bin
e831a9706d40b7c0.tex	.tex	C:\Users\etqdo\Downloads\Clash Braum project\Braum.wad\e831a9706d40b7c0.tex	Braum.wad/e831a9706d40b7c0.tex	87420	cdc39ccfd6bb5ad5197508a7602d58ea9e44dae27669303bdd36188575b0c437	5445580000010001010c000137370000	e831a9706d40b7c0	assets/characters/braum/skins/skin24/particles/braum_skin24_ba_spikes_tar.tex	League texture	other skin/shared; see reference graph	02ab7e4623adf97e.bin
e887c772a6470497.tex	.tex	C:\Users\etqdo\Downloads\Clash Braum project\Braum.wad\e887c772a6470497.tex	Braum.wad/e887c772a6470497.tex	21884	4db09f6179b08c832bb77a6457f9c8af70aaa893389ef400c6a22a33119932b9	5445580080008000010c0001e4e40000	e887c772a6470497	assets/characters/braum/skins/skin02/particles/braum_skin02_r_ice_shards_02.tex	League texture	other skin/shared; see reference graph	d0b441e03335be65.bin
e9180fb68fedeedd.tex	.tex	C:\Users\etqdo\Downloads\Clash Braum project\Braum.wad\e9180fb68fedeedd.tex	Braum.wad/e9180fb68fedeedd.tex	87420	b52b7edd2789c294046e2c677d8ca42512d35a956186f41c625f3ca92aab902e	5445580000010001010c00012f2f0000	e9180fb68fedeedd	assets/characters/braum/skins/skin51/particles/braum_skin51_e_ground_sub02.tex	League texture	other skin/shared; see reference graph	07f65b37fb75e834.bin;08e5b232f3994eee.bin;3079df1f381a87bc.bin;6c66319ffa4bb738.bin;6d6176ab099f3064.bin;70c57eae58af6c94.bin;7ca837cacce9639a.bin;b511ce2cc52d55a4.bin;d01bf01d5611bc53.bin;d56c87aaf7fac0ee.bin
e9480f4dd6a59e8c.tex	.tex	C:\Users\etqdo\Downloads\Clash Braum project\Braum.wad\e9480f4dd6a59e8c.tex	Braum.wad/e9480f4dd6a59e8c.tex	21884	345dbbc145c3efc067b7c52142cbad2a3c75b2f80657679f9d776e2a3a12c26b	5445580080008000010c000155550000	e9480f4dd6a59e8c	assets/characters/braum/skins/skin10/particles/braum_base_q_frost_tail_mult_mis.tex	League texture	other skin/shared; see reference graph	2974de4048ee048b.bin;eb9d53354a504663.bin
e94a7698328dfae8.tex	.tex	C:\Users\etqdo\Downloads\Clash Braum project\Braum.wad\e94a7698328dfae8.tex	Braum.wad/e94a7698328dfae8.tex	87420	f610ed99a074a2174d511c4852f89d8e8e2065823f96846745ec5d9992a5cb5e	5445580000010001010c0001fdfd0000	e94a7698328dfae8	assets/characters/braum/skins/skin02/particles/braum_skin02_ba_solar_circle.tex	League texture	other skin/shared; see reference graph	d0b441e03335be65.bin
e9952e87937bf3d9.tex	.tex	C:\Users\etqdo\Downloads\Clash Braum project\Braum.wad\e9952e87937bf3d9.tex	Braum.wad/e9952e87937bf3d9.tex	174788	52f58a47acd97c0493048f8d753e7e7ad453c12708335f904e4d792a47aa0b47	5445580000020002010a000125792372	e9952e87937bf3d9	assets/characters/braum/skins/skin12/particles/braum_skin12_q_mis.tex	League texture	other skin/shared; see reference graph	ed7ecf9170cfaaf8.bin
e9aaa7aaf0f6259d.tex	.tex	C:\Users\etqdo\Downloads\Clash Braum project\Braum.wad\e9aaa7aaf0f6259d.tex	Braum.wad/e9aaa7aaf0f6259d.tex	21884	44bcbcffb59ae4e0a01fe648790fa7b73b9fb31f9069c2e3e6f5d5e8842d6e5d	5445580080008000010c00011c1c0000	e9aaa7aaf0f6259d	assets/characters/braum/skins/skin02/particles/braum_skin02_r_flying_stone.tex	League texture	other skin/shared; see reference graph	d0b441e03335be65.bin
e9d009520b00ae9a.anm	.anm	C:\Users\etqdo\Downloads\Clash Braum project\Braum.wad\e9d009520b00ae9a.anm	Braum.wad/e9d009520b00ae9a.anm	18002	f28960be3567027a9d0e87e1c284e431a861f5bce4d2e1c45b86f6f446ecfbd3	7233643263616e6d0100000046460000	e9d009520b00ae9a	assets/characters/braum/skins/base/animations/braum_spell3_idle90.anm	Animation tracks	base or shared candidate	0b01eaec2c944f55.bin;57bea13d59e2af1a.bin;5e21202a9a0cef1a.bin;6c0cf3da2d377385.bin;72028fe917890575.bin;aa0aa8a7dd53a131.bin;d0fe19959c26552d.bin;de78a7f6bf5c9803.bin
e9d66d60bdf3d006.tex	.tex	C:\Users\etqdo\Downloads\Clash Braum project\Braum.wad\e9d66d60bdf3d006.tex	Braum.wad/e9d66d60bdf3d006.tex	5500	06268b3a59f432b046015cdaa18562fde5ec68b7b1b6b0a0bc1317ceafb3e9d3	5445580040004000010c0001e1e10000	e9d66d60bdf3d006	assets/characters/braum/skins/skin01/particles/braum_skin01_r_teamhardbell_rgba.tex	League texture	other skin/shared; see reference graph	fca448d5ff3861b5.bin
e9e3881b8ada77ec.tex	.tex	C:\Users\etqdo\Downloads\Clash Braum project\Braum.wad\e9e3881b8ada77ec.tex	Braum.wad/e9e3881b8ada77ec.tex	10948	f1aa6649608e64318d64a9ce793910e3f8f7d97a4d7fdf8a51528c3ff3570c2e	5445580080008000010a000152657244	e9e3881b8ada77ec	assets/characters/braum/skins/skin33/particles/braum_skin33_ramp_2.tex	League texture	other skin/shared; see reference graph	25c2b1d3f80a7166.bin;399a7a520477b139.bin;3a207b8680fc4f78.bin;4af4d37cc3da7630.bin;775c4474dbe4b86c.bin;cf092c39484cec07.bin;f2aa871abddf9427.bin;f5df8e88540921e0.bin;ff9b3266cfca2ba6.bin
ea010b146b8a31fb.scb	.scb	C:\Users\etqdo\Downloads\Clash Braum project\Braum.wad\ea010b146b8a31fb.scb	Braum.wad/ea010b146b8a31fb.scb	28096	a7f46f31a8799408e8189855f5ec3aa7021126b8399abe462c996b02c7b534eb	723364324d65736803000200653a5c72	ea010b146b8a31fb	assets/characters/braum/skins/skin33/particles/braum_skin33_ba_trail_02.scb	Static mesh, commonly VFX geometry	other skin/shared; see reference graph	ac2d2bd054d44f09.bin
ea7a082121d484c4.tex	.tex	C:\Users\etqdo\Downloads\Clash Braum project\Braum.wad\ea7a082121d484c4.tex	Braum.wad/ea7a082121d484c4.tex	21884	906640b15b5ae4f765d2e6e4317890719a34a0b42d503f5a0a6f1180627b6d4f	5445580080008000010c0001e8e80000	ea7a082121d484c4	assets/characters/braum/skins/skin37/particles/braum_skin37_e_shield_mult_texture_2.tex	League texture	other skin/shared; see reference graph	4af4d37cc3da7630.bin
ea97eb93d6eb3891.tex	.tex	C:\Users\etqdo\Downloads\Clash Braum project\Braum.wad\ea97eb93d6eb3891.tex	Braum.wad/ea97eb93d6eb3891.tex	87420	2425c029a9c1a0bb261e37e817aa1946953d48c61bd0c3b43af4f6fb29c1c561	5445580000010001010c00010d0d0000	ea97eb93d6eb3891	assets/characters/braum/skins/skin33/particles/braum_skin02_p_mark_glow_stack_1.tex	League texture	other skin/shared; see reference graph	ac2d2bd054d44f09.bin
ead31d150f2c6b55.tex	.tex	C:\Users\etqdo\Downloads\Clash Braum project\Braum.wad\ead31d150f2c6b55.tex	Braum.wad/ead31d150f2c6b55.tex	87420	edb4aac025523031af107791159b4c0710b47a454741d13623fdf4adeaa4e1e3	5445580000010001010c00013b3b0000	ead31d150f2c6b55	assets/characters/braum/skins/skin01/particles/braum_skin01_r_frozen_ground_mis.tex	League texture	other skin/shared; see reference graph	fca448d5ff3861b5.bin
eaf74e5b15938908.tex	.tex	C:\Users\etqdo\Downloads\Clash Braum project\Braum.wad\eaf74e5b15938908.tex	Braum.wad/eaf74e5b15938908.tex	43740	ac1a60aa29a72c70cdab734d2584082e2f9ff78771aa7baa062aeafc6570f6e5	5445580000018000010c0001ffff0000	eaf74e5b15938908	assets/characters/braum/skins/skin42/particles/braum_skin42_e_linearsplashes_01_dissolve.tex	League texture	other skin/shared; see reference graph	ab5fbb4cdcdfb2ef.bin
eb8fdccc92ce4598.anm	.anm	C:\Users\etqdo\Downloads\Clash Braum project\Braum.wad\eb8fdccc92ce4598.anm	Braum.wad/eb8fdccc92ce4598.anm	45668	17c14f29399bdf19cd33fc005285d89ee076c1f3be354a407548dff473eedb45	7233643263616e6d0100000058b20000	eb8fdccc92ce4598	assets/characters/braum/skins/skin24/animations/braum_skin24_idle_01_in.anm	Animation tracks	other skin/shared; see reference graph	aa0aa8a7dd53a131.bin
eb9869dc13271249.tex	.tex	C:\Users\etqdo\Downloads\Clash Braum project\Braum.wad\eb9869dc13271249.tex	Braum.wad/eb9869dc13271249.tex	43716	df3a4b9d58f772e5074023492e1ca4086693748f48618be3d4d03ad30a38b6b8	5445580000010001010a0001ec50cf51	eb9869dc13271249	assets/characters/braum/skins/skin51/particles/braum_skin51_ramp_5.tex	League texture	other skin/shared; see reference graph	07f65b37fb75e834.bin;08e5b232f3994eee.bin;3079df1f381a87bc.bin;6c66319ffa4bb738.bin;6d6176ab099f3064.bin;70c57eae58af6c94.bin;7ca837cacce9639a.bin;b511ce2cc52d55a4.bin;d01bf01d5611bc53.bin;d56c87aaf7fac0ee.bin
eb9d53354a504663.bin	.bin	C:\Users\etqdo\Downloads\Clash Braum project\Braum.wad\eb9d53354a504663.bin	Braum.wad/eb9d53354a504663.bin	30568	3f9b4f8c3b621db3354b059ea037d1b065bb83feb5fc9392480d2e028436c576	50524f50030000000f0000003f034441	eb9d53354a504663	data/characters/braum/skins/skin0.bin	Property configuration and asset links	base or shared candidate	
eba5986c3c70b59a.anm	.anm	C:\Users\etqdo\Downloads\Clash Braum project\Braum.wad\eba5986c3c70b59a.anm	Braum.wad/eba5986c3c70b59a.anm	156024	53cfd6986994c39be5d8d9b92d2dd0677dd542baa22e9e228f01cf75287acaba	7233643263616e6d010000006c610200	eba5986c3c70b59a	assets/characters/braum/skins/skin11/animations/braum_taunt_01.anm	Animation tracks	other skin/shared; see reference graph	e43dcf714c8a2a42.bin
ebc68a1afb191e77.tex	.tex	C:\Users\etqdo\Downloads\Clash Braum project\Braum.wad\ebc68a1afb191e77.tex	Braum.wad/ebc68a1afb191e77.tex	87420	a7508651086f960d58d7c07413a1f519095f83e4ce69cac5db2652ba635cf4b1	5445580000010001010c000157570000	ebc68a1afb191e77	assets/characters/braum/skins/skin24/particles/chocosplash.tex	League texture	other skin/shared; see reference graph	02ab7e4623adf97e.bin;3f6a40609700ee85.bin;88b5dd6dc0e099bd.bin;8cf62c85e1e2e7f9.bin;992d3c62ff62964c.bin;a582cf4ad353f261.bin;b30d6dd1b38ee53c.bin;c5c66176cca69ad3.bin;caacae9cc35f0267.bin;d3dbd3f84a5b8600.bin
ebc85be59dee48f6.tex	.tex	C:\Users\etqdo\Downloads\Clash Braum project\Braum.wad\ebc85be59dee48f6.tex	Braum.wad/ebc85be59dee48f6.tex	21884	b2bb32896771d154dc5d7c9653bfbc097b91449e77697049ca919098108ba86f	5445580080008000010c000111110000	ebc85be59dee48f6	assets/characters/braum/skins/skin51/particles/braum_skin51_decal_12.tex	League texture	other skin/shared; see reference graph	7a1193b055eb059a.bin
ebc9f7fabf833fcc.tex	.tex	C:\Users\etqdo\Downloads\Clash Braum project\Braum.wad\ebc9f7fabf833fcc.tex	Braum.wad/ebc9f7fabf833fcc.tex	10948	a39a2a6aa6e712aa00a43a218e8e660e6f5529c776a6e6b9f8f17b1c1a2eb82e	5445580080008000010a0001c249e148	ebc9f7fabf833fcc	assets/characters/braum/skins/skin42/particles/braum_skin42_ba_flash_tar.tex	League texture	other skin/shared; see reference graph	ab5fbb4cdcdfb2ef.bin
ebf1011fba3595a3.scb	.scb	C:\Users\etqdo\Downloads\Clash Braum project\Braum.wad\ebf1011fba3595a3.scb	Braum.wad/ebf1011fba3595a3.scb	10476	ffa3bc9cab13f65cd0d61007edadda7c5ec8e1b22a93e24aa1539a0da2a42f57	723364324d65736803000200653a5c72	ebf1011fba3595a3	assets/characters/braum/skins/skin10/particles/braum_base_ba_hit_sphere_tar.scb	Static mesh, commonly VFX geometry	other skin/shared; see reference graph	2dc39c165f3aa923.bin
ec2e0ed8cbaee5f8.tex	.tex	C:\Users\etqdo\Downloads\Clash Braum project\Braum.wad\ec2e0ed8cbaee5f8.tex	Braum.wad/ec2e0ed8cbaee5f8.tex	349564	54d61998c24469b9aa174f89636f861b829861b293cbbbf846a51e33b0a258dd	5445580000020002010c0001f3f30000	ec2e0ed8cbaee5f8	assets/characters/braum/skins/skin52/particles/braum_skin52_shield_tx_03.tex	League texture	other skin/shared; see reference graph	d01bf01d5611bc53.bin
ec3bb2cc38123a93.tex	.tex	C:\Users\etqdo\Downloads\Clash Braum project\Braum.wad\ec3bb2cc38123a93.tex	Braum.wad/ec3bb2cc38123a93.tex	5500	823941857a0837ae65a721b879433c98741e9a94f1571db4968fe8c33da3f35c	5445580040004000010c00014e4e0000	ec3bb2cc38123a93	assets/characters/braum/skins/skin10/particles/braum_base_i_distort_rgba.tex	League texture	other skin/shared; see reference graph	2dc39c165f3aa923.bin
ec6404894723261a.skl	.skl	C:\Users\etqdo\Downloads\Clash Braum project\Braum.wad\ec6404894723261a.skl	Braum.wad/ec6404894723261a.skl	11588	286938172523df3d5bc4a780b671bc690bf6c774a9e1c7edd4e7c7b02f87f588	442d0000c34ffd220000000000005e00	ec6404894723261a	assets/characters/braum/skins/skin33/particles/braum_skin33_poro_anim.skl	Skeleton, bind transforms and influence palette	other skin/shared; see reference graph	25c2b1d3f80a7166.bin;399a7a520477b139.bin;3a207b8680fc4f78.bin;4af4d37cc3da7630.bin;775c4474dbe4b86c.bin;cf092c39484cec07.bin;f2aa871abddf9427.bin;f5df8e88540921e0.bin;ff9b3266cfca2ba6.bin
ec7391a4f520727f.tex	.tex	C:\Users\etqdo\Downloads\Clash Braum project\Braum.wad\ec7391a4f520727f.tex	Braum.wad/ec7391a4f520727f.tex	43740	3668cdf91ab69ffbdcb9acc51f486671bf78ec06d38cf59f6978d5970d952521	5445580080000001010c00013a3a0000	ec7391a4f520727f	assets/characters/braum/skins/skin42/particles/braum_skin42_p_ba_smoke01.tex	League texture	other skin/shared; see reference graph	ab5fbb4cdcdfb2ef.bin
eca0243b1c6ed7c2.tex	.tex	C:\Users\etqdo\Downloads\Clash Braum project\Braum.wad\eca0243b1c6ed7c2.tex	Braum.wad/eca0243b1c6ed7c2.tex	5500	9da1f137f96d42d62c5570ecd3ef6e151c3e5fa3c31f2bc88464fdbed7619eb1	5445580040004000010c000193930000	eca0243b1c6ed7c2	assets/characters/braum/skins/base/particles/braum_base_w_ground_decal_rgba.tex	League texture	base or shared candidate	b8bd8d39ea1d1810.bin
ecb42a6d2481ef37.tex	.tex	C:\Users\etqdo\Downloads\Clash Braum project\Braum.wad\ecb42a6d2481ef37.tex	Braum.wad/ecb42a6d2481ef37.tex	43716	3f89cb7eb9e5a58d1e0e98db38241e7fa7e4c8e18462bc8e216a3b5586909f2d	5445580000010001010a000186388630	ecb42a6d2481ef37	assets/characters/braum/skins/skin33/particles/braum_skin02_p_mark_glow_stack_full.tex	League texture	other skin/shared; see reference graph	ac2d2bd054d44f09.bin
ecfc40125a77494a.tex	.tex	C:\Users\etqdo\Downloads\Clash Braum project\Braum.wad\ecfc40125a77494a.tex	Braum.wad/ecfc40125a77494a.tex	21884	86d879874e299d3955ea4caeb41022e2a84f59696ce4d800787e5899f52dbb96	5445580080008000010c000139390000	ecfc40125a77494a	assets/characters/braum/skins/skin42/particles/braum_skin42_ba_hit_distort_circle.tex	League texture	other skin/shared; see reference graph	ab5fbb4cdcdfb2ef.bin
ed5582e80f311621.tex	.tex	C:\Users\etqdo\Downloads\Clash Braum project\Braum.wad\ed5582e80f311621.tex	Braum.wad/ed5582e80f311621.tex	43716	c343ab01ae913d80c8fa0e8feaba8543c0530cfd07ff12fc8b03d0ee6b2ce033	5445580000010001010a000102102108	ed5582e80f311621	assets/characters/braum/skins/skin24/particles/inchant_edit_1.tex	League texture	other skin/shared; see reference graph	3f6a40609700ee85.bin;88b5dd6dc0e099bd.bin;8cf62c85e1e2e7f9.bin;992d3c62ff62964c.bin;a582cf4ad353f261.bin;b30d6dd1b38ee53c.bin;c5c66176cca69ad3.bin;caacae9cc35f0267.bin;d3dbd3f84a5b8600.bin
ed7ecf9170cfaaf8.bin	.bin	C:\Users\etqdo\Downloads\Clash Braum project\Braum.wad\ed7ecf9170cfaaf8.bin	Braum.wad/ed7ecf9170cfaaf8.bin	80729	5d1cdbf5be6dcd2f431fae2961dfba9436043e2bac755b7f95d729a0c328f22e	50524f50030000000c0000003f034441	ed7ecf9170cfaaf8	data/characters/braum/skins/skin12.bin	Property configuration and asset links	other skin/shared; see reference graph	
ed890c972e158cb0.tex	.tex	C:\Users\etqdo\Downloads\Clash Braum project\Braum.wad\ed890c972e158cb0.tex	Braum.wad/ed890c972e158cb0.tex	87420	f6261529ef3051a6ee5ca2fae531672a3dac2559db46080469e3adf2e7aa0c71	5445580000010001010c0001ffff0000	ed890c972e158cb0	assets/characters/braum/skins/skin51/particles/braum_skin51_omniflare_02.tex	League texture	other skin/shared; see reference graph	07f65b37fb75e834.bin;08e5b232f3994eee.bin;3079df1f381a87bc.bin;6c66319ffa4bb738.bin;6d6176ab099f3064.bin;70c57eae58af6c94.bin;7a1193b055eb059a.bin;7ca837cacce9639a.bin;b511ce2cc52d55a4.bin;d01bf01d5611bc53.bin;d56c87aaf7fac0ee.bin
ed8a428c4ebf67a5.tex	.tex	C:\Users\etqdo\Downloads\Clash Braum project\Braum.wad\ed8a428c4ebf67a5.tex	Braum.wad/ed8a428c4ebf67a5.tex	21916	2b8cc757995399f2d9e6e6bca2010e4aa65f451c1c4895773c526c51c308c052	5445580040000001010c0001d4d40000	ed8a428c4ebf67a5	assets/characters/braum/skins/skin33/particles/braum_skin33_puddle_ripples.tex	League texture	other skin/shared; see reference graph	ac2d2bd054d44f09.bin
edc457ff01d77ff9.tex	.tex	C:\Users\etqdo\Downloads\Clash Braum project\Braum.wad\edc457ff01d77ff9.tex	Braum.wad/edc457ff01d77ff9.tex	87420	6253495e7f69d8dadff2e45a8284b26885474e8327e6ac966c6169e52cd30696	5445580000010001010c000168680000	edc457ff01d77ff9	assets/characters/braum/skins/skin01/particles/braum_skin01_q_frost_tail_mis.tex	League texture	other skin/shared; see reference graph	fca448d5ff3861b5.bin
ee2d4aba463cf2b5.tex	.tex	C:\Users\etqdo\Downloads\Clash Braum project\Braum.wad\ee2d4aba463cf2b5.tex	Braum.wad/ee2d4aba463cf2b5.tex	21884	ecb0b6217daa22a3de11cbbe88c6dee01a994fb1852a9828cf5ec6fe6f054651	5445580080008000010c000147470000	ee2d4aba463cf2b5	assets/characters/braum/skins/skin24/particles/braum_skin24_clumps.tex	League texture	other skin/shared; see reference graph	02ab7e4623adf97e.bin
ee5bc9f001499ba6.tex	.tex	C:\Users\etqdo\Downloads\Clash Braum project\Braum.wad\ee5bc9f001499ba6.tex	Braum.wad/ee5bc9f001499ba6.tex	43716	06c0e2bbe9f25d606b52c47a3a38160019ddae8ade932b22b70bb35fc0df8563	5445580000010001010a0001a2102108	ee5bc9f001499ba6	assets/characters/braum/skins/base/particles/braum_base_ba_ring_tar.tex	League texture	base or shared candidate	2974de4048ee048b.bin;2dc39c165f3aa923.bin;f2ef4463d62600e6.bin;f63b31a3da327a4f.bin
eeb4580a226c0cd0.tex	.tex	C:\Users\etqdo\Downloads\Clash Braum project\Braum.wad\eeb4580a226c0cd0.tex	Braum.wad/eeb4580a226c0cd0.tex	43716	34c77b01351cd7f4c15157fb0a7c20b71cd79673c63c62b6a120a78208c9537b	5445580000010001010a000104310019	eeb4580a226c0cd0	assets/characters/braum/skins/skin11/particles/braum_skin11_p_flash_tar.tex	League texture	other skin/shared; see reference graph	2974de4048ee048b.bin
eed25075cc664a86.tex	.tex	C:\Users\etqdo\Downloads\Clash Braum project\Braum.wad\eed25075cc664a86.tex	Braum.wad/eed25075cc664a86.tex	21884	4955f698d0db2cfe1c25865cb72cfb99dd5eddf369524a8e50e7a39276a3d0b1	5445580080008000010c000164640000	eed25075cc664a86	assets/characters/braum/skins/skin51/particles/taliyah_skin21_alphaslice_bubbles_02.tex	League texture	other skin/shared; see reference graph	7a1193b055eb059a.bin
eef2d4e549fdc687.tex	.tex	C:\Users\etqdo\Downloads\Clash Braum project\Braum.wad\eef2d4e549fdc687.tex	Braum.wad/eef2d4e549fdc687.tex	21884	dabad508b5260047adeda2d338860c586ae8de756699b32cd6720d7624b9854c	5445580080008000010c000158580000	eef2d4e549fdc687	assets/characters/braum/skins/skin11/particles/braum_skin11_recall_poromuzzle.tex	League texture	other skin/shared; see reference graph	2974de4048ee048b.bin
eef6a9d0cf4d49a9.tex	.tex	C:\Users\etqdo\Downloads\Clash Braum project\Braum.wad\eef6a9d0cf4d49a9.tex	Braum.wad/eef6a9d0cf4d49a9.tex	87420	75b485fc185d6944520d8325133fb8b8df5df518268ea88782c878ae75996cd8	5445580000010001010c000176760000	eef6a9d0cf4d49a9	assets/characters/braum/skins/skin11/particles/braum_skin11_e_block_mult.tex	League texture	other skin/shared; see reference graph	2974de4048ee048b.bin
ef1ad071bb71360b.tex	.tex	C:\Users\etqdo\Downloads\Clash Braum project\Braum.wad\ef1ad071bb71360b.tex	Braum.wad/ef1ad071bb71360b.tex	87420	a591aa5f8569ddc94e05dd5937ac435bd68e2e90cb659ea895fdadd7c2957cbc	5445580000010001010c0001cccc0000	ef1ad071bb71360b	assets/characters/braum/skins/skin11/particles/braum_skin11_z_flamemult.tex	League texture	other skin/shared; see reference graph	23b85b75eb659166.bin;2974de4048ee048b.bin;36b00af025f54940.bin;42ee6bdbfc9d170b.bin;4fe453abcf9c5181.bin;a44281cd843a8348.bin;bb8b47c7d87589f7.bin;d8a52eb470baa538.bin;e1dfd1a549890037.bin;ed7ecf9170cfaaf8.bin
ef287fa84e46a4ad.tex	.tex	C:\Users\etqdo\Downloads\Clash Braum project\Braum.wad\ef287fa84e46a4ad.tex	Braum.wad/ef287fa84e46a4ad.tex	21884	775d83209b69ac8f0c713a34ecea62a8af3928098c1bd69bf87596952fb9f6ba	5445580080008000010c0001ffff0000	ef287fa84e46a4ad	assets/characters/braum/skins/skin24/particles/braum_skin24_flarebuilding_glow.tex	League texture	other skin/shared; see reference graph	02ab7e4623adf97e.bin;3f6a40609700ee85.bin;88b5dd6dc0e099bd.bin;8cf62c85e1e2e7f9.bin;992d3c62ff62964c.bin;a582cf4ad353f261.bin;b30d6dd1b38ee53c.bin;c5c66176cca69ad3.bin;caacae9cc35f0267.bin;d3dbd3f84a5b8600.bin
efa7660fe939d3f9.tex	.tex	C:\Users\etqdo\Downloads\Clash Braum project\Braum.wad\efa7660fe939d3f9.tex	Braum.wad/efa7660fe939d3f9.tex	21884	79feb2e75f5f6de2cac1dcd1aca691cae63ac6d93c7597a7c230b564ad91382a	5445580080008000010c000154540000	efa7660fe939d3f9	assets/characters/braum/skins/skin33/particles/braum_skin33_e_hit_tar_slowedit.tex	League texture	other skin/shared; see reference graph	25c2b1d3f80a7166.bin;399a7a520477b139.bin;3a207b8680fc4f78.bin;4af4d37cc3da7630.bin;775c4474dbe4b86c.bin;ac2d2bd054d44f09.bin;cf092c39484cec07.bin;f2aa871abddf9427.bin;f5df8e88540921e0.bin;ff9b3266cfca2ba6.bin
efc1feb08b76c996.scb	.scb	C:\Users\etqdo\Downloads\Clash Braum project\Braum.wad\efc1feb08b76c996.scb	Braum.wad/efc1feb08b76c996.scb	28096	a7f46f31a8799408e8189855f5ec3aa7021126b8399abe462c996b02c7b534eb	723364324d65736803000200653a5c72	efc1feb08b76c996	assets/characters/braum/skins/base/particles/braum_base_ba_trail_02.scb	Static mesh, commonly VFX geometry	base or shared candidate	2974de4048ee048b.bin;2dc39c165f3aa923.bin
f0259f814165527e.scb	.scb	C:\Users\etqdo\Downloads\Clash Braum project\Braum.wad\f0259f814165527e.scb	Braum.wad/f0259f814165527e.scb	10476	ffa3bc9cab13f65cd0d61007edadda7c5ec8e1b22a93e24aa1539a0da2a42f57	723364324d65736803000200653a5c72	f0259f814165527e	assets/characters/braum/skins/skin24/particles/braum_skin24_ba_hit_sphere_tar.scb	Static mesh, commonly VFX geometry	other skin/shared; see reference graph	02ab7e4623adf97e.bin
f04510e16b09deb6.tex	.tex	C:\Users\etqdo\Downloads\Clash Braum project\Braum.wad\f04510e16b09deb6.tex	Braum.wad/f04510e16b09deb6.tex	21876	8cea25d7e92838a7e99588db1a9cf0aa71f7655c2f8d994388ee47970d372eb8	5445580000018000010a0001a2100108	f04510e16b09deb6	assets/characters/braum/skins/skin51/particles/braum_skin51_ba_lensflare01.tex	League texture	other skin/shared; see reference graph	7a1193b055eb059a.bin
f05e57798ddc96cb.tex	.tex	C:\Users\etqdo\Downloads\Clash Braum project\Braum.wad\f05e57798ddc96cb.tex	Braum.wad/f05e57798ddc96cb.tex	699076	cf5d167c7e6de70b757a1bb17061b85b4e0804f2bbdfe8fd98f6318e6b0c05e7	5445580000040004010a00010c5aaf5a	f05e57798ddc96cb	assets/characters/braum/skins/skin37/braum_skin37_shield_tx_cm.tex	League texture	other skin/shared; see reference graph	4af4d37cc3da7630.bin
f07f6e697f70c4b9.tex	.tex	C:\Users\etqdo\Downloads\Clash Braum project\Braum.wad\f07f6e697f70c4b9.tex	Braum.wad/f07f6e697f70c4b9.tex	349556	f1db7addb5a065ecc39c85d7af6987a39ee931fe17bd653bfe20d32f1587596e	5445580000040002010a0001c541e930	f07f6e697f70c4b9	assets/characters/braum/skins/skin10/particles/braum_skin10_e_shield_override.tex	League texture	other skin/shared; see reference graph	5d7e7a1984eb745d.bin
f090bb27e36259d2.tex	.tex	C:\Users\etqdo\Downloads\Clash Braum project\Braum.wad\f090bb27e36259d2.tex	Braum.wad/f090bb27e36259d2.tex	174788	20e457176947a9161feb1ebbaa9d4868516ad97fc73c96cd1e8be2d85583c6e7	5445580000020002010a00018a6b866b	f090bb27e36259d2	assets/characters/braum/skins/skin11/particles/braum_skin11_gem_2x2.tex	League texture	other skin/shared; see reference graph	23b85b75eb659166.bin;2974de4048ee048b.bin;36b00af025f54940.bin;42ee6bdbfc9d170b.bin;4fe453abcf9c5181.bin;a44281cd843a8348.bin;bb8b47c7d87589f7.bin;d8a52eb470baa538.bin;e1dfd1a549890037.bin;ed7ecf9170cfaaf8.bin
f09619bca2cf6a26.tex	.tex	C:\Users\etqdo\Downloads\Clash Braum project\Braum.wad\f09619bca2cf6a26.tex	Braum.wad/f09619bca2cf6a26.tex	2796228	00b605d15b13cf6cbad77f619400942277691e9bfc178cbceda06d7809000260	5445580000080008010a0001286a2849	f09619bca2cf6a26		League texture	other skin/shared; see reference graph	
f14940cf5a4baf35.tex	.tex	C:\Users\etqdo\Downloads\Clash Braum project\Braum.wad\f14940cf5a4baf35.tex	Braum.wad/f14940cf5a4baf35.tex	349564	10fd6b999d54d9226183ebf14cce653cd2f3c012b1e2150c598993ec920dd055	5445580000020002010c0001fcfc0000	f14940cf5a4baf35	assets/characters/braum/skins/skin40/braum_skin40_crab_tx_cm.tex	League texture	other skin/shared; see reference graph	775c4474dbe4b86c.bin
f1a08e7d947c3276.scb	.scb	C:\Users\etqdo\Downloads\Clash Braum project\Braum.wad\f1a08e7d947c3276.scb	Braum.wad/f1a08e7d947c3276.scb	66172	d4bcef44c309a238d4a9a7d4a1997649e6497efc81aa0535a0150b124bfa88dd	723364324d65736803000200643a5c70	f1a08e7d947c3276	assets/characters/braum/skins/skin02/particles/braum_skin02_r_ring_corner.scb	Static mesh, commonly VFX geometry	other skin/shared; see reference graph	d0b441e03335be65.bin
f1ad550006a39bb6.tex	.tex	C:\Users\etqdo\Downloads\Clash Braum project\Braum.wad\f1ad550006a39bb6.tex	Braum.wad/f1ad550006a39bb6.tex	87420	21b7f83e2f43091ecab5b09c55775b7c177c6f0a103248380b5f9e6bccf54d84	5445580000010001010c000127270000	f1ad550006a39bb6	assets/characters/braum/skins/skin51/particles/braum_skin51_e_trail_cas.tex	League texture	other skin/shared; see reference graph	7a1193b055eb059a.bin
f1bcab9b9ce973f5.tex	.tex	C:\Users\etqdo\Downloads\Clash Braum project\Braum.wad\f1bcab9b9ce973f5.tex	Braum.wad/f1bcab9b9ce973f5.tex	87420	e0f09a7327ef227d97a3a638a2cb26cb8ee878f7a18f66dd9e83a2625f0ad042	5445580000010001010c0001adad0000	f1bcab9b9ce973f5	assets/characters/braum/skins/skin02/particles/braum_skin02_p_stun_override.tex	League texture	other skin/shared; see reference graph	d0b441e03335be65.bin
f1c0e801944e15a1.tex	.tex	C:\Users\etqdo\Downloads\Clash Braum project\Braum.wad\f1c0e801944e15a1.tex	Braum.wad/f1c0e801944e15a1.tex	43716	3e89d60a78170e0befa106a82e8bb32173f47b1584af7258f12805d40231f95b	5445580000010001010a0001e739a739	f1c0e801944e15a1	assets/characters/braum/skins/skin10/particles/braum_skin10_w_shield.tex	League texture	other skin/shared; see reference graph	f63b31a3da327a4f.bin
f1c5477100265850.tex	.tex	C:\Users\etqdo\Downloads\Clash Braum project\Braum.wad\f1c5477100265850.tex	Braum.wad/f1c5477100265850.tex	174788	0188a6f58fcdc5b10976580b498eb2af90f150ad21534407f902a018338220b6	5445580000020002010a00012849082a	f1c5477100265850	assets/characters/braum/skins/skin11/particles/braum_skin11_diamonds_2x2.tex	League texture	other skin/shared; see reference graph	23b85b75eb659166.bin;36b00af025f54940.bin;42ee6bdbfc9d170b.bin;4fe453abcf9c5181.bin;a44281cd843a8348.bin;bb8b47c7d87589f7.bin;d8a52eb470baa538.bin;e1dfd1a549890037.bin;ed7ecf9170cfaaf8.bin
f1d146be816819ef.tex	.tex	C:\Users\etqdo\Downloads\Clash Braum project\Braum.wad\f1d146be816819ef.tex	Braum.wad/f1d146be816819ef.tex	87420	3d58033471ece2f8019ce693643816e882307f011e7da888c3ce167f11e42ec5	5445580000010001010c000103030000	f1d146be816819ef	assets/characters/braum/skins/skin42/particles/braum_skin42_recall_spark04_04.tex	League texture	other skin/shared; see reference graph	ab5fbb4cdcdfb2ef.bin
f1d9343c3cbe82ae.anm	.anm	C:\Users\etqdo\Downloads\Clash Braum project\Braum.wad\f1d9343c3cbe82ae.anm	Braum.wad/f1d9343c3cbe82ae.anm	21302	db869ebfd6e6cc96364f8010eb9db3e66286cfd759f24cfe158b39a5915924a6	7233643263616e6d010000002a530000	f1d9343c3cbe82ae	assets/characters/braum/skins/base/animations/braum_spell3_run179.anm	Animation tracks	base or shared candidate	0b01eaec2c944f55.bin;57bea13d59e2af1a.bin;5e21202a9a0cef1a.bin;6c0cf3da2d377385.bin;72028fe917890575.bin;aa0aa8a7dd53a131.bin;d0fe19959c26552d.bin;de78a7f6bf5c9803.bin
f214f76a6801d05f.tex	.tex	C:\Users\etqdo\Downloads\Clash Braum project\Braum.wad\f214f76a6801d05f.tex	Braum.wad/f214f76a6801d05f.tex	87420	dc096f2b639a3c7806a3c5cfd23c5c93eca4c00e57d618530e891befc71c5750	5445580000010001010c00011c1c0000	f214f76a6801d05f	assets/characters/braum/skins/skin42/particles/braum_skin42_ba_trail02.tex	League texture	other skin/shared; see reference graph	ab5fbb4cdcdfb2ef.bin
f21bc09f7927e868.tex	.tex	C:\Users\etqdo\Downloads\Clash Braum project\Braum.wad\f21bc09f7927e868.tex	Braum.wad/f21bc09f7927e868.tex	87420	66bebecf6de2edb60f199252c3815855039a3a841d106151c13c6816d1a4fe40	5445580000010001010c000123230000	f21bc09f7927e868	assets/characters/braum/skins/skin42/particles/braum_skin42_p_ice_shards.tex	League texture	other skin/shared; see reference graph	ab5fbb4cdcdfb2ef.bin
f2711c35463ac653.anm	.anm	C:\Users\etqdo\Downloads\Clash Braum project\Braum.wad\f2711c35463ac653.anm	Braum.wad/f2711c35463ac653.anm	74406	9929a2f6f2eee87133a147616f73f3eb630b3d0ce24f2ea4ea6a7c6a01b5684c	7233643263616e6d010000009a220100	f2711c35463ac653	assets/characters/braum/skins/skin11/animations/braum_dance_windup.anm	Animation tracks	other skin/shared; see reference graph	e43dcf714c8a2a42.bin
f28cfa2ef23cb83e.tex	.tex	C:\Users\etqdo\Downloads\Clash Braum project\Braum.wad\f28cfa2ef23cb83e.tex	Braum.wad/f28cfa2ef23cb83e.tex	87420	00172692cf995ebf66d1f9b137a592c1610e928308138afcf84416cd23bb5135	5445580000010001010c0001aeae0000	f28cfa2ef23cb83e	assets/characters/braum/skins/skin51/particles/braum_skin51_p_radialmult.tex	League texture	other skin/shared; see reference graph	7a1193b055eb059a.bin
f29673dfbe108354.tex	.tex	C:\Users\etqdo\Downloads\Clash Braum project\Braum.wad\f29673dfbe108354.tex	Braum.wad/f29673dfbe108354.tex	21916	d389facac92dad75971f887e51e6d6b35b99bc2d31f8d693585a15bd54165f5a	5445580000014000010c00012b2b0000	f29673dfbe108354	assets/characters/braum/skins/skin51/particles/braum_skin51_111.tex	League texture	other skin/shared; see reference graph	7a1193b055eb059a.bin
f29f619a039a2f6f.anm	.anm	C:\Users\etqdo\Downloads\Clash Braum project\Braum.wad\f29f619a039a2f6f.anm	Braum.wad/f29f619a039a2f6f.anm	17702	e688f6501e5b7077151d786d4e028d847f7c5575cdc7809069e2d48b35652d9d	7233643263616e6d010000001a450000	f29f619a039a2f6f	assets/characters/braum/skins/base/animations/braum_idle_01_loop.anm	Animation tracks	base or shared candidate	0b01eaec2c944f55.bin;57bea13d59e2af1a.bin;5e21202a9a0cef1a.bin;6c0cf3da2d377385.bin;72028fe917890575.bin;d0fe19959c26552d.bin;de78a7f6bf5c9803.bin
f2aa871abddf9427.bin	.bin	C:\Users\etqdo\Downloads\Clash Braum project\Braum.wad\f2aa871abddf9427.bin	Braum.wad/f2aa871abddf9427.bin	188402	b481849c5a8506526209ea1601b113e7796914dc18224393b4ebf7879adaa67b	50524f50030000000800000031024441	f2aa871abddf9427	data/characters/braum/skins/skin38.bin	Property configuration and asset links	other skin/shared; see reference graph	
f2b043e7ad81e750.tex	.tex	C:\Users\etqdo\Downloads\Clash Braum project\Braum.wad\f2b043e7ad81e750.tex	Braum.wad/f2b043e7ad81e750.tex	87420	d5319474e16ecf5dd0107eec84833ae3167b0c39f6154bc6fc335ed5f31ace37	5445580000010001010c0001bbbb0000	f2b043e7ad81e750	assets/characters/braum/skins/skin42/particles/braum_skin42_recall_spark04_02.tex	League texture	other skin/shared; see reference graph	ab5fbb4cdcdfb2ef.bin
f2d2e4406e51c83d.tex	.tex	C:\Users\etqdo\Downloads\Clash Braum project\Braum.wad\f2d2e4406e51c83d.tex	Braum.wad/f2d2e4406e51c83d.tex	349564	4e2d23597effb0fd2e3cd8627d3c07f390eb2d6abfbaf381066f0279d78851bf	5445580000020002010c0001e4e40000	f2d2e4406e51c83d	assets/characters/braum/skins/skin35/braum_skin35_palmtree_tx_cm.tex	League texture	other skin/shared; see reference graph	399a7a520477b139.bin
f2ef4463d62600e6.bin	.bin	C:\Users\etqdo\Downloads\Clash Braum project\Braum.wad\f2ef4463d62600e6.bin	Braum.wad/f2ef4463d62600e6.bin	40994	92b47ec4865ca894e1858cac4067700e8259e65ba68d90965b7c257479feb6c6	50524f50030000000000000007000000	f2ef4463d62600e6	data/characters/braum/braum_multi_skins_skin0_skins_skin10_skins_skin11_skins_skin12_skins_skin13_skins_skin14_skins_skin15_skins_skin16_skins_skin17_skins_skin18_skins_skin19_skins_skin3.bin	Property configuration and asset links	other skin/shared; see reference graph	03e78a116663752e.bin;23b85b75eb659166.bin;36b00af025f54940.bin;42ee6bdbfc9d170b.bin;4fe453abcf9c5181.bin;a44281cd843a8348.bin;bb8b47c7d87589f7.bin;d8a52eb470baa538.bin;e1dfd1a549890037.bin;eb9d53354a504663.bin;ed7ecf9170cfaaf8.bin;f63b31a3da327a4f.bin
f2fba66e7f543b80.tex	.tex	C:\Users\etqdo\Downloads\Clash Braum project\Braum.wad\f2fba66e7f543b80.tex	Braum.wad/f2fba66e7f543b80.tex	21884	fc6f1169383481e040c26e4c024d210446f1e98dbd48aedaef7979b41386f142	5445580080008000010c000177770000	f2fba66e7f543b80	assets/characters/braum/skins/skin33/particles/braum_skin33_q_swipe_mult.tex	League texture	other skin/shared; see reference graph	25c2b1d3f80a7166.bin;399a7a520477b139.bin;3a207b8680fc4f78.bin;4af4d37cc3da7630.bin;775c4474dbe4b86c.bin;ac2d2bd054d44f09.bin;cf092c39484cec07.bin;f2aa871abddf9427.bin;f5df8e88540921e0.bin;ff9b3266cfca2ba6.bin
f3038f95604cf3c1.tex	.tex	C:\Users\etqdo\Downloads\Clash Braum project\Braum.wad\f3038f95604cf3c1.tex	Braum.wad/f3038f95604cf3c1.tex	21884	41241eafa700d7aa8a280bc7d943c090005324d146d33777a5b8b4bda3ab977b	5445580080008000010c000139390000	f3038f95604cf3c1	assets/characters/braum/skins/skin51/particles/common_aura_self.tex	League texture	other skin/shared; see reference graph	7a1193b055eb059a.bin
f3139e2127b44555.tex	.tex	C:\Users\etqdo\Downloads\Clash Braum project\Braum.wad\f3139e2127b44555.tex	Braum.wad/f3139e2127b44555.tex	43732	b9e56de92d77706bc9734ebbfedacbeaf88f6c14fcc9e258ec91ba231a05c604	5445580080000002010a000101082000	f3139e2127b44555	assets/characters/braum/skins/skin02/particles/braum_skin02_r_indicator_side.tex	League texture	other skin/shared; see reference graph	d0b441e03335be65.bin
f326e690992f372e.tex	.tex	C:\Users\etqdo\Downloads\Clash Braum project\Braum.wad\f326e690992f372e.tex	Braum.wad/f326e690992f372e.tex	21884	9015b8176005b41bdca22434f44a7b30937ad2d3505b7faebfe9010ff6269c46	5445580080008000010c000145450000	f326e690992f372e	assets/characters/braum/skins/skin51/particles/braum_skin51_w_decal_blur01.tex	League texture	other skin/shared; see reference graph	7a1193b055eb059a.bin
f34c39d5bbc82048.tex	.tex	C:\Users\etqdo\Downloads\Clash Braum project\Braum.wad\f34c39d5bbc82048.tex	Braum.wad/f34c39d5bbc82048.tex	349556	f1ee8429098a52ff856eeab8524ce81676dc4f91a04e450f67c75dabdf59b60c	5445580000040002010a0001c559c539	f34c39d5bbc82048	assets/characters/braum/skins/skin06/braum_skin06_tx_cm.tex	League texture	other skin/shared; see reference graph	69066dbc18657bec.bin
f354922dd65d30d9.scb	.scb	C:\Users\etqdo\Downloads\Clash Braum project\Braum.wad\f354922dd65d30d9.scb	Braum.wad/f354922dd65d30d9.scb	28056	286c09249a07a281dba223c41bbffbf9727b0e0e4a2abd063e6711e288188d22	723364324d6573680300020000000000	f354922dd65d30d9	assets/characters/braum/skins/skin10/particles/braum_base_q_hit_orbit_tar.scb	Static mesh, commonly VFX geometry	other skin/shared; see reference graph	2dc39c165f3aa923.bin
f3613007424a4394.tex	.tex	C:\Users\etqdo\Downloads\Clash Braum project\Braum.wad\f3613007424a4394.tex	Braum.wad/f3613007424a4394.tex	5500	73877a4cc320005dbd36eaf256ef8754b0924179eaae54e918e416a72ba29943	5445580040004000010c000129290000	f3613007424a4394	assets/characters/braum/skins/skin33/particles/braum_skin33_r_smoke_2_erosion.tex	League texture	other skin/shared; see reference graph	25c2b1d3f80a7166.bin;399a7a520477b139.bin;3a207b8680fc4f78.bin;4af4d37cc3da7630.bin;775c4474dbe4b86c.bin;cf092c39484cec07.bin;f2aa871abddf9427.bin;f5df8e88540921e0.bin;ff9b3266cfca2ba6.bin
f3d34732e05c363e.tex	.tex	C:\Users\etqdo\Downloads\Clash Braum project\Braum.wad\f3d34732e05c363e.tex	Braum.wad/f3d34732e05c363e.tex	349564	3ab9bac9fb6b0fa4194d1a5f360fad67c20b96cfbb47d3dfe99e9ab72d0d9398	5445580000020002010c0001f3f30000	f3d34732e05c363e	assets/characters/braum/skins/skin55/particles/braum_skin55_shield_tx_03.tex	League texture	other skin/shared; see reference graph	6d6176ab099f3064.bin
f3f260f4cb49a6bb.tex	.tex	C:\Users\etqdo\Downloads\Clash Braum project\Braum.wad\f3f260f4cb49a6bb.tex	Braum.wad/f3f260f4cb49a6bb.tex	5500	e87326aa650e5491a5213fece9ebd1b1adb0a252449a8fdfeb95f59aa62f9119	5445580040004000010c0001cece0000	f3f260f4cb49a6bb	assets/characters/braum/skins/skin33/particles/braum_skin33_p_ice_shard_rgba.tex	League texture	other skin/shared; see reference graph	ac2d2bd054d44f09.bin
f402cd5fe0dab2b8.tex	.tex	C:\Users\etqdo\Downloads\Clash Braum project\Braum.wad\f402cd5fe0dab2b8.tex	Braum.wad/f402cd5fe0dab2b8.tex	349564	0d2efa34c86c8153929d9080b6b6e36e32c11654e8e765cab647f3441fd3001e	5445580000020002010c00010c0c0000	f402cd5fe0dab2b8	assets/characters/braum/skins/skin02/particles/braum_skin02_p_stack_01.tex	League texture	other skin/shared; see reference graph	d0b441e03335be65.bin
f4422ef9c4a66dc3.tex	.tex	C:\Users\etqdo\Downloads\Clash Braum project\Braum.wad\f4422ef9c4a66dc3.tex	Braum.wad/f4422ef9c4a66dc3.tex	87420	dfb325239bc0d355aade09040341f8658d7a1addf8c18307c5627850d55811c7	5445580000010001010c00016a6a0000	f4422ef9c4a66dc3	assets/characters/braum/skins/base/particles/braum_base_q_frost_tail_mis.tex	League texture	base or shared candidate	2dc39c165f3aa923.bin
f53bb1f8063f3e1b.scb	.scb	C:\Users\etqdo\Downloads\Clash Braum project\Braum.wad\f53bb1f8063f3e1b.scb	Braum.wad/f53bb1f8063f3e1b.scb	126832	f8ee2290c577bf5fa6886351e691d6a7049e8a30f1f87332043e1adc449b492d	723364324d65736803000200653a5c72	f53bb1f8063f3e1b	assets/characters/braum/skins/skin01/particles/braum_skin01_e_shield_first_block.scb	Static mesh, commonly VFX geometry	other skin/shared; see reference graph	fca448d5ff3861b5.bin
f540dc31ad6b5f44.scb	.scb	C:\Users\etqdo\Downloads\Clash Braum project\Braum.wad\f540dc31ad6b5f44.scb	Braum.wad/f540dc31ad6b5f44.scb	28448	a886d68fa75179e23b7f4044ea6ce775bfe089b6ca2e3453131a7f22200ec278	723364324d6573680300020000000000	f540dc31ad6b5f44	assets/characters/braum/skins/skin51/particles/braum_skin51_crater_01.scb	Static mesh, commonly VFX geometry	other skin/shared; see reference graph	07f65b37fb75e834.bin;08e5b232f3994eee.bin;3079df1f381a87bc.bin;6c66319ffa4bb738.bin;6d6176ab099f3064.bin;70c57eae58af6c94.bin;7a1193b055eb059a.bin;7ca837cacce9639a.bin;b511ce2cc52d55a4.bin;d01bf01d5611bc53.bin;d56c87aaf7fac0ee.bin
f54d52de5f6af03c.tex	.tex	C:\Users\etqdo\Downloads\Clash Braum project\Braum.wad\f54d52de5f6af03c.tex	Braum.wad/f54d52de5f6af03c.tex	87420	a9bbff1f9beab7966d535b25ef6c7630f1a8bd6b947714d1dd2d2150afa604d3	5445580000010001010c00011d1d0000	f54d52de5f6af03c	assets/characters/braum/skins/skin01/particles/braum_skin01_ba_crit_spark_tar.tex	League texture	other skin/shared; see reference graph	fca448d5ff3861b5.bin
f551155cc1b61a86.tex	.tex	C:\Users\etqdo\Downloads\Clash Braum project\Braum.wad\f551155cc1b61a86.tex	Braum.wad/f551155cc1b61a86.tex	349556	293552964326a8aa8c1d46cc4a6fc76603d10088f20bf0583f17e122236d1e2a	5445580000040002010a0001274a4631	f551155cc1b61a86	assets/characters/braum/skins/skin09/particles/braum_skin09_e_shield_override.tex	League texture	other skin/shared; see reference graph	4b8cf46e9a27ff51.bin
f57a75533dd29a8a.anm	.anm	C:\Users\etqdo\Downloads\Clash Braum project\Braum.wad\f57a75533dd29a8a.anm	Braum.wad/f57a75533dd29a8a.anm	67756	399ac99097b36a4518b9e99ac715f5dc0701cedae4704821ad4b2fabf64ab67e	7233643263616e6d01000000a0080100	f57a75533dd29a8a	assets/characters/braum/skins/skin11/animations/braum_skin11_spell3_punch0179.anm	Animation tracks	other skin/shared; see reference graph	e43dcf714c8a2a42.bin
f585b18fe212318c.anm	.anm	C:\Users\etqdo\Downloads\Clash Braum project\Braum.wad\f585b18fe212318c.anm	Braum.wad/f585b18fe212318c.anm	30074	a26f672e7812673ba3e3cc9cd5bff3929743c5ad29a57b7244edf9cb7565f40d	72336432616e6d64050000006e750000	f585b18fe212318c	assets/characters/braum/skins/skin11/animations/braum_skin11_spell3_leapright.anm	Animation tracks	other skin/shared; see reference graph	e43dcf714c8a2a42.bin
f5884816a8e7762d.tex	.tex	C:\Users\etqdo\Downloads\Clash Braum project\Braum.wad\f5884816a8e7762d.tex	Braum.wad/f5884816a8e7762d.tex	87420	b355690423b5b5f9112160ab71fc6b66090718bbbf07238518a7ca6b6b1584e9	5445580000010001010c000169690000	f5884816a8e7762d	assets/characters/braum/skins/skin59/particles/braum_skin59_r_crack_04.tex	League texture	other skin/shared; see reference graph	3079df1f381a87bc.bin
f590ce151bc36755.anm	.anm	C:\Users\etqdo\Downloads\Clash Braum project\Braum.wad\f590ce151bc36755.anm	Braum.wad/f590ce151bc36755.anm	71254	9a2799d327507a323fbf6a3ed7f6afcd1b4eb741e9cdef706e6326b28cb9e3e4	72336432616e6d64050000004a160100	f590ce151bc36755	assets/characters/braum/skins/base/animations/braum_joke2_into.anm	Animation tracks	base or shared candidate	0b01eaec2c944f55.bin;6c0cf3da2d377385.bin;72028fe917890575.bin;aa0aa8a7dd53a131.bin;d0fe19959c26552d.bin;de78a7f6bf5c9803.bin
f5c35843c2a02d2e.tex	.tex	C:\Users\etqdo\Downloads\Clash Braum project\Braum.wad\f5c35843c2a02d2e.tex	Braum.wad/f5c35843c2a02d2e.tex	87452	cbcbc6c2fcca653d5fcb2c85e783e9eb4d4c033a41742a0cc5db11b270852690	5445580000028000010c00011e1e0000	f5c35843c2a02d2e	assets/characters/braum/skins/skin24/particles/braum_skin24_r_hit_orbit_tar.tex	League texture	other skin/shared; see reference graph	02ab7e4623adf97e.bin
f5d455ab58900e3c.tex	.tex	C:\Users\etqdo\Downloads\Clash Braum project\Braum.wad\f5d455ab58900e3c.tex	Braum.wad/f5d455ab58900e3c.tex	43716	cc82da641003f5c455aaf53756f3d5d8d2547c08f2f10a4d5e13ea1939684c6f	5445580000010001010a000162082008	f5d455ab58900e3c	assets/characters/braum/skins/skin51/particles/braum_skin51_302.tex	League texture	other skin/shared; see reference graph	7a1193b055eb059a.bin
f5dab69cad978937.tex	.tex	C:\Users\etqdo\Downloads\Clash Braum project\Braum.wad\f5dab69cad978937.tex	Braum.wad/f5dab69cad978937.tex	43716	44237dae4f44b6265d839909997d08ea45fd833820dc72b2afc296a23e738f4c	5445580000010001010a000162106000	f5dab69cad978937	assets/characters/braum/skins/skin11/particles/braum_skin11_z_sparkle.tex	League texture	other skin/shared; see reference graph	23b85b75eb659166.bin;2974de4048ee048b.bin;36b00af025f54940.bin;42ee6bdbfc9d170b.bin;4fe453abcf9c5181.bin;a44281cd843a8348.bin;bb8b47c7d87589f7.bin;d8a52eb470baa538.bin;e1dfd1a549890037.bin;ed7ecf9170cfaaf8.bin
f5df8e88540921e0.bin	.bin	C:\Users\etqdo\Downloads\Clash Braum project\Braum.wad\f5df8e88540921e0.bin	Braum.wad/f5df8e88540921e0.bin	188374	36ede7aa13772ad246f914035d714ab881ac741e69a2d663be992bf635e53eec	50524f50030000000800000031024441	f5df8e88540921e0	data/characters/braum/skins/skin41.bin	Property configuration and asset links	other skin/shared; see reference graph	
f61d65ff3870b3b4.tex	.tex	C:\Users\etqdo\Downloads\Clash Braum project\Braum.wad\f61d65ff3870b3b4.tex	Braum.wad/f61d65ff3870b3b4.tex	10948	85b7eecc58273edae07bf3f3de14db402360f2f898b89448dcf50f4c5bf47932	5445580080008000010a0001a2100108	f61d65ff3870b3b4	assets/characters/braum/skins/skin51/particles/braum_skin51_sharp_sparks_star_01.tex	League texture	other skin/shared; see reference graph	7a1193b055eb059a.bin
f62e7fb1a3fd6b4e.anm	.anm	C:\Users\etqdo\Downloads\Clash Braum project\Braum.wad\f62e7fb1a3fd6b4e.anm	Braum.wad/f62e7fb1a3fd6b4e.anm	121852	28c2a1bb136b59f792d1a45de5828c92db8d8c3640bbbf5955fc70f64d9be707	7233643263616e6d01000000f0db0100	f62e7fb1a3fd6b4e		Animation tracks	other skin/shared; see reference graph	
f63b31a3da327a4f.bin	.bin	C:\Users\etqdo\Downloads\Clash Braum project\Braum.wad\f63b31a3da327a4f.bin	Braum.wad/f63b31a3da327a4f.bin	195966	13b968b8a7f4d89eadfd87966a818c19425c1c01a7ffb45abe9357d6c3af6c37	50524f50030000000d0000003f034441	f63b31a3da327a4f	data/characters/braum/skins/skin10.bin	Property configuration and asset links	other skin/shared; see reference graph	
f643f25116b872f0.tex	.tex	C:\Users\etqdo\Downloads\Clash Braum project\Braum.wad\f643f25116b872f0.tex	Braum.wad/f643f25116b872f0.tex	21884	c13613ed91d36f4d41b84c40dfc605c2596bebf7ba58ab418f4ecee3c04364de	5445580080008000010c00013b3b0000	f643f25116b872f0	assets/characters/braum/skins/skin33/particles/braum_skin33_r_groundcrack_sand_6.tex	League texture	other skin/shared; see reference graph	25c2b1d3f80a7166.bin;399a7a520477b139.bin;3a207b8680fc4f78.bin;4af4d37cc3da7630.bin;775c4474dbe4b86c.bin;cf092c39484cec07.bin;f2aa871abddf9427.bin;f5df8e88540921e0.bin;ff9b3266cfca2ba6.bin
f68120ee1ea626fc.tex	.tex	C:\Users\etqdo\Downloads\Clash Braum project\Braum.wad\f68120ee1ea626fc.tex	Braum.wad/f68120ee1ea626fc.tex	10948	f1628032bb93c0ff14644fc98569a1842c40311f31ce4d1bfdefd03755365bf6	5445580080008000010a0001f37af55a	f68120ee1ea626fc	assets/characters/braum/skins/skin51/particles/braum_skin51_p_noise_02.tex	League texture	other skin/shared; see reference graph	07f65b37fb75e834.bin;08e5b232f3994eee.bin;3079df1f381a87bc.bin;6c66319ffa4bb738.bin;6d6176ab099f3064.bin;70c57eae58af6c94.bin;7ca837cacce9639a.bin;b511ce2cc52d55a4.bin;d01bf01d5611bc53.bin;d56c87aaf7fac0ee.bin
f686023100f67177.tex	.tex	C:\Users\etqdo\Downloads\Clash Braum project\Braum.wad\f686023100f67177.tex	Braum.wad/f686023100f67177.tex	87452	b4522ee7105f83767e1aa89fce5ee263cc1685eea74d1c38dd1c1fc0af4ef9f6	5445580000028000010c000137370000	f686023100f67177	assets/characters/braum/skins/skin33/particles/braum_skin33_splash_ring.tex	League texture	other skin/shared; see reference graph	ac2d2bd054d44f09.bin
f690bf890e7d168a.tex	.tex	C:\Users\etqdo\Downloads\Clash Braum project\Braum.wad\f690bf890e7d168a.tex	Braum.wad/f690bf890e7d168a.tex	349564	4e2d23597effb0fd2e3cd8627d3c07f390eb2d6abfbaf381066f0279d78851bf	5445580000020002010c0001e4e40000	f690bf890e7d168a	assets/characters/braum/skins/skin41/braum_skin41_palmtree_tx_cm.tex	League texture	other skin/shared; see reference graph	f5df8e88540921e0.bin
f69ec2e4fe4db2ee.anm	.anm	C:\Users\etqdo\Downloads\Clash Braum project\Braum.wad\f69ec2e4fe4db2ee.anm	Braum.wad/f69ec2e4fe4db2ee.anm	146882	3d349ee77f8535c3347bd6fb2df0cb620977c7d89a2adb056b59779f8641ac72	7233643263616e6d01000000b63d0200	f69ec2e4fe4db2ee	assets/characters/braum/skins/base/animations/braum_recall.anm	Animation tracks	base or shared candidate	0b01eaec2c944f55.bin
f6c4412cc09a18ee.scb	.scb	C:\Users\etqdo\Downloads\Clash Braum project\Braum.wad\f6c4412cc09a18ee.scb	Braum.wad/f6c4412cc09a18ee.scb	10476	ffa3bc9cab13f65cd0d61007edadda7c5ec8e1b22a93e24aa1539a0da2a42f57	723364324d65736803000200653a5c72	f6c4412cc09a18ee	assets/characters/braum/skins/skin51/particles/braum_skin51_ba_hit_sphere_tar.scb	Static mesh, commonly VFX geometry	other skin/shared; see reference graph	7a1193b055eb059a.bin
f6c70ae61c01c87a.tex	.tex	C:\Users\etqdo\Downloads\Clash Braum project\Braum.wad\f6c70ae61c01c87a.tex	Braum.wad/f6c70ae61c01c87a.tex	349556	6c959fe4a4668fc3bd253383d08cb8a029202e24642799e554ea2a962efe3cd1	5445580000040002010a000144314549	f6c70ae61c01c87a	assets/characters/braum/skins/skin01/braum_skin01_tx_cm.tex	League texture	other skin/shared; see reference graph	1eb4979be4e9320c.bin
f70980d84795e198.tex	.tex	C:\Users\etqdo\Downloads\Clash Braum project\Braum.wad\f70980d84795e198.tex	Braum.wad/f70980d84795e198.tex	43716	fbcf43de918129322c9237bc51a054c896d248efb71ed333b14912847584643c	5445580000010001010a000126092200	f70980d84795e198	assets/characters/braum/skins/base/particles/braum_base_e_block_spark.tex	League texture	base or shared candidate	2dc39c165f3aa923.bin
f71e2741bb284eac.tex	.tex	C:\Users\etqdo\Downloads\Clash Braum project\Braum.wad\f71e2741bb284eac.tex	Braum.wad/f71e2741bb284eac.tex	349556	a8d2b9dcc92a31f0d6cdc257cb9daef177e38e5777627df346f888694ba7f4cf	5445580000040002010a0001474a4749	f71e2741bb284eac	assets/characters/braum/skins/skin19/braum_skin19_tx_cm.tex	League texture	other skin/shared; see reference graph	23b85b75eb659166.bin
f74ea3e99407dd4d.tex	.tex	C:\Users\etqdo\Downloads\Clash Braum project\Braum.wad\f74ea3e99407dd4d.tex	Braum.wad/f74ea3e99407dd4d.tex	87420	865ec020e0757a8a5e59408b90ced0cbc6d553d92b9ff614d3868d4e62455280	5445580000010001010c000124240000	f74ea3e99407dd4d	assets/characters/braum/skins/base/particles/braum_base_r_hit_flash.tex	League texture	base or shared candidate	b8d6f27624ae797b.bin
f76c7ff91654fbb5.tex	.tex	C:\Users\etqdo\Downloads\Clash Braum project\Braum.wad\f76c7ff91654fbb5.tex	Braum.wad/f76c7ff91654fbb5.tex	21884	693261a1de380bdafa7bf9ec697317b2a6aee4ed07a373e5dc438e17c1431597	5445580080008000010c000144440000	f76c7ff91654fbb5	assets/characters/braum/skins/skin41/particles/braum_skin41_pain.tex	League texture	other skin/shared; see reference graph	f5df8e88540921e0.bin
f7e4d3c782bac6fc.tex	.tex	C:\Users\etqdo\Downloads\Clash Braum project\Braum.wad\f7e4d3c782bac6fc.tex	Braum.wad/f7e4d3c782bac6fc.tex	349564	275c498c8990e8f7c6ac024ccdba6dd5d0ea75698acc4724b279f5cb3830d79e	5445580000020002010c0001ffff0000	f7e4d3c782bac6fc	assets/characters/braum/skins/skin10/particles/braum_skin10_r_treetexture.tex	League texture	other skin/shared; see reference graph	f63b31a3da327a4f.bin
f8192c7a8fdc11de.tex	.tex	C:\Users\etqdo\Downloads\Clash Braum project\Braum.wad\f8192c7a8fdc11de.tex	Braum.wad/f8192c7a8fdc11de.tex	21884	86d879874e299d3955ea4caeb41022e2a84f59696ce4d800787e5899f52dbb96	5445580080008000010c000139390000	f8192c7a8fdc11de	assets/characters/braum/skins/skin10/particles/braum_base_r_distortion_cas.tex	League texture	other skin/shared; see reference graph	2974de4048ee048b.bin;eb9d53354a504663.bin
f81a83715e750eb8.tex	.tex	C:\Users\etqdo\Downloads\Clash Braum project\Braum.wad\f81a83715e750eb8.tex	Braum.wad/f81a83715e750eb8.tex	87420	cb4e79dac2a5cbb6048a2a58ac145db56b7a3491f27be2961f938c31d3a83c7a	5445580000010001010c000119190000	f81a83715e750eb8	assets/characters/braum/skins/skin01/particles/braum_skin01_ba_hit_circle_tar.tex	League texture	other skin/shared; see reference graph	fca448d5ff3861b5.bin
f81e16d307834463.tex	.tex	C:\Users\etqdo\Downloads\Clash Braum project\Braum.wad\f81e16d307834463.tex	Braum.wad/f81e16d307834463.tex	21884	ec77075c48d79b5f5942023b9a5205fde37bbd9de6dd15fe3bb2179058bb2a5c	5445580080008000010c00011a1a0000	f81e16d307834463	assets/characters/braum/skins/skin33/particles/braum_skin33_q_groundsmoke02.tex	League texture	other skin/shared; see reference graph	25c2b1d3f80a7166.bin;399a7a520477b139.bin;3a207b8680fc4f78.bin;4af4d37cc3da7630.bin;775c4474dbe4b86c.bin;cf092c39484cec07.bin;f2aa871abddf9427.bin;f5df8e88540921e0.bin;ff9b3266cfca2ba6.bin
f835f9e112d8ed65.tex	.tex	C:\Users\etqdo\Downloads\Clash Braum project\Braum.wad\f835f9e112d8ed65.tex	Braum.wad/f835f9e112d8ed65.tex	21884	fb153957d53151574ddde8d7679d7ceaca76d8070bb51eb55c7aa256ec2bede6	5445580080008000010c000110100000	f835f9e112d8ed65	assets/characters/braum/skins/skin33/particles/common_aura_self_02.tex	League texture	other skin/shared; see reference graph	ac2d2bd054d44f09.bin
f85c4e0beb0fe265.tex	.tex	C:\Users\etqdo\Downloads\Clash Braum project\Braum.wad\f85c4e0beb0fe265.tex	Braum.wad/f85c4e0beb0fe265.tex	43716	6f0748b75c37dbebde0b288dfc8f07f123dc5ac98f447de8ff281cb1091344dd	5445580000010001010a0001c318c310	f85c4e0beb0fe265	assets/characters/braum/skins/skin01/particles/braum_skin01_w_wispy_smoke.tex	League texture	other skin/shared; see reference graph	fca448d5ff3861b5.bin
f8647162e7c2c8a5.tex	.tex	C:\Users\etqdo\Downloads\Clash Braum project\Braum.wad\f8647162e7c2c8a5.tex	Braum.wad/f8647162e7c2c8a5.tex	699076	9a3006b80726d1df7843e91c8aa7fccab4809ea61ac4f404b634a77fc5635cc9	5445580000040004010a00016539485a	f8647162e7c2c8a5		League texture	other skin/shared; see reference graph	
f86839018bcd3c01.tex	.tex	C:\Users\etqdo\Downloads\Clash Braum project\Braum.wad\f86839018bcd3c01.tex	Braum.wad/f86839018bcd3c01.tex	87420	37b2d50244a7f18409b1b5d202e95b00b5d583f8b4a1a33d8741f119ff917fb1	5445580000010001010c000122220000	f86839018bcd3c01	assets/characters/braum/skins/skin33/particles/braum_skin33_particles_1_954.tex	League texture	other skin/shared; see reference graph	ac2d2bd054d44f09.bin
f86f51600970b5ca.tex	.tex	C:\Users\etqdo\Downloads\Clash Braum project\Braum.wad\f86f51600970b5ca.tex	Braum.wad/f86f51600970b5ca.tex	87420	1ed32f65c52aa0e0ae2050d8d562f283593e677ac3476f1b63cc0499e66eb5db	5445580000010001010c00012d2d0000	f86f51600970b5ca	assets/characters/braum/skins/skin10/particles/braum_skin10_p_hittwo.tex	League texture	other skin/shared; see reference graph	f63b31a3da327a4f.bin
f883c6e7d09dbd57.anm	.anm	C:\Users\etqdo\Downloads\Clash Braum project\Braum.wad\f883c6e7d09dbd57.anm	Braum.wad/f883c6e7d09dbd57.anm	14228	f4ef33648ff5ef9fa03ec9f1119a499799ba2d723cfb0572d7a4af8c28425822	72336432616e6d640500000088370000	f883c6e7d09dbd57	assets/characters/braum/skins/base/animations/braum_spell3_leapright.anm	Animation tracks	base or shared candidate	0b01eaec2c944f55.bin;57bea13d59e2af1a.bin;5e21202a9a0cef1a.bin;6c0cf3da2d377385.bin;72028fe917890575.bin;aa0aa8a7dd53a131.bin;d0fe19959c26552d.bin;de78a7f6bf5c9803.bin
f88c12072083cb32.tex	.tex	C:\Users\etqdo\Downloads\Clash Braum project\Braum.wad\f88c12072083cb32.tex	Braum.wad/f88c12072083cb32.tex	43740	137d35b124b75dbdf0edbdb6a872a80de88cd31c127afb2d17263a3190f5b0fc	5445580000018000010c000118180000	f88c12072083cb32	assets/characters/braum/skins/skin51/particles/braum_skin51_r_lightning.tex	League texture	other skin/shared; see reference graph	07f65b37fb75e834.bin;08e5b232f3994eee.bin;3079df1f381a87bc.bin;6c66319ffa4bb738.bin;6d6176ab099f3064.bin;70c57eae58af6c94.bin;7ca837cacce9639a.bin;b511ce2cc52d55a4.bin;d01bf01d5611bc53.bin;d56c87aaf7fac0ee.bin
f8a3bef6d57f6eed.anm	.anm	C:\Users\etqdo\Downloads\Clash Braum project\Braum.wad\f8a3bef6d57f6eed.anm	Braum.wad/f8a3bef6d57f6eed.anm	56998	f4dc1a6cb3c9424ac63df63ded77df654024aa6ab2a4bf733af3ae34453d2805	7233643263616e6d010000009ade0000	f8a3bef6d57f6eed	assets/characters/braum/skins/skin11/animations/braum_skin11_spell3_punch45.anm	Animation tracks	other skin/shared; see reference graph	e43dcf714c8a2a42.bin
f8a934964b1b2f18.anm	.anm	C:\Users\etqdo\Downloads\Clash Braum project\Braum.wad\f8a934964b1b2f18.anm	Braum.wad/f8a934964b1b2f18.anm	242942	33d491ef698d2f2f26e139f206e8bfae721aa4225c998840dcde27be00f014e4	7233643263616e6d01000000f2b40300	f8a934964b1b2f18	assets/characters/braum/skins/skin11/animations/braum_dance_loop.anm	Animation tracks	other skin/shared; see reference graph	e43dcf714c8a2a42.bin
f8d22c67389b171b.tex	.tex	C:\Users\etqdo\Downloads\Clash Braum project\Braum.wad\f8d22c67389b171b.tex	Braum.wad/f8d22c67389b171b.tex	68	bc06557b44402fee1498430bd4008df9598085f44b29fea2f02218473674b2f8	5445580008000800010a0001fffffeff	f8d22c67389b171b	assets/characters/braum/skins/skin02/particles/braum_skin02_e_distort_color_hold.tex	League texture	other skin/shared; see reference graph	d0b441e03335be65.bin
f903ecaf0d5c9371.tex	.tex	C:\Users\etqdo\Downloads\Clash Braum project\Braum.wad\f903ecaf0d5c9371.tex	Braum.wad/f903ecaf0d5c9371.tex	21884	9f7054552b0a1c69ee5e9f3f79d94461a109cf4a790d2e80482fc6d87cd86ca1	5445580080008000010c00012d2d0000	f903ecaf0d5c9371	assets/characters/braum/skins/skin51/particles/braum_skin51_z_circle_normal.tex	League texture	other skin/shared; see reference graph	7a1193b055eb059a.bin
f923b023b9dbb966.anm	.anm	C:\Users\etqdo\Downloads\Clash Braum project\Braum.wad\f923b023b9dbb966.anm	Braum.wad/f923b023b9dbb966.anm	123354	e58acdba00022b1911205d50402cbd8835617a9a869ffa59cb112c0d715aca35	7233643263616e6d01000000cee10100	f923b023b9dbb966	assets/characters/braum/skins/skin24/animations/braum_taunt_01.anm	Animation tracks	other skin/shared; see reference graph	aa0aa8a7dd53a131.bin
f92c1fb50b5ab359.tex	.tex	C:\Users\etqdo\Downloads\Clash Braum project\Braum.wad\f92c1fb50b5ab359.tex	Braum.wad/f92c1fb50b5ab359.tex	43732	5a80b9a043ad8de5f9fe512f878adc3118823e5fe06942550770d138542ea343	5445580080000002010a0001929475ad	f92c1fb50b5ab359	assets/characters/braum/skins/skin33/particles/braum_skin33_r_ground_glow_pan_01.tex	League texture	other skin/shared; see reference graph	25c2b1d3f80a7166.bin;399a7a520477b139.bin;3a207b8680fc4f78.bin;4af4d37cc3da7630.bin;775c4474dbe4b86c.bin;cf092c39484cec07.bin;f2aa871abddf9427.bin;f5df8e88540921e0.bin;ff9b3266cfca2ba6.bin
f93d77ecf68cba90.tex	.tex	C:\Users\etqdo\Downloads\Clash Braum project\Braum.wad\f93d77ecf68cba90.tex	Braum.wad/f93d77ecf68cba90.tex	87420	1adf789c3eed7b2e292819024f535038ef7bd4f7c961e05a7367a5606e76af00	5445580000010001010c00013b3b0000	f93d77ecf68cba90	assets/characters/braum/skins/skin11/particles/braum_skin11_r_outerground.tex	League texture	other skin/shared; see reference graph	2974de4048ee048b.bin
f94621f3f24307f7.tex	.tex	C:\Users\etqdo\Downloads\Clash Braum project\Braum.wad\f94621f3f24307f7.tex	Braum.wad/f94621f3f24307f7.tex	87420	b0302e54abeda4735282c5709ac9c460f1e94f02fe4427b5edd72af752957680	5445580000010001010c000159590000	f94621f3f24307f7	assets/characters/braum/skins/base/particles/braum_base_e_first_block_shield.tex	League texture	base or shared candidate	2dc39c165f3aa923.bin
f9737ca6a0a3f2bb.tex	.tex	C:\Users\etqdo\Downloads\Clash Braum project\Braum.wad\f9737ca6a0a3f2bb.tex	Braum.wad/f9737ca6a0a3f2bb.tex	87420	797c39b4a974f2901cbd092e3979caeabdb216355ffdc0701dd4bf8919c4580e	5445580000010001010c000137370000	f9737ca6a0a3f2bb	assets/characters/braum/skins/skin01/particles/braum_skin01_ba_spikes_tar.tex	League texture	other skin/shared; see reference graph	1eb4979be4e9320c.bin;26fe02fb42fe5d0f.bin;3e345a7cf645a903.bin;4b8cf46e9a27ff51.bin;4fed391540044397.bin;5d7e7a1984eb745d.bin;69066dbc18657bec.bin;7b9824cbef34ed4d.bin;812e1da9fe14f1ec.bin;a497a5055810256b.bin;e250f290f6212f81.bin;fca448d5ff3861b5.bin
f98a1d3be2e44f5c.tex	.tex	C:\Users\etqdo\Downloads\Clash Braum project\Braum.wad\f98a1d3be2e44f5c.tex	Braum.wad/f98a1d3be2e44f5c.tex	21884	19e42dd7adaf8bd84f85853178b495cc3e5de65bb45cef3cafbc07070247b0dd	5445580080008000010c00016d6d0000	f98a1d3be2e44f5c	assets/characters/braum/skins/skin38/particles/braum_skin38_hat.tex	League texture	other skin/shared; see reference graph	f2aa871abddf9427.bin
f98bf7bf86a1b6ae.tex	.tex	C:\Users\etqdo\Downloads\Clash Braum project\Braum.wad\f98bf7bf86a1b6ae.tex	Braum.wad/f98bf7bf86a1b6ae.tex	349564	0674eaf62020b42e1d936cb490341b61a553419db1f58bbd99a380c3881e5e7a	5445580000020002010c000108080000	f98bf7bf86a1b6ae	assets/characters/braum/skins/skin28/particles/braum_skin28_q_cookie_shard.tex	League texture	other skin/shared; see reference graph	88b5dd6dc0e099bd.bin
f98ca7076b66c41a.tex	.tex	C:\Users\etqdo\Downloads\Clash Braum project\Braum.wad\f98ca7076b66c41a.tex	Braum.wad/f98ca7076b66c41a.tex	21884	402dbc2999fefa8cf5576da67f7882afcb0115b734a6c1b7f4dd6e24bb4ddb8c	5445580080008000010c000158580000	f98ca7076b66c41a	assets/shared/particles/backdrop.tex	League texture	other skin/shared; see reference graph	25c2b1d3f80a7166.bin;399a7a520477b139.bin;3a207b8680fc4f78.bin;4af4d37cc3da7630.bin;775c4474dbe4b86c.bin;cf092c39484cec07.bin;f2aa871abddf9427.bin;f5df8e88540921e0.bin;ff9b3266cfca2ba6.bin
f9a86e7b514de2b8.tex	.tex	C:\Users\etqdo\Downloads\Clash Braum project\Braum.wad\f9a86e7b514de2b8.tex	Braum.wad/f9a86e7b514de2b8.tex	87420	a0da0530b3021e99d2b08a0848e2e502bde9c2d64a21ba3fc9272c9bc114b5b0	5445580000010001010c000131310000	f9a86e7b514de2b8	assets/characters/braum/skins/skin24/particles/braum_skin24_p_shield_all.tex	League texture	other skin/shared; see reference graph	02ab7e4623adf97e.bin
f9cf047a746975c6.tex	.tex	C:\Users\etqdo\Downloads\Clash Braum project\Braum.wad\f9cf047a746975c6.tex	Braum.wad/f9cf047a746975c6.tex	43740	fa7791b4d0955a43fbcdb9b05f812fcf76082087d97c5559115201428266e329	5445580000018000010c000106060000	f9cf047a746975c6	assets/characters/braum/skins/skin02/particles/braum_skin02_i_ground_crack_4x1.tex	League texture	other skin/shared; see reference graph	d0b441e03335be65.bin
fa103dc1966e1ac4.tex	.tex	C:\Users\etqdo\Downloads\Clash Braum project\Braum.wad\fa103dc1966e1ac4.tex	Braum.wad/fa103dc1966e1ac4.tex	5500	6251a66108ce6a5ef1c816d2e4632898bf7f28cb24dd8949a89a4ff48d9d3430	5445580040004000010c0001afaf0000	fa103dc1966e1ac4	assets/characters/braum/skins/skin33/particles/common_color-rampdown32.tex	League texture	other skin/shared; see reference graph	ac2d2bd054d44f09.bin
fa2b34bae56a3d7e.tex	.tex	C:\Users\etqdo\Downloads\Clash Braum project\Braum.wad\fa2b34bae56a3d7e.tex	Braum.wad/fa2b34bae56a3d7e.tex	21884	86d879874e299d3955ea4caeb41022e2a84f59696ce4d800787e5899f52dbb96	5445580080008000010c000139390000	fa2b34bae56a3d7e	assets/characters/braum/skins/skin10/particles/braum_base_ba_hit_distort_circle.tex	League texture	other skin/shared; see reference graph	2dc39c165f3aa923.bin
fa43db747e4b738d.tex	.tex	C:\Users\etqdo\Downloads\Clash Braum project\Braum.wad\fa43db747e4b738d.tex	Braum.wad/fa43db747e4b738d.tex	276	2a24a8e9083fcda696fd1877b88bbd09fae2e3e916f00ada2bfa8b6296cd70a0	5445580040000400010a0001f0830e74	fa43db747e4b738d	assets/shared/particles/color-rampdown_2.tex	League texture	other skin/shared; see reference graph	ac2d2bd054d44f09.bin
fabf08027b7ed04b.tex	.tex	C:\Users\etqdo\Downloads\Clash Braum project\Braum.wad\fabf08027b7ed04b.tex	Braum.wad/fabf08027b7ed04b.tex	43716	8c90e55b000bba3e6e7598bacae6fda4bd4478fa97ee95af3ffcd76f36f7076e	5445580000010001010a00014c6b4c83	fabf08027b7ed04b	assets/characters/braum/skins/skin02/braum_skin02_luchaporo_tx_cm.tex	League texture	other skin/shared; see reference graph	d0b441e03335be65.bin
fac50cabf17f9b83.tex	.tex	C:\Users\etqdo\Downloads\Clash Braum project\Braum.wad\fac50cabf17f9b83.tex	Braum.wad/fac50cabf17f9b83.tex	699076	509c415ce4810c76cd7e83b6633486d3aa5d1632298d8f3248c3529208fe9454	5445580000040004010a0001e98ae769	fac50cabf17f9b83	assets/characters/braum/skins/skin34/braum_skin34_shield_tx_cm.tex	League texture	other skin/shared; see reference graph	ff9b3266cfca2ba6.bin
fafebc2e7d75123a.tex	.tex	C:\Users\etqdo\Downloads\Clash Braum project\Braum.wad\fafebc2e7d75123a.tex	Braum.wad/fafebc2e7d75123a.tex	87420	6a11f1cde156d8106406eddb7c27d2473cf7f5f5db133bfec40cda44c8b01760	5445580000010001010c0001ffff0000	fafebc2e7d75123a	assets/characters/braum/skins/skin24/particles/braum_skin24_r_ground_nova.tex	League texture	other skin/shared; see reference graph	3f6a40609700ee85.bin;88b5dd6dc0e099bd.bin;8cf62c85e1e2e7f9.bin;992d3c62ff62964c.bin;a582cf4ad353f261.bin;b30d6dd1b38ee53c.bin;c5c66176cca69ad3.bin;caacae9cc35f0267.bin;d3dbd3f84a5b8600.bin
fb1b1bef5ddcdb3b.tex	.tex	C:\Users\etqdo\Downloads\Clash Braum project\Braum.wad\fb1b1bef5ddcdb3b.tex	Braum.wad/fb1b1bef5ddcdb3b.tex	21884	08cc47dc69ab42d3ebe315d7ad0f50e7e153d903530a1dd54e6381cdd38dec8b	5445580080008000010c000119190000	fb1b1bef5ddcdb3b	assets/characters/braum/skins/skin51/particles/braum_skin51_impact_flare.tex	League texture	other skin/shared; see reference graph	7a1193b055eb059a.bin
fb2b3e1f9e497a03.tex	.tex	C:\Users\etqdo\Downloads\Clash Braum project\Braum.wad\fb2b3e1f9e497a03.tex	Braum.wad/fb2b3e1f9e497a03.tex	21876	0120040fa175b2fc79e7ddff5e8e09a7f9506a997cca88cc540c4f67b64f9648	5445580000018000010a000197bd939d	fb2b3e1f9e497a03	assets/characters/braum/skins/skin24/particles/braum_skin24_e_shield_override_trans_01.tex	League texture	other skin/shared; see reference graph	3f6a40609700ee85.bin;88b5dd6dc0e099bd.bin;8cf62c85e1e2e7f9.bin;992d3c62ff62964c.bin;a582cf4ad353f261.bin;b30d6dd1b38ee53c.bin;c5c66176cca69ad3.bin;caacae9cc35f0267.bin;d3dbd3f84a5b8600.bin
fb2c73ce7afcdfec.tex	.tex	C:\Users\etqdo\Downloads\Clash Braum project\Braum.wad\fb2c73ce7afcdfec.tex	Braum.wad/fb2c73ce7afcdfec.tex	87420	5d40fd8d8282a14d8741254069ab1e50aef95387bd0f6f75dc1f6cd3a7e2b081	5445580000010001010c000102020000	fb2c73ce7afcdfec	assets/characters/braum/skins/skin54/particles/braum_skin54_shield_tx_02.tex	League texture	other skin/shared; see reference graph	07f65b37fb75e834.bin
fb4dcbee92ab19a3.tex	.tex	C:\Users\etqdo\Downloads\Clash Braum project\Braum.wad\fb4dcbee92ab19a3.tex	Braum.wad/fb4dcbee92ab19a3.tex	21884	fa16eba0966d3f7d168779fddc2b9d222ac411774a67e005340247b56d75be6e	5445580080008000010c000133330000	fb4dcbee92ab19a3	assets/characters/braum/skins/skin33/particles/braum_skin33_flowers.tex	League texture	other skin/shared; see reference graph	25c2b1d3f80a7166.bin;399a7a520477b139.bin;3a207b8680fc4f78.bin;4af4d37cc3da7630.bin;775c4474dbe4b86c.bin;cf092c39484cec07.bin;f2aa871abddf9427.bin;f5df8e88540921e0.bin;ff9b3266cfca2ba6.bin
fb5ddc19470a2f3e.anm	.anm	C:\Users\etqdo\Downloads\Clash Braum project\Braum.wad\fb5ddc19470a2f3e.anm	Braum.wad/fb5ddc19470a2f3e.anm	41180	1ca0a4e3028144aa129a7eed9642f6ca88ae7f498e4d5af3cad584cd6b6bf544	7233643263616e6d01000000d0a00000	fb5ddc19470a2f3e	assets/characters/braum/skins/skin11/animations/braum_run_slow.anm	Animation tracks	other skin/shared; see reference graph	e43dcf714c8a2a42.bin
fb97d8828b1c6913.tex	.tex	C:\Users\etqdo\Downloads\Clash Braum project\Braum.wad\fb97d8828b1c6913.tex	Braum.wad/fb97d8828b1c6913.tex	21884	fd782e35fad5d552a3771fc4d2709e6a14d85254294a17c7b43ba639f31c9fdd	5445580080008000010c000161610000	fb97d8828b1c6913	assets/characters/braum/skins/skin51/particles/leona_skin50_q_firepillar.tex	League texture	other skin/shared; see reference graph	07f65b37fb75e834.bin;08e5b232f3994eee.bin;3079df1f381a87bc.bin;6c66319ffa4bb738.bin;6d6176ab099f3064.bin;70c57eae58af6c94.bin;7ca837cacce9639a.bin;b511ce2cc52d55a4.bin;d01bf01d5611bc53.bin;d56c87aaf7fac0ee.bin
fbacc0d54ea60d31.tex	.tex	C:\Users\etqdo\Downloads\Clash Braum project\Braum.wad\fbacc0d54ea60d31.tex	Braum.wad/fbacc0d54ea60d31.tex	1398140	071c414cb8a6fc31a7866aa06c77cd81e03ae865e4bd9bbd8899dfb070cfe199	5445580000040004010c0001ebeb0000	fbacc0d54ea60d31	assets/characters/braum/skins/skin58/braum_skin58_shield_tx_cm.tex	League texture	other skin/shared; see reference graph	08e5b232f3994eee.bin
fbbe138c41721bfd.tex	.tex	C:\Users\etqdo\Downloads\Clash Braum project\Braum.wad\fbbe138c41721bfd.tex	Braum.wad/fbbe138c41721bfd.tex	87420	53a8db0f53ed175b5dca77504190509c9aa6319a32a207c0e0b0375fc11249c4	5445580000010001010c000147470000	fbbe138c41721bfd	assets/characters/braum/skins/skin10/particles/braum_skin10_p_hitthree.tex	League texture	other skin/shared; see reference graph	f63b31a3da327a4f.bin
fbc4309227bd9f12.tex	.tex	C:\Users\etqdo\Downloads\Clash Braum project\Braum.wad\fbc4309227bd9f12.tex	Braum.wad/fbc4309227bd9f12.tex	5500	993593f0f9b2e1020db5e15737863e8b58e4fe0306acdafa6c0347094d8c84e4	5445580040004000010c0001aeae0000	fbc4309227bd9f12	assets/characters/braum/skins/skin24/particles/braum_skin02_r_stripe_blast_mult.tex	League texture	other skin/shared; see reference graph	02ab7e4623adf97e.bin
fbc673b35da72c32.tex	.tex	C:\Users\etqdo\Downloads\Clash Braum project\Braum.wad\fbc673b35da72c32.tex	Braum.wad/fbc673b35da72c32.tex	349564	4182de2ade13fc69493b76e5a6d00a4f47e2e4618a78701b609ae422442968ba	5445580000020002010c00010b0b0000	fbc673b35da72c32	assets/characters/braum/skins/skin51/particles/braum_skin51_w_crack6_ersion2.tex	League texture	other skin/shared; see reference graph	7a1193b055eb059a.bin
fbd72592f4eee68e.bin	.bin	C:\Users\etqdo\Downloads\Clash Braum project\Braum.wad\fbd72592f4eee68e.bin	Braum.wad/fbd72592f4eee68e.bin	11080	f8686889d3a6b57707976828eae193c0e8868b1680ade98b88f9dc00cd0b236b	50524f5003000000040000009a004441	fbd72592f4eee68e	data/characters/braum/skins/skin50.bin	Property configuration and asset links	other skin/shared; see reference graph	
fbf88fcfc8ec8dc4.skn	.skn	C:\Users\etqdo\Downloads\Clash Braum project\Braum.wad\fbf88fcfc8ec8dc4.skn	Braum.wad/fbf88fcfc8ec8dc4.skn	540120	d6565da22435eca54d888a6f71f6897c15ddadfbdce8f69ff7a02856d62943ca	33221100040001000200000042726175	fbf88fcfc8ec8dc4	assets/characters/braum/skins/base/braum_base.skn	Skinned mesh with submeshes and vertex weights	base or shared candidate	eb9d53354a504663.bin
fc20b05f4ac21e45.anm	.anm	C:\Users\etqdo\Downloads\Clash Braum project\Braum.wad\fc20b05f4ac21e45.anm	Braum.wad/fc20b05f4ac21e45.anm	26588	197a89c97b6e4627609d77d70d0df989128787becfc36e6d9e8ba0f6b48b1533	72336432616e6d6405000000d0670000	fc20b05f4ac21e45	assets/characters/braum/skins/skin11/animations/braum_skin11_spell3_leapforward.anm	Animation tracks	other skin/shared; see reference graph	e43dcf714c8a2a42.bin
fc2f621b88a5acae.tex	.tex	C:\Users\etqdo\Downloads\Clash Braum project\Braum.wad\fc2f621b88a5acae.tex	Braum.wad/fc2f621b88a5acae.tex	87420	1fef681f75f138a4aebbb459a167aa0e6484f38a974b3098fc0abac977ebd162	5445580000010001010c00011b1b0000	fc2f621b88a5acae	assets/characters/braum/skins/skin42/particles/braum_skin42_ba_food01.tex	League texture	other skin/shared; see reference graph	ab5fbb4cdcdfb2ef.bin
fc332f171481dd52.tex	.tex	C:\Users\etqdo\Downloads\Clash Braum project\Braum.wad\fc332f171481dd52.tex	Braum.wad/fc332f171481dd52.tex	5500	d502c1c112180e1886c304bfb0bb4330bbe4159a688799e756f82e830696f548	5445580040004000010c0001ffff0000	fc332f171481dd52	assets/characters/braum/skins/skin33/particles/tft_smoke_erosion.tex	League texture	other skin/shared; see reference graph	25c2b1d3f80a7166.bin;399a7a520477b139.bin;3a207b8680fc4f78.bin;4af4d37cc3da7630.bin;775c4474dbe4b86c.bin;ac2d2bd054d44f09.bin;cf092c39484cec07.bin;f2aa871abddf9427.bin;f5df8e88540921e0.bin;ff9b3266cfca2ba6.bin
fc8c39a91a1fcc61.tex	.tex	C:\Users\etqdo\Downloads\Clash Braum project\Braum.wad\fc8c39a91a1fcc61.tex	Braum.wad/fc8c39a91a1fcc61.tex	43716	6a43dd048b38797ff323b3fec68f88599a17671314ad96de5826c39468168e0d	5445580000010001010a0001a2100108	fc8c39a91a1fcc61	assets/characters/braum/skins/skin51/particles/braum_skin51_static_01.tex	League texture	other skin/shared; see reference graph	7a1193b055eb059a.bin
fc8fc716f07cb80a.anm	.anm	C:\Users\etqdo\Downloads\Clash Braum project\Braum.wad\fc8fc716f07cb80a.anm	Braum.wad/fc8fc716f07cb80a.anm	57358	2ce844ecc458b0d90539b1e57a7be26f0710a5e7f67d9be5e5dde28fe910c48a	7233643263616e6d0100000002e00000	fc8fc716f07cb80a	assets/characters/braum/skins/skin11/animations/braum_skin11_spell3_punch135.anm	Animation tracks	other skin/shared; see reference graph	e43dcf714c8a2a42.bin
fca448d5ff3861b5.bin	.bin	C:\Users\etqdo\Downloads\Clash Braum project\Braum.wad\fca448d5ff3861b5.bin	Braum.wad/fca448d5ff3861b5.bin	229948	a3412044ad9f0961b3dcc566bb324018044064ed18027ac6e7b17611021d8e23	50524f50030000000000000037000000	fca448d5ff3861b5	data/characters/braum/braum_multi_skins_skin1_skins_skin20_skins_skin21_skins_skin22_skins_skin23_skins_skin4_skins_skin5_skins_skin6_skins_skin7_skins_skin8_skins_skin9.bin	Property configuration and asset links	other skin/shared; see reference graph	1eb4979be4e9320c.bin;26fe02fb42fe5d0f.bin;3e345a7cf645a903.bin;4b8cf46e9a27ff51.bin;4fed391540044397.bin;5d7e7a1984eb745d.bin;69066dbc18657bec.bin;7b9824cbef34ed4d.bin;812e1da9fe14f1ec.bin;a497a5055810256b.bin;e250f290f6212f81.bin
fcdd94fb13454d6c.tex	.tex	C:\Users\etqdo\Downloads\Clash Braum project\Braum.wad\fcdd94fb13454d6c.tex	Braum.wad/fcdd94fb13454d6c.tex	87420	206c85042b5c8c90e70a431b2480521eeff1935e7f9d51742de20e4e0bbee0f5	5445580000010001010c00015a5a0000	fcdd94fb13454d6c	assets/characters/braum/skins/skin42/particles/braum_skin42_q_speed_buff_trail_03_edited.tex	League texture	other skin/shared; see reference graph	ab5fbb4cdcdfb2ef.bin
fcfd939f54267ca8.anm	.anm	C:\Users\etqdo\Downloads\Clash Braum project\Braum.wad\fcfd939f54267ca8.anm	Braum.wad/fcfd939f54267ca8.anm	18002	27e62259aace65f663560b43272109477ae3d9e7f68cb7fc39b6dafff29b03be	7233643263616e6d0100000046460000	fcfd939f54267ca8	assets/characters/braum/skins/base/animations/braum_spell3_idle180.anm	Animation tracks	base or shared candidate	0b01eaec2c944f55.bin;57bea13d59e2af1a.bin;5e21202a9a0cef1a.bin;6c0cf3da2d377385.bin;72028fe917890575.bin;aa0aa8a7dd53a131.bin;d0fe19959c26552d.bin;de78a7f6bf5c9803.bin
fd152ac0cb6a3d1b.anm	.anm	C:\Users\etqdo\Downloads\Clash Braum project\Braum.wad\fd152ac0cb6a3d1b.anm	Braum.wad/fd152ac0cb6a3d1b.anm	44882	694c55465d90f5deeb1559e2250972301d74346211189a22b009a3ff10fc91b5	72336432616e6d640500000046af0000	fd152ac0cb6a3d1b	assets/characters/braum/skins/base/animations/braum_spell3_punch0-179.anm	Animation tracks	base or shared candidate	0b01eaec2c944f55.bin;57bea13d59e2af1a.bin;5e21202a9a0cef1a.bin;6c0cf3da2d377385.bin;72028fe917890575.bin;aa0aa8a7dd53a131.bin;d0fe19959c26552d.bin;de78a7f6bf5c9803.bin
fd1b488fb6424e14.tex	.tex	C:\Users\etqdo\Downloads\Clash Braum project\Braum.wad\fd1b488fb6424e14.tex	Braum.wad/fd1b488fb6424e14.tex	21884	1269e3528d9bc2fdf7a7b06a05937ec4a63ab6863531ff5ae46e7adb4e79e3c9	5445580080008000010c00013d3d0000	fd1b488fb6424e14	assets/characters/braum/skins/skin51/particles/braum_skin51_q_radgrad.tex	League texture	other skin/shared; see reference graph	07f65b37fb75e834.bin;08e5b232f3994eee.bin;3079df1f381a87bc.bin;6c66319ffa4bb738.bin;6d6176ab099f3064.bin;70c57eae58af6c94.bin;7a1193b055eb059a.bin;7ca837cacce9639a.bin;b511ce2cc52d55a4.bin;d01bf01d5611bc53.bin;d56c87aaf7fac0ee.bin
fd1efe2fb3561c90.tex	.tex	C:\Users\etqdo\Downloads\Clash Braum project\Braum.wad\fd1efe2fb3561c90.tex	Braum.wad/fd1efe2fb3561c90.tex	87420	286aebccf32a5b116334bf700c2d8042d224f892092f60ec4539917630f60c80	5445580000010001010c000113130000	fd1efe2fb3561c90	assets/characters/braum/skins/skin10/particles/braum_skin10_r_snow.tex	League texture	other skin/shared; see reference graph	f63b31a3da327a4f.bin
fd2b5b707ddaa492.skn	.skn	C:\Users\etqdo\Downloads\Clash Braum project\Braum.wad\fd2b5b707ddaa492.skn	Braum.wad/fd2b5b707ddaa492.skn	414796	bd51ecefbcfacaf5aab4c6b93979b484537b76a622a2d254a75efbe5043dbfd9	332211000400010004000000506f726f	fd2b5b707ddaa492	assets/characters/braum/skins/skin02/braum_skin02.skn	Skinned mesh with submeshes and vertex weights	other skin/shared; see reference graph	d0b441e03335be65.bin
fd2c805c688ba520.tex	.tex	C:\Users\etqdo\Downloads\Clash Braum project\Braum.wad\fd2c805c688ba520.tex	Braum.wad/fd2c805c688ba520.tex	87420	6da50c56c824b3423950976ece4a9a51de8f655b2c7b581280a602f7aef59ad2	5445580000010001010c00015b5b0000	fd2c805c688ba520	assets/characters/braum/skins/skin42/particles/braum_skin42_041r_aoe_decal_side.tex	League texture	other skin/shared; see reference graph	ab5fbb4cdcdfb2ef.bin
fd3ee3e9ff6e0ec7.scb	.scb	C:\Users\etqdo\Downloads\Clash Braum project\Braum.wad\fd3ee3e9ff6e0ec7.scb	Braum.wad/fd3ee3e9ff6e0ec7.scb	17812	9493db0497ecfa1d55512d7c50943cc145b461e34e343ec96a61132ca45ad68a	723364324d65736803000200653a5c72	fd3ee3e9ff6e0ec7	assets/characters/braum/skins/skin33/particles/braum_skin33_p_poro_mustache.scb	Static mesh, commonly VFX geometry	other skin/shared; see reference graph	ac2d2bd054d44f09.bin
fd46b2a053d50d9e.tex	.tex	C:\Users\etqdo\Downloads\Clash Braum project\Braum.wad\fd46b2a053d50d9e.tex	Braum.wad/fd46b2a053d50d9e.tex	86252	32ca6c0c919c937937bb4ffdc4778f078eb42a4f164bbe47aab648a689cce15d	5445580034013002010a000041080000	fd46b2a053d50d9e	assets/characters/braum/skins/skin24/braumloadscreen_24.tex	League texture	other skin/shared; see reference graph	3f6a40609700ee85.bin;88b5dd6dc0e099bd.bin;8cf62c85e1e2e7f9.bin;992d3c62ff62964c.bin;a582cf4ad353f261.bin;b30d6dd1b38ee53c.bin;c5c66176cca69ad3.bin;caacae9cc35f0267.bin;d3dbd3f84a5b8600.bin
fd5295975fbfcf58.tex	.tex	C:\Users\etqdo\Downloads\Clash Braum project\Braum.wad\fd5295975fbfcf58.tex	Braum.wad/fd5295975fbfcf58.tex	87420	4834c758bd9ed9c777bab76a00d459d60c4a58153518a4bf0e468cbe31445a62	5445580000010001010c00019a9a0000	fd5295975fbfcf58	assets/characters/braum/skins/skin51/particles/braum_skin51_z_trail_02.tex	League texture	other skin/shared; see reference graph	7a1193b055eb059a.bin
fd794a23a417d055.tex	.tex	C:\Users\etqdo\Downloads\Clash Braum project\Braum.wad\fd794a23a417d055.tex	Braum.wad/fd794a23a417d055.tex	5500	e87326aa650e5491a5213fece9ebd1b1adb0a252449a8fdfeb95f59aa62f9119	5445580040004000010c0001cece0000	fd794a23a417d055	assets/characters/braum/skins/skin24/particles/braum_skin24_p_ice_shard_rgba.tex	League texture	other skin/shared; see reference graph	02ab7e4623adf97e.bin
fdbdcc50531f4aaa.tex	.tex	C:\Users\etqdo\Downloads\Clash Braum project\Braum.wad\fdbdcc50531f4aaa.tex	Braum.wad/fdbdcc50531f4aaa.tex	21884	12663b953be7a719e0df59c1a8a39c2258cadae3666543792a66ff5e8acae4c9	5445580080008000010c000144440000	fdbdcc50531f4aaa	assets/characters/braum/skins/skin34/particles/braum_skin34_pain.tex	League texture	other skin/shared; see reference graph	ff9b3266cfca2ba6.bin
fdd654a7ded05b3a.scb	.scb	C:\Users\etqdo\Downloads\Clash Braum project\Braum.wad\fdd654a7ded05b3a.scb	Braum.wad/fdd654a7ded05b3a.scb	3776	a7f8a9972d99d5a1600c1757e7ac27b0d39c4574966c963606e22afb9c0e2108	723364324d65736803000200643a5c70	fdd654a7ded05b3a	assets/characters/braum/skins/skin10/particles/braum_skin02_r_aoe_ringbig.scb	Static mesh, commonly VFX geometry	other skin/shared; see reference graph	f63b31a3da327a4f.bin
fdfa236d19c830e5.tex	.tex	C:\Users\etqdo\Downloads\Clash Braum project\Braum.wad\fdfa236d19c830e5.tex	Braum.wad/fdfa236d19c830e5.tex	21884	f241c289c5e9d60738e184173ba7ec19b506e3c2d57ddd6c31678bd8aa1583ef	5445580080008000010c000156560000	fdfa236d19c830e5	assets/characters/braum/skins/skin51/particles/leona_skin50_q_blend_trailr0.tex	League texture	other skin/shared; see reference graph	7a1193b055eb059a.bin
fe022bf98d63be7c.scb	.scb	C:\Users\etqdo\Downloads\Clash Braum project\Braum.wad\fe022bf98d63be7c.scb	Braum.wad/fe022bf98d63be7c.scb	5578	97651e8c5c7ba6fcc41a3d2de1963cb0e35f16647b532892c339cc76c648f863	723364324d6573680300020000000000	fe022bf98d63be7c	assets/characters/braum/skins/skin24/particles/braum_skin24_q_ice_shards.scb	Static mesh, commonly VFX geometry	other skin/shared; see reference graph	02ab7e4623adf97e.bin;3f6a40609700ee85.bin;88b5dd6dc0e099bd.bin;8cf62c85e1e2e7f9.bin;992d3c62ff62964c.bin;a582cf4ad353f261.bin;b30d6dd1b38ee53c.bin;c5c66176cca69ad3.bin;caacae9cc35f0267.bin;d3dbd3f84a5b8600.bin
fe07a12c5905843f.tex	.tex	C:\Users\etqdo\Downloads\Clash Braum project\Braum.wad\fe07a12c5905843f.tex	Braum.wad/fe07a12c5905843f.tex	87420	b0540ddbf6796e9ac39974c1b42d29536de8304f09c3af148e87efe60c566311	5445580000010001010c00011c1c0000	fe07a12c5905843f	assets/shared/particles/gnar_base_p_distort_normal.tex	League texture	other skin/shared; see reference graph	ac2d2bd054d44f09.bin
fe0e5448bc28a22d.tex	.tex	C:\Users\etqdo\Downloads\Clash Braum project\Braum.wad\fe0e5448bc28a22d.tex	Braum.wad/fe0e5448bc28a22d.tex	10948	de645499879fa3fe62420b2b733ff60fe35a5c867619301c75087ee802db9bb3	5445580080008000010a000141084008	fe0e5448bc28a22d	assets/characters/braum/skins/skin51/particles/braum_skin51_94.tex	League texture	other skin/shared; see reference graph	7a1193b055eb059a.bin
fe234fa7ea019c84.tex	.tex	C:\Users\etqdo\Downloads\Clash Braum project\Braum.wad\fe234fa7ea019c84.tex	Braum.wad/fe234fa7ea019c84.tex	87420	62f4b6cc8a953afb392c1a93a7afc5d3bfa7d7cd59624d1fec54ce7e193fc51f	5445580000010001010c000132320000	fe234fa7ea019c84	assets/characters/braum/skins/skin24/particles/ground_sub_edit.tex	League texture	other skin/shared; see reference graph	3f6a40609700ee85.bin;88b5dd6dc0e099bd.bin;8cf62c85e1e2e7f9.bin;992d3c62ff62964c.bin;a582cf4ad353f261.bin;b30d6dd1b38ee53c.bin;c5c66176cca69ad3.bin;caacae9cc35f0267.bin;d3dbd3f84a5b8600.bin
fe6bc758a91c1180.scb	.scb	C:\Users\etqdo\Downloads\Clash Braum project\Braum.wad\fe6bc758a91c1180.scb	Braum.wad/fe6bc758a91c1180.scb	8952	cf7a08462398f9001b1f48ad2b86d8c12f8f9c33c8106a4f91a39ede12de8968	723364324d6573680300020000000000	fe6bc758a91c1180	assets/characters/braum/skins/skin10/particles/braum_base_p_cooldowntimer.scb	Static mesh, commonly VFX geometry	other skin/shared; see reference graph	b8bd8d39ea1d1810.bin
fe71d896905a4a93.tex	.tex	C:\Users\etqdo\Downloads\Clash Braum project\Braum.wad\fe71d896905a4a93.tex	Braum.wad/fe71d896905a4a93.tex	5500	fb9d5fa21b0a976ae862ebbe170e823ec77c0b1a3c06484d8acd3c47c724cc1f	5445580040004000010c000132320000	fe71d896905a4a93	assets/characters/braum/skins/skin51/particles/braum_skin51_20.tex	League texture	other skin/shared; see reference graph	7a1193b055eb059a.bin
feecc9ed7aeb8ae7.tex	.tex	C:\Users\etqdo\Downloads\Clash Braum project\Braum.wad\feecc9ed7aeb8ae7.tex	Braum.wad/feecc9ed7aeb8ae7.tex	524300	24d0ab34b7c7fc2cfff8fc616559dfcdbe6083d42c2e31b9e92f5ea9e7865026	5445580000040002010c000000000000	feecc9ed7aeb8ae7	assets/characters/braum/hud/textures/reticle_freljordrectangle_base_e_01.tex	League texture	other skin/shared; see reference graph	52d36b20890112f7.bin
fef37c94dd8a63ac.tex	.tex	C:\Users\etqdo\Downloads\Clash Braum project\Braum.wad\fef37c94dd8a63ac.tex	Braum.wad/fef37c94dd8a63ac.tex	43716	97e3ec5ce0c2d3a747d4bcc923747ff3fef220af36d3ce445e51962106d58fab	5445580000010001010a0001507c945b	fef37c94dd8a63ac	assets/characters/braum/skins/skin10/braum_skin10_poro_tx_cm.tex	League texture	other skin/shared; see reference graph	f63b31a3da327a4f.bin
ff9179c8c0135e84.tex	.tex	C:\Users\etqdo\Downloads\Clash Braum project\Braum.wad\ff9179c8c0135e84.tex	Braum.wad/ff9179c8c0135e84.tex	2796228	3c69c76b51fb0762d26a74ad8f838954861128c040d7fda60200829443eb9a5d	5445580000080008010a0001e561a961	ff9179c8c0135e84		League texture	other skin/shared; see reference graph	
ff9b3266cfca2ba6.bin	.bin	C:\Users\etqdo\Downloads\Clash Braum project\Braum.wad\ff9b3266cfca2ba6.bin	Braum.wad/ff9b3266cfca2ba6.bin	188447	6d0f8c97b69d49fd0a81fbb1f020fefcea1a7735ce8d97f2d0bdc26db55b9604	50524f50030000000800000031024441	ff9b3266cfca2ba6	data/characters/braum/skins/skin34.bin	Property configuration and asset links	other skin/shared; see reference graph	
ffb038aa72c18fff.tex	.tex	C:\Users\etqdo\Downloads\Clash Braum project\Braum.wad\ffb038aa72c18fff.tex	Braum.wad/ffb038aa72c18fff.tex	43740	9b99e16c55e3daba1c2e8d123de588aea2f8f2463bcc1ed0b3a09ff9a171b03b	5445580000018000010c000135350000	ffb038aa72c18fff	assets/characters/braum/skins/skin42/particles/braum_skin42_e_shield_fire03.tex	League texture	other skin/shared; see reference graph	ab5fbb4cdcdfb2ef.bin
ffb7b8ec8f48ddf8.tex	.tex	C:\Users\etqdo\Downloads\Clash Braum project\Braum.wad\ffb7b8ec8f48ddf8.tex	Braum.wad/ffb7b8ec8f48ddf8.tex	2796228	aba0d4d6203d1b2282848d470a9f7e65869d80fbbb49148a2b28c3e8644c0a57	5445580000080008010a0001276a4351	ffb7b8ec8f48ddf8		League texture	other skin/shared; see reference graph	
ffe613598e0f8eaa.tex	.tex	C:\Users\etqdo\Downloads\Clash Braum project\Braum.wad\ffe613598e0f8eaa.tex	Braum.wad/ffe613598e0f8eaa.tex	43740	0c9d6866c717037889c5fc3777f10e1a7009edfc6ab525d2556f2a9f987f85ed	5445580080000001010c000129290000	ffe613598e0f8eaa	assets/characters/braum/skins/skin24/particles/braum_skin24_ba_swipe_02.tex	League texture	other skin/shared; see reference graph	02ab7e4623adf97e.bin
